dataset,id,probability
test,0,0.5
test,1,0.5
test,2,0.5
test,3,0.5
test,4,0.5
test,5,0.5
test,6,0.5
test,7,0.5
test,8,0.5
test,9,0.5
test,10,0.5
test,11,0.5
test,12,0.5
test,13,0.5
test,14,0.5
test,15,0.5
test,16,0.5
test,17,0.5
test,18,0.5
test,19,0.5
test,20,0.5
test,21,0.5
test,22,0.5
test,23,0.5
test,24,0.5
test,25,0.5
test,26,0.5
test,27,0.5
test,28,0.5
test,29,0.5
test,30,0.5
test,31,0.5
test,32,0.5
test,33,0.5
test,34,0.5
test,35,0.5
test,36,0.5
test,37,0.5
test,38,0.5
test,39,0.5
test,40,0.5
test,41,0.5
test,42,0.5
test,43,0.5
test,44,0.5
test,45,0.5
test,46,0.5
test,47,0.5
test,48,0.5
test,49,0.5
test,50,0.5
test,51,0.5
test,52,0.5
test,53,0.5
test,54,0.5
test,55,0.5
test,56,0.5
test,57,0.5
test,58,0.5
test,59,0.5
test,60,0.5
test,61,0.5
test,62,0.5
test,63,0.5
test,64,0.5
test,65,0.5
test,66,0.5
test,67,0.5
test,68,0.5
test,69,0.5
test,70,0.5
test,71,0.5
test,72,0.5
test,73,0.5
test,74,0.5
test,75,0.5
test,76,0.5
test,77,0.5
test,78,0.5
test,79,0.5
test,80,0.5
test,81,0.5
test,82,0.5
test,83,0.5
test,84,0.5
test,85,0.5
test,86,0.5
test,87,0.5
test,88,0.5
test,89,0.5
test,90,0.5
test,91,0.5
test,92,0.5
test,93,0.5
test,94,0.5
test,95,0.5
test,96,0.5
test,97,0.5
test,98,0.5
test,99,0.5
test,100,0.5
test,101,0.5
test,102,0.5
test,103,0.5
test,104,0.5
test,105,0.5
test,106,0.5
test,107,0.5
test,108,0.5
test,109,0.5
test,110,0.5
test,111,0.5
test,112,0.5
test,113,0.5
test,114,0.5
test,115,0.5
test,116,0.5
test,117,0.5
test,118,0.5
test,119,0.5
test,120,0.5
test,121,0.5
test,122,0.5
test,123,0.5
test,124,0.5
test,125,0.5
test,126,0.5
test,127,0.5
test,128,0.5
test,129,0.5
test,130,0.5
test,131,0.5
test,132,0.5
test,133,0.5
test,134,0.5
test,135,0.5
test,136,0.5
test,137,0.5
test,138,0.5
test,139,0.5
test,140,0.5
test,141,0.5
test,142,0.5
test,143,0.5
test,144,0.5
test,145,0.5
test,146,0.5
test,147,0.5
test,148,0.5
test,149,0.5
test,150,0.5
test,151,0.5
test,152,0.5
test,153,0.5
test,154,0.5
test,155,0.5
test,156,0.5
test,157,0.5
test,158,0.5
test,159,0.5
test,160,0.5
test,161,0.5
test,162,0.5
test,163,0.5
test,164,0.5
test,165,0.5
test,166,0.5
test,167,0.5
test,168,0.5
test,169,0.5
test,170,0.5
test,171,0.5
test,172,0.5
test,173,0.5
test,174,0.5
test,175,0.5
test,176,0.5
test,177,0.5
test,178,0.5
test,179,0.5
test,180,0.5
test,181,0.5
test,182,0.5
test,183,0.5
test,184,0.5
test,185,0.5
test,186,0.5
test,187,0.5
test,188,0.5
test,189,0.5
test,190,0.5
test,191,0.5
test,192,0.5
test,193,0.5
test,194,0.5
test,195,0.5
test,196,0.5
test,197,0.5
test,198,0.5
test,199,0.5
test,200,0.5
test,201,0.5
test,202,0.5
test,203,0.5
test,204,0.5
test,205,0.5
test,206,0.5
test,207,0.5
test,208,0.5
test,209,0.5
test,210,0.5
test,211,0.5
test,212,0.5
test,213,0.5
test,214,0.5
test,215,0.5
test,216,0.5
test,217,0.5
test,218,0.5
test,219,0.5
test,220,0.5
test,221,0.5
test,222,0.5
test,223,0.5
test,224,0.5
test,225,0.5
test,226,0.5
test,227,0.5
test,228,0.5
test,229,0.5
test,230,0.5
test,231,0.5
test,232,0.5
test,233,0.5
test,234,0.5
test,235,0.5
test,236,0.5
test,237,0.5
test,238,0.5
test,239,0.5
test,240,0.5
test,241,0.5
test,242,0.5
test,243,0.5
test,244,0.5
test,245,0.5
test,246,0.5
test,247,0.5
test,248,0.5
test,249,0.5
test,250,0.5
test,251,0.5
test,252,0.5
test,253,0.5
test,254,0.5
test,255,0.5
test,256,0.5
test,257,0.5
test,258,0.5
test,259,0.5
test,260,0.5
test,261,0.5
test,262,0.5
test,263,0.5
test,264,0.5
test,265,0.5
test,266,0.5
test,267,0.5
test,268,0.5
test,269,0.5
test,270,0.5
test,271,0.5
test,272,0.5
test,273,0.5
test,274,0.5
test,275,0.5
test,276,0.5
test,277,0.5
test,278,0.5
test,279,0.5
test,280,0.5
test,281,0.5
test,282,0.5
test,283,0.5
test,284,0.5
test,285,0.5
test,286,0.5
test,287,0.5
test,288,0.5
test,289,0.5
test,290,0.5
test,291,0.5
test,292,0.5
test,293,0.5
test,294,0.5
test,295,0.5
test,296,0.5
test,297,0.5
test,298,0.5
test,299,0.5
test,300,0.5
test,301,0.5
test,302,0.5
test,303,0.5
test,304,0.5
test,305,0.5
test,306,0.5
test,307,0.5
test,308,0.5
test,309,0.5
test,310,0.5
test,311,0.5
test,312,0.5
test,313,0.5
test,314,0.5
test,315,0.5
test,316,0.5
test,317,0.5
test,318,0.5
test,319,0.5
test,320,0.5
test,321,0.5
test,322,0.5
test,323,0.5
test,324,0.5
test,325,0.5
test,326,0.5
test,327,0.5
test,328,0.5
test,329,0.5
test,330,0.5
test,331,0.5
test,332,0.5
test,333,0.5
test,334,0.5
test,335,0.5
test,336,0.5
test,337,0.5
test,338,0.5
test,339,0.5
test,340,0.5
test,341,0.5
test,342,0.5
test,343,0.5
test,344,0.5
test,345,0.5
test,346,0.5
test,347,0.5
test,348,0.5
test,349,0.5
test,350,0.5
test,351,0.5
test,352,0.5
test,353,0.5
test,354,0.5
test,355,0.5
test,356,0.5
test,357,0.5
test,358,0.5
test,359,0.5
test,360,0.5
test,361,0.5
test,362,0.5
test,363,0.5
test,364,0.5
test,365,0.5
test,366,0.5
test,367,0.5
test,368,0.5
test,369,0.5
test,370,0.5
test,371,0.5
test,372,0.5
test,373,0.5
test,374,0.5
test,375,0.5
test,376,0.5
test,377,0.5
test,378,0.5
test,379,0.5
test,380,0.5
test,381,0.5
test,382,0.5
test,383,0.5
test,384,0.5
test,385,0.5
test,386,0.5
test,387,0.5
test,388,0.5
test,389,0.5
test,390,0.5
test,391,0.5
test,392,0.5
test,393,0.5
test,394,0.5
test,395,0.5
test,396,0.5
test,397,0.5
test,398,0.5
test,399,0.5
test,400,0.5
test,401,0.5
test,402,0.5
test,403,0.5
test,404,0.5
test,405,0.5
test,406,0.5
test,407,0.5
test,408,0.5
test,409,0.5
test,410,0.5
test,411,0.5
test,412,0.5
test,413,0.5
test,414,0.5
test,415,0.5
test,416,0.5
test,417,0.5
test,418,0.5
test,419,0.5
test,420,0.5
test,421,0.5
test,422,0.5
test,423,0.5
test,424,0.5
test,425,0.5
test,426,0.5
test,427,0.5
test,428,0.5
test,429,0.5
test,430,0.5
test,431,0.5
test,432,0.5
test,433,0.5
test,434,0.5
test,435,0.5
test,436,0.5
test,437,0.5
test,438,0.5
test,439,0.5
test,440,0.5
test,441,0.5
test,442,0.5
test,443,0.5
test,444,0.5
test,445,0.5
test,446,0.5
test,447,0.5
test,448,0.5
test,449,0.5
test,450,0.5
test,451,0.5
test,452,0.5
test,453,0.5
test,454,0.5
test,455,0.5
test,456,0.5
test,457,0.5
test,458,0.5
test,459,0.5
test,460,0.5
test,461,0.5
test,462,0.5
test,463,0.5
test,464,0.5
test,465,0.5
test,466,0.5
test,467,0.5
test,468,0.5
test,469,0.5
test,470,0.5
test,471,0.5
test,472,0.5
test,473,0.5
test,474,0.5
test,475,0.5
test,476,0.5
test,477,0.5
test,478,0.5
test,479,0.5
test,480,0.5
test,481,0.5
test,482,0.5
test,483,0.5
test,484,0.5
test,485,0.5
test,486,0.5
test,487,0.5
test,488,0.5
test,489,0.5
test,490,0.5
test,491,0.5
test,492,0.5
test,493,0.5
test,494,0.5
test,495,0.5
test,496,0.5
test,497,0.5
test,498,0.5
test,499,0.5
test,500,0.5
test,501,0.5
test,502,0.5
test,503,0.5
test,504,0.5
test,505,0.5
test,506,0.5
test,507,0.5
test,508,0.5
test,509,0.5
test,510,0.5
test,511,0.5
test,512,0.5
test,513,0.5
test,514,0.5
test,515,0.5
test,516,0.5
test,517,0.5
test,518,0.5
test,519,0.5
test,520,0.5
test,521,0.5
test,522,0.5
test,523,0.5
test,524,0.5
test,525,0.5
test,526,0.5
test,527,0.5
test,528,0.5
test,529,0.5
test,530,0.5
test,531,0.5
test,532,0.5
test,533,0.5
test,534,0.5
test,535,0.5
test,536,0.5
test,537,0.5
test,538,0.5
test,539,0.5
test,540,0.5
test,541,0.5
test,542,0.5
test,543,0.5
test,544,0.5
test,545,0.5
test,546,0.5
test,547,0.5
test,548,0.5
test,549,0.5
test,550,0.5
test,551,0.5
test,552,0.5
test,553,0.5
test,554,0.5
test,555,0.5
test,556,0.5
test,557,0.5
test,558,0.5
test,559,0.5
test,560,0.5
test,561,0.5
test,562,0.5
test,563,0.5
test,564,0.5
test,565,0.5
test,566,0.5
test,567,0.5
test,568,0.5
test,569,0.5
test,570,0.5
test,571,0.5
test,572,0.5
test,573,0.5
test,574,0.5
test,575,0.5
test,576,0.5
test,577,0.5
test,578,0.5
test,579,0.5
test,580,0.5
test,581,0.5
test,582,0.5
test,583,0.5
test,584,0.5
test,585,0.5
test,586,0.5
test,587,0.5
test,588,0.5
test,589,0.5
test,590,0.5
test,591,0.5
test,592,0.5
test,593,0.5
test,594,0.5
test,595,0.5
test,596,0.5
test,597,0.5
test,598,0.5
test,599,0.5
test,600,0.5
test,601,0.5
test,602,0.5
test,603,0.5
test,604,0.5
test,605,0.5
test,606,0.5
test,607,0.5
test,608,0.5
test,609,0.5
test,610,0.5
test,611,0.5
test,612,0.5
test,613,0.5
test,614,0.5
test,615,0.5
test,616,0.5
test,617,0.5
test,618,0.5
test,619,0.5
test,620,0.5
test,621,0.5
test,622,0.5
test,623,0.5
test,624,0.5
test,625,0.5
test,626,0.5
test,627,0.5
test,628,0.5
test,629,0.5
test,630,0.5
test,631,0.5
test,632,0.5
test,633,0.5
test,634,0.5
test,635,0.5
test,636,0.5
test,637,0.5
test,638,0.5
test,639,0.5
test,640,0.5
test,641,0.5
test,642,0.5
test,643,0.5
test,644,0.5
test,645,0.5
test,646,0.5
test,647,0.5
test,648,0.5
test,649,0.5
test,650,0.5
test,651,0.5
test,652,0.5
test,653,0.5
test,654,0.5
test,655,0.5
test,656,0.5
test,657,0.5
test,658,0.5
test,659,0.5
test,660,0.5
test,661,0.5
test,662,0.5
test,663,0.5
test,664,0.5
test,665,0.5
test,666,0.5
test,667,0.5
test,668,0.5
test,669,0.5
test,670,0.5
test,671,0.5
test,672,0.5
test,673,0.5
test,674,0.5
test,675,0.5
test,676,0.5
test,677,0.5
test,678,0.5
test,679,0.5
test,680,0.5
test,681,0.5
test,682,0.5
test,683,0.5
test,684,0.5
test,685,0.5
test,686,0.5
test,687,0.5
test,688,0.5
test,689,0.5
test,690,0.5
test,691,0.5
test,692,0.5
test,693,0.5
test,694,0.5
test,695,0.5
test,696,0.5
test,697,0.5
test,698,0.5
test,699,0.5
test,700,0.5
test,701,0.5
test,702,0.5
test,703,0.5
test,704,0.5
test,705,0.5
test,706,0.5
test,707,0.5
test,708,0.5
test,709,0.5
test,710,0.5
test,711,0.5
test,712,0.5
test,713,0.5
test,714,0.5
test,715,0.5
test,716,0.5
test,717,0.5
test,718,0.5
test,719,0.5
test,720,0.5
test,721,0.5
test,722,0.5
test,723,0.5
test,724,0.5
test,725,0.5
test,726,0.5
test,727,0.5
test,728,0.5
test,729,0.5
test,730,0.5
test,731,0.5
test,732,0.5
test,733,0.5
test,734,0.5
test,735,0.5
test,736,0.5
test,737,0.5
test,738,0.5
test,739,0.5
test,740,0.5
test,741,0.5
test,742,0.5
test,743,0.5
test,744,0.5
test,745,0.5
test,746,0.5
test,747,0.5
test,748,0.5
test,749,0.5
test,750,0.5
test,751,0.5
test,752,0.5
test,753,0.5
test,754,0.5
test,755,0.5
test,756,0.5
test,757,0.5
test,758,0.5
test,759,0.5
test,760,0.5
test,761,0.5
test,762,0.5
test,763,0.5
test,764,0.5
test,765,0.5
test,766,0.5
test,767,0.5
test,768,0.5
test,769,0.5
test,770,0.5
test,771,0.5
test,772,0.5
test,773,0.5
test,774,0.5
test,775,0.5
test,776,0.5
test,777,0.5
test,778,0.5
test,779,0.5
test,780,0.5
test,781,0.5
test,782,0.5
test,783,0.5
test,784,0.5
test,785,0.5
test,786,0.5
test,787,0.5
test,788,0.5
test,789,0.5
test,790,0.5
test,791,0.5
test,792,0.5
test,793,0.5
test,794,0.5
test,795,0.5
test,796,0.5
test,797,0.5
test,798,0.5
test,799,0.5
test,800,0.5
test,801,0.5
test,802,0.5
test,803,0.5
test,804,0.5
test,805,0.5
test,806,0.5
test,807,0.5
test,808,0.5
test,809,0.5
test,810,0.5
test,811,0.5
test,812,0.5
test,813,0.5
test,814,0.5
test,815,0.5
test,816,0.5
test,817,0.5
test,818,0.5
test,819,0.5
test,820,0.5
test,821,0.5
test,822,0.5
test,823,0.5
test,824,0.5
test,825,0.5
test,826,0.5
test,827,0.5
test,828,0.5
test,829,0.5
test,830,0.5
test,831,0.5
test,832,0.5
test,833,0.5
test,834,0.5
test,835,0.5
test,836,0.5
test,837,0.5
test,838,0.5
test,839,0.5
test,840,0.5
test,841,0.5
test,842,0.5
test,843,0.5
test,844,0.5
test,845,0.5
test,846,0.5
test,847,0.5
test,848,0.5
test,849,0.5
test,850,0.5
test,851,0.5
test,852,0.5
test,853,0.5
test,854,0.5
test,855,0.5
test,856,0.5
test,857,0.5
test,858,0.5
test,859,0.5
test,860,0.5
test,861,0.5
test,862,0.5
test,863,0.5
test,864,0.5
test,865,0.5
test,866,0.5
test,867,0.5
test,868,0.5
test,869,0.5
test,870,0.5
test,871,0.5
test,872,0.5
test,873,0.5
test,874,0.5
test,875,0.5
test,876,0.5
test,877,0.5
test,878,0.5
test,879,0.5
test,880,0.5
test,881,0.5
test,882,0.5
test,883,0.5
test,884,0.5
test,885,0.5
test,886,0.5
test,887,0.5
test,888,0.5
test,889,0.5
test,890,0.5
test,891,0.5
test,892,0.5
test,893,0.5
test,894,0.5
test,895,0.5
test,896,0.5
test,897,0.5
test,898,0.5
test,899,0.5
test,900,0.5
test,901,0.5
test,902,0.5
test,903,0.5
test,904,0.5
test,905,0.5
test,906,0.5
test,907,0.5
test,908,0.5
test,909,0.5
test,910,0.5
test,911,0.5
test,912,0.5
test,913,0.5
test,914,0.5
test,915,0.5
test,916,0.5
test,917,0.5
test,918,0.5
test,919,0.5
test,920,0.5
test,921,0.5
test,922,0.5
test,923,0.5
test,924,0.5
test,925,0.5
test,926,0.5
test,927,0.5
test,928,0.5
test,929,0.5
test,930,0.5
test,931,0.5
test,932,0.5
test,933,0.5
test,934,0.5
test,935,0.5
test,936,0.5
test,937,0.5
test,938,0.5
test,939,0.5
test,940,0.5
test,941,0.5
test,942,0.5
test,943,0.5
test,944,0.5
test,945,0.5
test,946,0.5
test,947,0.5
test,948,0.5
test,949,0.5
test,950,0.5
test,951,0.5
test,952,0.5
test,953,0.5
test,954,0.5
test,955,0.5
test,956,0.5
test,957,0.5
test,958,0.5
test,959,0.5
test,960,0.5
test,961,0.5
test,962,0.5
test,963,0.5
test,964,0.5
test,965,0.5
test,966,0.5
test,967,0.5
test,968,0.5
test,969,0.5
test,970,0.5
test,971,0.5
test,972,0.5
test,973,0.5
test,974,0.5
test,975,0.5
test,976,0.5
test,977,0.5
test,978,0.5
test,979,0.5
test,980,0.5
test,981,0.5
test,982,0.5
test,983,0.5
test,984,0.5
test,985,0.5
test,986,0.5
test,987,0.5
test,988,0.5
test,989,0.5
test,990,0.5
test,991,0.5
test,992,0.5
test,993,0.5
test,994,0.5
test,995,0.5
test,996,0.5
test,997,0.5
test,998,0.5
test,999,0.5
grid,0,0.5
grid,1,0.5
grid,2,0.5
grid,3,0.5
grid,4,0.5
grid,5,0.5
grid,6,0.5
grid,7,0.5
grid,8,0.5
grid,9,0.5
grid,10,0.5
grid,11,0.5
grid,12,0.5
grid,13,0.5
grid,14,0.5
grid,15,0.5
grid,16,0.5
grid,17,0.5
grid,18,0.5
grid,19,0.5
grid,20,0.5
grid,21,0.5
grid,22,0.5
grid,23,0.5
grid,24,0.5
grid,25,0.5
grid,26,0.5
grid,27,0.5
grid,28,0.5
grid,29,0.5
grid,30,0.5
grid,31,0.5
grid,32,0.5
grid,33,0.5
grid,34,0.5
grid,35,0.5
grid,36,0.5
grid,37,0.5
grid,38,0.5
grid,39,0.5
grid,40,0.5
grid,41,0.5
grid,42,0.5
grid,43,0.5
grid,44,0.5
grid,45,0.5
grid,46,0.5
grid,47,0.5
grid,48,0.5
grid,49,0.5
grid,50,0.5
grid,51,0.5
grid,52,0.5
grid,53,0.5
grid,54,0.5
grid,55,0.5
grid,56,0.5
grid,57,0.5
grid,58,0.5
grid,59,0.5
grid,60,0.5
grid,61,0.5
grid,62,0.5
grid,63,0.5
grid,64,0.5
grid,65,0.5
grid,66,0.5
grid,67,0.5
grid,68,0.5
grid,69,0.5
grid,70,0.5
grid,71,0.5
grid,72,0.5
grid,73,0.5
grid,74,0.5
grid,75,0.5
grid,76,0.5
grid,77,0.5
grid,78,0.5
grid,79,0.5
grid,80,0.5
grid,81,0.5
grid,82,0.5
grid,83,0.5
grid,84,0.5
grid,85,0.5
grid,86,0.5
grid,87,0.5
grid,88,0.5
grid,89,0.5
grid,90,0.5
grid,91,0.5
grid,92,0.5
grid,93,0.5
grid,94,0.5
grid,95,0.5
grid,96,0.5
grid,97,0.5
grid,98,0.5
grid,99,0.5
grid,100,0.5
grid,101,0.5
grid,102,0.5
grid,103,0.5
grid,104,0.5
grid,105,0.5
grid,106,0.5
grid,107,0.5
grid,108,0.5
grid,109,0.5
grid,110,0.5
grid,111,0.5
grid,112,0.5
grid,113,0.5
grid,114,0.5
grid,115,0.5
grid,116,0.5
grid,117,0.5
grid,118,0.5
grid,119,0.5
grid,120,0.5
grid,121,0.5
grid,122,0.5
grid,123,0.5
grid,124,0.5
grid,125,0.5
grid,126,0.5
grid,127,0.5
grid,128,0.5
grid,129,0.5
grid,130,0.5
grid,131,0.5
grid,132,0.5
grid,133,0.5
grid,134,0.5
grid,135,0.5
grid,136,0.5
grid,137,0.5
grid,138,0.5
grid,139,0.5
grid,140,0.5
grid,141,0.5
grid,142,0.5
grid,143,0.5
grid,144,0.5
grid,145,0.5
grid,146,0.5
grid,147,0.5
grid,148,0.5
grid,149,0.5
grid,150,0.5
grid,151,0.5
grid,152,0.5
grid,153,0.5
grid,154,0.5
grid,155,0.5
grid,156,0.5
grid,157,0.5
grid,158,0.5
grid,159,0.5
grid,160,0.5
grid,161,0.5
grid,162,0.5
grid,163,0.5
grid,164,0.5
grid,165,0.5
grid,166,0.5
grid,167,0.5
grid,168,0.5
grid,169,0.5
grid,170,0.5
grid,171,0.5
grid,172,0.5
grid,173,0.5
grid,174,0.5
grid,175,0.5
grid,176,0.5
grid,177,0.5
grid,178,0.5
grid,179,0.5
grid,180,0.5
grid,181,0.5
grid,182,0.5
grid,183,0.5
grid,184,0.5
grid,185,0.5
grid,186,0.5
grid,187,0.5
grid,188,0.5
grid,189,0.5
grid,190,0.5
grid,191,0.5
grid,192,0.5
grid,193,0.5
grid,194,0.5
grid,195,0.5
grid,196,0.5
grid,197,0.5
grid,198,0.5
grid,199,0.5
grid,200,0.5
grid,201,0.5
grid,202,0.5
grid,203,0.5
grid,204,0.5
grid,205,0.5
grid,206,0.5
grid,207,0.5
grid,208,0.5
grid,209,0.5
grid,210,0.5
grid,211,0.5
grid,212,0.5
grid,213,0.5
grid,214,0.5
grid,215,0.5
grid,216,0.5
grid,217,0.5
grid,218,0.5
grid,219,0.5
grid,220,0.5
grid,221,0.5
grid,222,0.5
grid,223,0.5
grid,224,0.5
grid,225,0.5
grid,226,0.5
grid,227,0.5
grid,228,0.5
grid,229,0.5
grid,230,0.5
grid,231,0.5
grid,232,0.5
grid,233,0.5
grid,234,0.5
grid,235,0.5
grid,236,0.5
grid,237,0.5
grid,238,0.5
grid,239,0.5
grid,240,0.5
grid,241,0.5
grid,242,0.5
grid,243,0.5
grid,244,0.5
grid,245,0.5
grid,246,0.5
grid,247,0.5
grid,248,0.5
grid,249,0.5
grid,250,0.5
grid,251,0.5
grid,252,0.5
grid,253,0.5
grid,254,0.5
grid,255,0.5
grid,256,0.5
grid,257,0.5
grid,258,0.5
grid,259,0.5
grid,260,0.5
grid,261,0.5
grid,262,0.5
grid,263,0.5
grid,264,0.5
grid,265,0.5
grid,266,0.5
grid,267,0.5
grid,268,0.5
grid,269,0.5
grid,270,0.5
grid,271,0.5
grid,272,0.5
grid,273,0.5
grid,274,0.5
grid,275,0.5
grid,276,0.5
grid,277,0.5
grid,278,0.5
grid,279,0.5
grid,280,0.5
grid,281,0.5
grid,282,0.5
grid,283,0.5
grid,284,0.5
grid,285,0.5
grid,286,0.5
grid,287,0.5
grid,288,0.5
grid,289,0.5
grid,290,0.5
grid,291,0.5
grid,292,0.5
grid,293,0.5
grid,294,0.5
grid,295,0.5
grid,296,0.5
grid,297,0.5
grid,298,0.5
grid,299,0.5
grid,300,0.5
grid,301,0.5
grid,302,0.5
grid,303,0.5
grid,304,0.5
grid,305,0.5
grid,306,0.5
grid,307,0.5
grid,308,0.5
grid,309,0.5
grid,310,0.5
grid,311,0.5
grid,312,0.5
grid,313,0.5
grid,314,0.5
grid,315,0.5
grid,316,0.5
grid,317,0.5
grid,318,0.5
grid,319,0.5
grid,320,0.5
grid,321,0.5
grid,322,0.5
grid,323,0.5
grid,324,0.5
grid,325,0.5
grid,326,0.5
grid,327,0.5
grid,328,0.5
grid,329,0.5
grid,330,0.5
grid,331,0.5
grid,332,0.5
grid,333,0.5
grid,334,0.5
grid,335,0.5
grid,336,0.5
grid,337,0.5
grid,338,0.5
grid,339,0.5
grid,340,0.5
grid,341,0.5
grid,342,0.5
grid,343,0.5
grid,344,0.5
grid,345,0.5
grid,346,0.5
grid,347,0.5
grid,348,0.5
grid,349,0.5
grid,350,0.5
grid,351,0.5
grid,352,0.5
grid,353,0.5
grid,354,0.5
grid,355,0.5
grid,356,0.5
grid,357,0.5
grid,358,0.5
grid,359,0.5
grid,360,0.5
grid,361,0.5
grid,362,0.5
grid,363,0.5
grid,364,0.5
grid,365,0.5
grid,366,0.5
grid,367,0.5
grid,368,0.5
grid,369,0.5
grid,370,0.5
grid,371,0.5
grid,372,0.5
grid,373,0.5
grid,374,0.5
grid,375,0.5
grid,376,0.5
grid,377,0.5
grid,378,0.5
grid,379,0.5
grid,380,0.5
grid,381,0.5
grid,382,0.5
grid,383,0.5
grid,384,0.5
grid,385,0.5
grid,386,0.5
grid,387,0.5
grid,388,0.5
grid,389,0.5
grid,390,0.5
grid,391,0.5
grid,392,0.5
grid,393,0.5
grid,394,0.5
grid,395,0.5
grid,396,0.5
grid,397,0.5
grid,398,0.5
grid,399,0.5
grid,400,0.5
grid,401,0.5
grid,402,0.5
grid,403,0.5
grid,404,0.5
grid,405,0.5
grid,406,0.5
grid,407,0.5
grid,408,0.5
grid,409,0.5
grid,410,0.5
grid,411,0.5
grid,412,0.5
grid,413,0.5
grid,414,0.5
grid,415,0.5
grid,416,0.5
grid,417,0.5
grid,418,0.5
grid,419,0.5
grid,420,0.5
grid,421,0.5
grid,422,0.5
grid,423,0.5
grid,424,0.5
grid,425,0.5
grid,426,0.5
grid,427,0.5
grid,428,0.5
grid,429,0.5
grid,430,0.5
grid,431,0.5
grid,432,0.5
grid,433,0.5
grid,434,0.5
grid,435,0.5
grid,436,0.5
grid,437,0.5
grid,438,0.5
grid,439,0.5
grid,440,0.5
grid,441,0.5
grid,442,0.5
grid,443,0.5
grid,444,0.5
grid,445,0.5
grid,446,0.5
grid,447,0.5
grid,448,0.5
grid,449,0.5
grid,450,0.5
grid,451,0.5
grid,452,0.5
grid,453,0.5
grid,454,0.5
grid,455,0.5
grid,456,0.5
grid,457,0.5
grid,458,0.5
grid,459,0.5
grid,460,0.5
grid,461,0.5
grid,462,0.5
grid,463,0.5
grid,464,0.5
grid,465,0.5
grid,466,0.5
grid,467,0.5
grid,468,0.5
grid,469,0.5
grid,470,0.5
grid,471,0.5
grid,472,0.5
grid,473,0.5
grid,474,0.5
grid,475,0.5
grid,476,0.5
grid,477,0.5
grid,478,0.5
grid,479,0.5
grid,480,0.5
grid,481,0.5
grid,482,0.5
grid,483,0.5
grid,484,0.5
grid,485,0.5
grid,486,0.5
grid,487,0.5
grid,488,0.5
grid,489,0.5
grid,490,0.5
grid,491,0.5
grid,492,0.5
grid,493,0.5
grid,494,0.5
grid,495,0.5
grid,496,0.5
grid,497,0.5
grid,498,0.5
grid,499,0.5
grid,500,0.5
grid,501,0.5
grid,502,0.5
grid,503,0.5
grid,504,0.5
grid,505,0.5
grid,506,0.5
grid,507,0.5
grid,508,0.5
grid,509,0.5
grid,510,0.5
grid,511,0.5
grid,512,0.5
grid,513,0.5
grid,514,0.5
grid,515,0.5
grid,516,0.5
grid,517,0.5
grid,518,0.5
grid,519,0.5
grid,520,0.5
grid,521,0.5
grid,522,0.5
grid,523,0.5
grid,524,0.5
grid,525,0.5
grid,526,0.5
grid,527,0.5
grid,528,0.5
grid,529,0.5
grid,530,0.5
grid,531,0.5
grid,532,0.5
grid,533,0.5
grid,534,0.5
grid,535,0.5
grid,536,0.5
grid,537,0.5
grid,538,0.5
grid,539,0.5
grid,540,0.5
grid,541,0.5
grid,542,0.5
grid,543,0.5
grid,544,0.5
grid,545,0.5
grid,546,0.5
grid,547,0.5
grid,548,0.5
grid,549,0.5
grid,550,0.5
grid,551,0.5
grid,552,0.5
grid,553,0.5
grid,554,0.5
grid,555,0.5
grid,556,0.5
grid,557,0.5
grid,558,0.5
grid,559,0.5
grid,560,0.5
grid,561,0.5
grid,562,0.5
grid,563,0.5
grid,564,0.5
grid,565,0.5
grid,566,0.5
grid,567,0.5
grid,568,0.5
grid,569,0.5
grid,570,0.5
grid,571,0.5
grid,572,0.5
grid,573,0.5
grid,574,0.5
grid,575,0.5
grid,576,0.5
grid,577,0.5
grid,578,0.5
grid,579,0.5
grid,580,0.5
grid,581,0.5
grid,582,0.5
grid,583,0.5
grid,584,0.5
grid,585,0.5
grid,586,0.5
grid,587,0.5
grid,588,0.5
grid,589,0.5
grid,590,0.5
grid,591,0.5
grid,592,0.5
grid,593,0.5
grid,594,0.5
grid,595,0.5
grid,596,0.5
grid,597,0.5
grid,598,0.5
grid,599,0.5
grid,600,0.5
grid,601,0.5
grid,602,0.5
grid,603,0.5
grid,604,0.5
grid,605,0.5
grid,606,0.5
grid,607,0.5
grid,608,0.5
grid,609,0.5
grid,610,0.5
grid,611,0.5
grid,612,0.5
grid,613,0.5
grid,614,0.5
grid,615,0.5
grid,616,0.5
grid,617,0.5
grid,618,0.5
grid,619,0.5
grid,620,0.5
grid,621,0.5
grid,622,0.5
grid,623,0.5
grid,624,0.5
grid,625,0.5
grid,626,0.5
grid,627,0.5
grid,628,0.5
grid,629,0.5
grid,630,0.5
grid,631,0.5
grid,632,0.5
grid,633,0.5
grid,634,0.5
grid,635,0.5
grid,636,0.5
grid,637,0.5
grid,638,0.5
grid,639,0.5
grid,640,0.5
grid,641,0.5
grid,642,0.5
grid,643,0.5
grid,644,0.5
grid,645,0.5
grid,646,0.5
grid,647,0.5
grid,648,0.5
grid,649,0.5
grid,650,0.5
grid,651,0.5
grid,652,0.5
grid,653,0.5
grid,654,0.5
grid,655,0.5
grid,656,0.5
grid,657,0.5
grid,658,0.5
grid,659,0.5
grid,660,0.5
grid,661,0.5
grid,662,0.5
grid,663,0.5
grid,664,0.5
grid,665,0.5
grid,666,0.5
grid,667,0.5
grid,668,0.5
grid,669,0.5
grid,670,0.5
grid,671,0.5
grid,672,0.5
grid,673,0.5
grid,674,0.5
grid,675,0.5
grid,676,0.5
grid,677,0.5
grid,678,0.5
grid,679,0.5
grid,680,0.5
grid,681,0.5
grid,682,0.5
grid,683,0.5
grid,684,0.5
grid,685,0.5
grid,686,0.5
grid,687,0.5
grid,688,0.5
grid,689,0.5
grid,690,0.5
grid,691,0.5
grid,692,0.5
grid,693,0.5
grid,694,0.5
grid,695,0.5
grid,696,0.5
grid,697,0.5
grid,698,0.5
grid,699,0.5
grid,700,0.5
grid,701,0.5
grid,702,0.5
grid,703,0.5
grid,704,0.5
grid,705,0.5
grid,706,0.5
grid,707,0.5
grid,708,0.5
grid,709,0.5
grid,710,0.5
grid,711,0.5
grid,712,0.5
grid,713,0.5
grid,714,0.5
grid,715,0.5
grid,716,0.5
grid,717,0.5
grid,718,0.5
grid,719,0.5
grid,720,0.5
grid,721,0.5
grid,722,0.5
grid,723,0.5
grid,724,0.5
grid,725,0.5
grid,726,0.5
grid,727,0.5
grid,728,0.5
grid,729,0.5
grid,730,0.5
grid,731,0.5
grid,732,0.5
grid,733,0.5
grid,734,0.5
grid,735,0.5
grid,736,0.5
grid,737,0.5
grid,738,0.5
grid,739,0.5
grid,740,0.5
grid,741,0.5
grid,742,0.5
grid,743,0.5
grid,744,0.5
grid,745,0.5
grid,746,0.5
grid,747,0.5
grid,748,0.5
grid,749,0.5
grid,750,0.5
grid,751,0.5
grid,752,0.5
grid,753,0.5
grid,754,0.5
grid,755,0.5
grid,756,0.5
grid,757,0.5
grid,758,0.5
grid,759,0.5
grid,760,0.5
grid,761,0.5
grid,762,0.5
grid,763,0.5
grid,764,0.5
grid,765,0.5
grid,766,0.5
grid,767,0.5
grid,768,0.5
grid,769,0.5
grid,770,0.5
grid,771,0.5
grid,772,0.5
grid,773,0.5
grid,774,0.5
grid,775,0.5
grid,776,0.5
grid,777,0.5
grid,778,0.5
grid,779,0.5
grid,780,0.5
grid,781,0.5
grid,782,0.5
grid,783,0.5
grid,784,0.5
grid,785,0.5
grid,786,0.5
grid,787,0.5
grid,788,0.5
grid,789,0.5
grid,790,0.5
grid,791,0.5
grid,792,0.5
grid,793,0.5
grid,794,0.5
grid,795,0.5
grid,796,0.5
grid,797,0.5
grid,798,0.5
grid,799,0.5
grid,800,0.5
grid,801,0.5
grid,802,0.5
grid,803,0.5
grid,804,0.5
grid,805,0.5
grid,806,0.5
grid,807,0.5
grid,808,0.5
grid,809,0.5
grid,810,0.5
grid,811,0.5
grid,812,0.5
grid,813,0.5
grid,814,0.5
grid,815,0.5
grid,816,0.5
grid,817,0.5
grid,818,0.5
grid,819,0.5
grid,820,0.5
grid,821,0.5
grid,822,0.5
grid,823,0.5
grid,824,0.5
grid,825,0.5
grid,826,0.5
grid,827,0.5
grid,828,0.5
grid,829,0.5
grid,830,0.5
grid,831,0.5
grid,832,0.5
grid,833,0.5
grid,834,0.5
grid,835,0.5
grid,836,0.5
grid,837,0.5
grid,838,0.5
grid,839,0.5
grid,840,0.5
grid,841,0.5
grid,842,0.5
grid,843,0.5
grid,844,0.5
grid,845,0.5
grid,846,0.5
grid,847,0.5
grid,848,0.5
grid,849,0.5
grid,850,0.5
grid,851,0.5
grid,852,0.5
grid,853,0.5
grid,854,0.5
grid,855,0.5
grid,856,0.5
grid,857,0.5
grid,858,0.5
grid,859,0.5
grid,860,0.5
grid,861,0.5
grid,862,0.5
grid,863,0.5
grid,864,0.5
grid,865,0.5
grid,866,0.5
grid,867,0.5
grid,868,0.5
grid,869,0.5
grid,870,0.5
grid,871,0.5
grid,872,0.5
grid,873,0.5
grid,874,0.5
grid,875,0.5
grid,876,0.5
grid,877,0.5
grid,878,0.5
grid,879,0.5
grid,880,0.5
grid,881,0.5
grid,882,0.5
grid,883,0.5
grid,884,0.5
grid,885,0.5
grid,886,0.5
grid,887,0.5
grid,888,0.5
grid,889,0.5
grid,890,0.5
grid,891,0.5
grid,892,0.5
grid,893,0.5
grid,894,0.5
grid,895,0.5
grid,896,0.5
grid,897,0.5
grid,898,0.5
grid,899,0.5
grid,900,0.5
grid,901,0.5
grid,902,0.5
grid,903,0.5
grid,904,0.5
grid,905,0.5
grid,906,0.5
grid,907,0.5
grid,908,0.5
grid,909,0.5
grid,910,0.5
grid,911,0.5
grid,912,0.5
grid,913,0.5
grid,914,0.5
grid,915,0.5
grid,916,0.5
grid,917,0.5
grid,918,0.5
grid,919,0.5
grid,920,0.5
grid,921,0.5
grid,922,0.5
grid,923,0.5
grid,924,0.5
grid,925,0.5
grid,926,0.5
grid,927,0.5
grid,928,0.5
grid,929,0.5
grid,930,0.5
grid,931,0.5
grid,932,0.5
grid,933,0.5
grid,934,0.5
grid,935,0.5
grid,936,0.5
grid,937,0.5
grid,938,0.5
grid,939,0.5
grid,940,0.5
grid,941,0.5
grid,942,0.5
grid,943,0.5
grid,944,0.5
grid,945,0.5
grid,946,0.5
grid,947,0.5
grid,948,0.5
grid,949,0.5
grid,950,0.5
grid,951,0.5
grid,952,0.5
grid,953,0.5
grid,954,0.5
grid,955,0.5
grid,956,0.5
grid,957,0.5
grid,958,0.5
grid,959,0.5
grid,960,0.5
grid,961,0.5
grid,962,0.5
grid,963,0.5
grid,964,0.5
grid,965,0.5
grid,966,0.5
grid,967,0.5
grid,968,0.5
grid,969,0.5
grid,970,0.5
grid,971,0.5
grid,972,0.5
grid,973,0.5
grid,974,0.5
grid,975,0.5
grid,976,0.5
grid,977,0.5
grid,978,0.5
grid,979,0.5
grid,980,0.5
grid,981,0.5
grid,982,0.5
grid,983,0.5
grid,984,0.5
grid,985,0.5
grid,986,0.5
grid,987,0.5
grid,988,0.5
grid,989,0.5
grid,990,0.5
grid,991,0.5
grid,992,0.5
grid,993,0.5
grid,994,0.5
grid,995,0.5
grid,996,0.5
grid,997,0.5
grid,998,0.5
grid,999,0.5
grid,1000,0.5
grid,1001,0.5
grid,1002,0.5
grid,1003,0.5
grid,1004,0.5
grid,1005,0.5
grid,1006,0.5
grid,1007,0.5
grid,1008,0.5
grid,1009,0.5
grid,1010,0.5
grid,1011,0.5
grid,1012,0.5
grid,1013,0.5
grid,1014,0.5
grid,1015,0.5
grid,1016,0.5
grid,1017,0.5
grid,1018,0.5
grid,1019,0.5
grid,1020,0.5
grid,1021,0.5
grid,1022,0.5
grid,1023,0.5
grid,1024,0.5
grid,1025,0.5
grid,1026,0.5
grid,1027,0.5
grid,1028,0.5
grid,1029,0.5
grid,1030,0.5
grid,1031,0.5
grid,1032,0.5
grid,1033,0.5
grid,1034,0.5
grid,1035,0.5
grid,1036,0.5
grid,1037,0.5
grid,1038,0.5
grid,1039,0.5
grid,1040,0.5
grid,1041,0.5
grid,1042,0.5
grid,1043,0.5
grid,1044,0.5
grid,1045,0.5
grid,1046,0.5
grid,1047,0.5
grid,1048,0.5
grid,1049,0.5
grid,1050,0.5
grid,1051,0.5
grid,1052,0.5
grid,1053,0.5
grid,1054,0.5
grid,1055,0.5
grid,1056,0.5
grid,1057,0.5
grid,1058,0.5
grid,1059,0.5
grid,1060,0.5
grid,1061,0.5
grid,1062,0.5
grid,1063,0.5
grid,1064,0.5
grid,1065,0.5
grid,1066,0.5
grid,1067,0.5
grid,1068,0.5
grid,1069,0.5
grid,1070,0.5
grid,1071,0.5
grid,1072,0.5
grid,1073,0.5
grid,1074,0.5
grid,1075,0.5
grid,1076,0.5
grid,1077,0.5
grid,1078,0.5
grid,1079,0.5
grid,1080,0.5
grid,1081,0.5
grid,1082,0.5
grid,1083,0.5
grid,1084,0.5
grid,1085,0.5
grid,1086,0.5
grid,1087,0.5
grid,1088,0.5
grid,1089,0.5
grid,1090,0.5
grid,1091,0.5
grid,1092,0.5
grid,1093,0.5
grid,1094,0.5
grid,1095,0.5
grid,1096,0.5
grid,1097,0.5
grid,1098,0.5
grid,1099,0.5
grid,1100,0.5
grid,1101,0.5
grid,1102,0.5
grid,1103,0.5
grid,1104,0.5
grid,1105,0.5
grid,1106,0.5
grid,1107,0.5
grid,1108,0.5
grid,1109,0.5
grid,1110,0.5
grid,1111,0.5
grid,1112,0.5
grid,1113,0.5
grid,1114,0.5
grid,1115,0.5
grid,1116,0.5
grid,1117,0.5
grid,1118,0.5
grid,1119,0.5
grid,1120,0.5
grid,1121,0.5
grid,1122,0.5
grid,1123,0.5
grid,1124,0.5
grid,1125,0.5
grid,1126,0.5
grid,1127,0.5
grid,1128,0.5
grid,1129,0.5
grid,1130,0.5
grid,1131,0.5
grid,1132,0.5
grid,1133,0.5
grid,1134,0.5
grid,1135,0.5
grid,1136,0.5
grid,1137,0.5
grid,1138,0.5
grid,1139,0.5
grid,1140,0.5
grid,1141,0.5
grid,1142,0.5
grid,1143,0.5
grid,1144,0.5
grid,1145,0.5
grid,1146,0.5
grid,1147,0.5
grid,1148,0.5
grid,1149,0.5
grid,1150,0.5
grid,1151,0.5
grid,1152,0.5
grid,1153,0.5
grid,1154,0.5
grid,1155,0.5
grid,1156,0.5
grid,1157,0.5
grid,1158,0.5
grid,1159,0.5
grid,1160,0.5
grid,1161,0.5
grid,1162,0.5
grid,1163,0.5
grid,1164,0.5
grid,1165,0.5
grid,1166,0.5
grid,1167,0.5
grid,1168,0.5
grid,1169,0.5
grid,1170,0.5
grid,1171,0.5
grid,1172,0.5
grid,1173,0.5
grid,1174,0.5
grid,1175,0.5
grid,1176,0.5
grid,1177,0.5
grid,1178,0.5
grid,1179,0.5
grid,1180,0.5
grid,1181,0.5
grid,1182,0.5
grid,1183,0.5
grid,1184,0.5
grid,1185,0.5
grid,1186,0.5
grid,1187,0.5
grid,1188,0.5
grid,1189,0.5
grid,1190,0.5
grid,1191,0.5
grid,1192,0.5
grid,1193,0.5
grid,1194,0.5
grid,1195,0.5
grid,1196,0.5
grid,1197,0.5
grid,1198,0.5
grid,1199,0.5
grid,1200,0.5
grid,1201,0.5
grid,1202,0.5
grid,1203,0.5
grid,1204,0.5
grid,1205,0.5
grid,1206,0.5
grid,1207,0.5
grid,1208,0.5
grid,1209,0.5
grid,1210,0.5
grid,1211,0.5
grid,1212,0.5
grid,1213,0.5
grid,1214,0.5
grid,1215,0.5
grid,1216,0.5
grid,1217,0.5
grid,1218,0.5
grid,1219,0.5
grid,1220,0.5
grid,1221,0.5
grid,1222,0.5
grid,1223,0.5
grid,1224,0.5
grid,1225,0.5
grid,1226,0.5
grid,1227,0.5
grid,1228,0.5
grid,1229,0.5
grid,1230,0.5
grid,1231,0.5
grid,1232,0.5
grid,1233,0.5
grid,1234,0.5
grid,1235,0.5
grid,1236,0.5
grid,1237,0.5
grid,1238,0.5
grid,1239,0.5
grid,1240,0.5
grid,1241,0.5
grid,1242,0.5
grid,1243,0.5
grid,1244,0.5
grid,1245,0.5
grid,1246,0.5
grid,1247,0.5
grid,1248,0.5
grid,1249,0.5
grid,1250,0.5
grid,1251,0.5
grid,1252,0.5
grid,1253,0.5
grid,1254,0.5
grid,1255,0.5
grid,1256,0.5
grid,1257,0.5
grid,1258,0.5
grid,1259,0.5
grid,1260,0.5
grid,1261,0.5
grid,1262,0.5
grid,1263,0.5
grid,1264,0.5
grid,1265,0.5
grid,1266,0.5
grid,1267,0.5
grid,1268,0.5
grid,1269,0.5
grid,1270,0.5
grid,1271,0.5
grid,1272,0.5
grid,1273,0.5
grid,1274,0.5
grid,1275,0.5
grid,1276,0.5
grid,1277,0.5
grid,1278,0.5
grid,1279,0.5
grid,1280,0.5
grid,1281,0.5
grid,1282,0.5
grid,1283,0.5
grid,1284,0.5
grid,1285,0.5
grid,1286,0.5
grid,1287,0.5
grid,1288,0.5
grid,1289,0.5
grid,1290,0.5
grid,1291,0.5
grid,1292,0.5
grid,1293,0.5
grid,1294,0.5
grid,1295,0.5
grid,1296,0.5
grid,1297,0.5
grid,1298,0.5
grid,1299,0.5
grid,1300,0.5
grid,1301,0.5
grid,1302,0.5
grid,1303,0.5
grid,1304,0.5
grid,1305,0.5
grid,1306,0.5
grid,1307,0.5
grid,1308,0.5
grid,1309,0.5
grid,1310,0.5
grid,1311,0.5
grid,1312,0.5
grid,1313,0.5
grid,1314,0.5
grid,1315,0.5
grid,1316,0.5
grid,1317,0.5
grid,1318,0.5
grid,1319,0.5
grid,1320,0.5
grid,1321,0.5
grid,1322,0.5
grid,1323,0.5
grid,1324,0.5
grid,1325,0.5
grid,1326,0.5
grid,1327,0.5
grid,1328,0.5
grid,1329,0.5
grid,1330,0.5
grid,1331,0.5
grid,1332,0.5
grid,1333,0.5
grid,1334,0.5
grid,1335,0.5
grid,1336,0.5
grid,1337,0.5
grid,1338,0.5
grid,1339,0.5
grid,1340,0.5
grid,1341,0.5
grid,1342,0.5
grid,1343,0.5
grid,1344,0.5
grid,1345,0.5
grid,1346,0.5
grid,1347,0.5
grid,1348,0.5
grid,1349,0.5
grid,1350,0.5
grid,1351,0.5
grid,1352,0.5
grid,1353,0.5
grid,1354,0.5
grid,1355,0.5
grid,1356,0.5
grid,1357,0.5
grid,1358,0.5
grid,1359,0.5
grid,1360,0.5
grid,1361,0.5
grid,1362,0.5
grid,1363,0.5
grid,1364,0.5
grid,1365,0.5
grid,1366,0.5
grid,1367,0.5
grid,1368,0.5
grid,1369,0.5
grid,1370,0.5
grid,1371,0.5
grid,1372,0.5
grid,1373,0.5
grid,1374,0.5
grid,1375,0.5
grid,1376,0.5
grid,1377,0.5
grid,1378,0.5
grid,1379,0.5
grid,1380,0.5
grid,1381,0.5
grid,1382,0.5
grid,1383,0.5
grid,1384,0.5
grid,1385,0.5
grid,1386,0.5
grid,1387,0.5
grid,1388,0.5
grid,1389,0.5
grid,1390,0.5
grid,1391,0.5
grid,1392,0.5
grid,1393,0.5
grid,1394,0.5
grid,1395,0.5
grid,1396,0.5
grid,1397,0.5
grid,1398,0.5
grid,1399,0.5
grid,1400,0.5
grid,1401,0.5
grid,1402,0.5
grid,1403,0.5
grid,1404,0.5
grid,1405,0.5
grid,1406,0.5
grid,1407,0.5
grid,1408,0.5
grid,1409,0.5
grid,1410,0.5
grid,1411,0.5
grid,1412,0.5
grid,1413,0.5
grid,1414,0.5
grid,1415,0.5
grid,1416,0.5
grid,1417,0.5
grid,1418,0.5
grid,1419,0.5
grid,1420,0.5
grid,1421,0.5
grid,1422,0.5
grid,1423,0.5
grid,1424,0.5
grid,1425,0.5
grid,1426,0.5
grid,1427,0.5
grid,1428,0.5
grid,1429,0.5
grid,1430,0.5
grid,1431,0.5
grid,1432,0.5
grid,1433,0.5
grid,1434,0.5
grid,1435,0.5
grid,1436,0.5
grid,1437,0.5
grid,1438,0.5
grid,1439,0.5
grid,1440,0.5
grid,1441,0.5
grid,1442,0.5
grid,1443,0.5
grid,1444,0.5
grid,1445,0.5
grid,1446,0.5
grid,1447,0.5
grid,1448,0.5
grid,1449,0.5
grid,1450,0.5
grid,1451,0.5
grid,1452,0.5
grid,1453,0.5
grid,1454,0.5
grid,1455,0.5
grid,1456,0.5
grid,1457,0.5
grid,1458,0.5
grid,1459,0.5
grid,1460,0.5
grid,1461,0.5
grid,1462,0.5
grid,1463,0.5
grid,1464,0.5
grid,1465,0.5
grid,1466,0.5
grid,1467,0.5
grid,1468,0.5
grid,1469,0.5
grid,1470,0.5
grid,1471,0.5
grid,1472,0.5
grid,1473,0.5
grid,1474,0.5
grid,1475,0.5
grid,1476,0.5
grid,1477,0.5
grid,1478,0.5
grid,1479,0.5
grid,1480,0.5
grid,1481,0.5
grid,1482,0.5
grid,1483,0.5
grid,1484,0.5
grid,1485,0.5
grid,1486,0.5
grid,1487,0.5
grid,1488,0.5
grid,1489,0.5
grid,1490,0.5
grid,1491,0.5
grid,1492,0.5
grid,1493,0.5
grid,1494,0.5
grid,1495,0.5
grid,1496,0.5
grid,1497,0.5
grid,1498,0.5
grid,1499,0.5
grid,1500,0.5
grid,1501,0.5
grid,1502,0.5
grid,1503,0.5
grid,1504,0.5
grid,1505,0.5
grid,1506,0.5
grid,1507,0.5
grid,1508,0.5
grid,1509,0.5
grid,1510,0.5
grid,1511,0.5
grid,1512,0.5
grid,1513,0.5
grid,1514,0.5
grid,1515,0.5
grid,1516,0.5
grid,1517,0.5
grid,1518,0.5
grid,1519,0.5
grid,1520,0.5
grid,1521,0.5
grid,1522,0.5
grid,1523,0.5
grid,1524,0.5
grid,1525,0.5
grid,1526,0.5
grid,1527,0.5
grid,1528,0.5
grid,1529,0.5
grid,1530,0.5
grid,1531,0.5
grid,1532,0.5
grid,1533,0.5
grid,1534,0.5
grid,1535,0.5
grid,1536,0.5
grid,1537,0.5
grid,1538,0.5
grid,1539,0.5
grid,1540,0.5
grid,1541,0.5
grid,1542,0.5
grid,1543,0.5
grid,1544,0.5
grid,1545,0.5
grid,1546,0.5
grid,1547,0.5
grid,1548,0.5
grid,1549,0.5
grid,1550,0.5
grid,1551,0.5
grid,1552,0.5
grid,1553,0.5
grid,1554,0.5
grid,1555,0.5
grid,1556,0.5
grid,1557,0.5
grid,1558,0.5
grid,1559,0.5
grid,1560,0.5
grid,1561,0.5
grid,1562,0.5
grid,1563,0.5
grid,1564,0.5
grid,1565,0.5
grid,1566,0.5
grid,1567,0.5
grid,1568,0.5
grid,1569,0.5
grid,1570,0.5
grid,1571,0.5
grid,1572,0.5
grid,1573,0.5
grid,1574,0.5
grid,1575,0.5
grid,1576,0.5
grid,1577,0.5
grid,1578,0.5
grid,1579,0.5
grid,1580,0.5
grid,1581,0.5
grid,1582,0.5
grid,1583,0.5
grid,1584,0.5
grid,1585,0.5
grid,1586,0.5
grid,1587,0.5
grid,1588,0.5
grid,1589,0.5
grid,1590,0.5
grid,1591,0.5
grid,1592,0.5
grid,1593,0.5
grid,1594,0.5
grid,1595,0.5
grid,1596,0.5
grid,1597,0.5
grid,1598,0.5
grid,1599,0.5
grid,1600,0.5
grid,1601,0.5
grid,1602,0.5
grid,1603,0.5
grid,1604,0.5
grid,1605,0.5
grid,1606,0.5
grid,1607,0.5
grid,1608,0.5
grid,1609,0.5
grid,1610,0.5
grid,1611,0.5
grid,1612,0.5
grid,1613,0.5
grid,1614,0.5
grid,1615,0.5
grid,1616,0.5
grid,1617,0.5
grid,1618,0.5
grid,1619,0.5
grid,1620,0.5
grid,1621,0.5
grid,1622,0.5
grid,1623,0.5
grid,1624,0.5
grid,1625,0.5
grid,1626,0.5
grid,1627,0.5
grid,1628,0.5
grid,1629,0.5
grid,1630,0.5
grid,1631,0.5
grid,1632,0.5
grid,1633,0.5
grid,1634,0.5
grid,1635,0.5
grid,1636,0.5
grid,1637,0.5
grid,1638,0.5
grid,1639,0.5
grid,1640,0.5
grid,1641,0.5
grid,1642,0.5
grid,1643,0.5
grid,1644,0.5
grid,1645,0.5
grid,1646,0.5
grid,1647,0.5
grid,1648,0.5
grid,1649,0.5
grid,1650,0.5
grid,1651,0.5
grid,1652,0.5
grid,1653,0.5
grid,1654,0.5
grid,1655,0.5
grid,1656,0.5
grid,1657,0.5
grid,1658,0.5
grid,1659,0.5
grid,1660,0.5
grid,1661,0.5
grid,1662,0.5
grid,1663,0.5
grid,1664,0.5
grid,1665,0.5
grid,1666,0.5
grid,1667,0.5
grid,1668,0.5
grid,1669,0.5
grid,1670,0.5
grid,1671,0.5
grid,1672,0.5
grid,1673,0.5
grid,1674,0.5
grid,1675,0.5
grid,1676,0.5
grid,1677,0.5
grid,1678,0.5
grid,1679,0.5
grid,1680,0.5
grid,1681,0.5
grid,1682,0.5
grid,1683,0.5
grid,1684,0.5
grid,1685,0.5
grid,1686,0.5
grid,1687,0.5
grid,1688,0.5
grid,1689,0.5
grid,1690,0.5
grid,1691,0.5
grid,1692,0.5
grid,1693,0.5
grid,1694,0.5
grid,1695,0.5
grid,1696,0.5
grid,1697,0.5
grid,1698,0.5
grid,1699,0.5
grid,1700,0.5
grid,1701,0.5
grid,1702,0.5
grid,1703,0.5
grid,1704,0.5
grid,1705,0.5
grid,1706,0.5
grid,1707,0.5
grid,1708,0.5
grid,1709,0.5
grid,1710,0.5
grid,1711,0.5
grid,1712,0.5
grid,1713,0.5
grid,1714,0.5
grid,1715,0.5
grid,1716,0.5
grid,1717,0.5
grid,1718,0.5
grid,1719,0.5
grid,1720,0.5
grid,1721,0.5
grid,1722,0.5
grid,1723,0.5
grid,1724,0.5
grid,1725,0.5
grid,1726,0.5
grid,1727,0.5
grid,1728,0.5
grid,1729,0.5
grid,1730,0.5
grid,1731,0.5
grid,1732,0.5
grid,1733,0.5
grid,1734,0.5
grid,1735,0.5
grid,1736,0.5
grid,1737,0.5
grid,1738,0.5
grid,1739,0.5
grid,1740,0.5
grid,1741,0.5
grid,1742,0.5
grid,1743,0.5
grid,1744,0.5
grid,1745,0.5
grid,1746,0.5
grid,1747,0.5
grid,1748,0.5
grid,1749,0.5
grid,1750,0.5
grid,1751,0.5
grid,1752,0.5
grid,1753,0.5
grid,1754,0.5
grid,1755,0.5
grid,1756,0.5
grid,1757,0.5
grid,1758,0.5
grid,1759,0.5
grid,1760,0.5
grid,1761,0.5
grid,1762,0.5
grid,1763,0.5
grid,1764,0.5
grid,1765,0.5
grid,1766,0.5
grid,1767,0.5
grid,1768,0.5
grid,1769,0.5
grid,1770,0.5
grid,1771,0.5
grid,1772,0.5
grid,1773,0.5
grid,1774,0.5
grid,1775,0.5
grid,1776,0.5
grid,1777,0.5
grid,1778,0.5
grid,1779,0.5
grid,1780,0.5
grid,1781,0.5
grid,1782,0.5
grid,1783,0.5
grid,1784,0.5
grid,1785,0.5
grid,1786,0.5
grid,1787,0.5
grid,1788,0.5
grid,1789,0.5
grid,1790,0.5
grid,1791,0.5
grid,1792,0.5
grid,1793,0.5
grid,1794,0.5
grid,1795,0.5
grid,1796,0.5
grid,1797,0.5
grid,1798,0.5
grid,1799,0.5
grid,1800,0.5
grid,1801,0.5
grid,1802,0.5
grid,1803,0.5
grid,1804,0.5
grid,1805,0.5
grid,1806,0.5
grid,1807,0.5
grid,1808,0.5
grid,1809,0.5
grid,1810,0.5
grid,1811,0.5
grid,1812,0.5
grid,1813,0.5
grid,1814,0.5
grid,1815,0.5
grid,1816,0.5
grid,1817,0.5
grid,1818,0.5
grid,1819,0.5
grid,1820,0.5
grid,1821,0.5
grid,1822,0.5
grid,1823,0.5
grid,1824,0.5
grid,1825,0.5
grid,1826,0.5
grid,1827,0.5
grid,1828,0.5
grid,1829,0.5
grid,1830,0.5
grid,1831,0.5
grid,1832,0.5
grid,1833,0.5
grid,1834,0.5
grid,1835,0.5
grid,1836,0.5
grid,1837,0.5
grid,1838,0.5
grid,1839,0.5
grid,1840,0.5
grid,1841,0.5
grid,1842,0.5
grid,1843,0.5
grid,1844,0.5
grid,1845,0.5
grid,1846,0.5
grid,1847,0.5
grid,1848,0.5
grid,1849,0.5
grid,1850,0.5
grid,1851,0.5
grid,1852,0.5
grid,1853,0.5
grid,1854,0.5
grid,1855,0.5
grid,1856,0.5
grid,1857,0.5
grid,1858,0.5
grid,1859,0.5
grid,1860,0.5
grid,1861,0.5
grid,1862,0.5
grid,1863,0.5
grid,1864,0.5
grid,1865,0.5
grid,1866,0.5
grid,1867,0.5
grid,1868,0.5
grid,1869,0.5
grid,1870,0.5
grid,1871,0.5
grid,1872,0.5
grid,1873,0.5
grid,1874,0.5
grid,1875,0.5
grid,1876,0.5
grid,1877,0.5
grid,1878,0.5
grid,1879,0.5
grid,1880,0.5
grid,1881,0.5
grid,1882,0.5
grid,1883,0.5
grid,1884,0.5
grid,1885,0.5
grid,1886,0.5
grid,1887,0.5
grid,1888,0.5
grid,1889,0.5
grid,1890,0.5
grid,1891,0.5
grid,1892,0.5
grid,1893,0.5
grid,1894,0.5
grid,1895,0.5
grid,1896,0.5
grid,1897,0.5
grid,1898,0.5
grid,1899,0.5
grid,1900,0.5
grid,1901,0.5
grid,1902,0.5
grid,1903,0.5
grid,1904,0.5
grid,1905,0.5
grid,1906,0.5
grid,1907,0.5
grid,1908,0.5
grid,1909,0.5
grid,1910,0.5
grid,1911,0.5
grid,1912,0.5
grid,1913,0.5
grid,1914,0.5
grid,1915,0.5
grid,1916,0.5
grid,1917,0.5
grid,1918,0.5
grid,1919,0.5
grid,1920,0.5
grid,1921,0.5
grid,1922,0.5
grid,1923,0.5
grid,1924,0.5
grid,1925,0.5
grid,1926,0.5
grid,1927,0.5
grid,1928,0.5
grid,1929,0.5
grid,1930,0.5
grid,1931,0.5
grid,1932,0.5
grid,1933,0.5
grid,1934,0.5
grid,1935,0.5
grid,1936,0.5
grid,1937,0.5
grid,1938,0.5
grid,1939,0.5
grid,1940,0.5
grid,1941,0.5
grid,1942,0.5
grid,1943,0.5
grid,1944,0.5
grid,1945,0.5
grid,1946,0.5
grid,1947,0.5
grid,1948,0.5
grid,1949,0.5
grid,1950,0.5
grid,1951,0.5
grid,1952,0.5
grid,1953,0.5
grid,1954,0.5
grid,1955,0.5
grid,1956,0.5
grid,1957,0.5
grid,1958,0.5
grid,1959,0.5
grid,1960,0.5
grid,1961,0.5
grid,1962,0.5
grid,1963,0.5
grid,1964,0.5
grid,1965,0.5
grid,1966,0.5
grid,1967,0.5
grid,1968,0.5
grid,1969,0.5
grid,1970,0.5
grid,1971,0.5
grid,1972,0.5
grid,1973,0.5
grid,1974,0.5
grid,1975,0.5
grid,1976,0.5
grid,1977,0.5
grid,1978,0.5
grid,1979,0.5
grid,1980,0.5
grid,1981,0.5
grid,1982,0.5
grid,1983,0.5
grid,1984,0.5
grid,1985,0.5
grid,1986,0.5
grid,1987,0.5
grid,1988,0.5
grid,1989,0.5
grid,1990,0.5
grid,1991,0.5
grid,1992,0.5
grid,1993,0.5
grid,1994,0.5
grid,1995,0.5
grid,1996,0.5
grid,1997,0.5
grid,1998,0.5
grid,1999,0.5
grid,2000,0.5
grid,2001,0.5
grid,2002,0.5
grid,2003,0.5
grid,2004,0.5
grid,2005,0.5
grid,2006,0.5
grid,2007,0.5
grid,2008,0.5
grid,2009,0.5
grid,2010,0.5
grid,2011,0.5
grid,2012,0.5
grid,2013,0.5
grid,2014,0.5
grid,2015,0.5
grid,2016,0.5
grid,2017,0.5
grid,2018,0.5
grid,2019,0.5
grid,2020,0.5
grid,2021,0.5
grid,2022,0.5
grid,2023,0.5
grid,2024,0.5
grid,2025,0.5
grid,2026,0.5
grid,2027,0.5
grid,2028,0.5
grid,2029,0.5
grid,2030,0.5
grid,2031,0.5
grid,2032,0.5
grid,2033,0.5
grid,2034,0.5
grid,2035,0.5
grid,2036,0.5
grid,2037,0.5
grid,2038,0.5
grid,2039,0.5
grid,2040,0.5
grid,2041,0.5
grid,2042,0.5
grid,2043,0.5
grid,2044,0.5
grid,2045,0.5
grid,2046,0.5
grid,2047,0.5
grid,2048,0.5
grid,2049,0.5
grid,2050,0.5
grid,2051,0.5
grid,2052,0.5
grid,2053,0.5
grid,2054,0.5
grid,2055,0.5
grid,2056,0.5
grid,2057,0.5
grid,2058,0.5
grid,2059,0.5
grid,2060,0.5
grid,2061,0.5
grid,2062,0.5
grid,2063,0.5
grid,2064,0.5
grid,2065,0.5
grid,2066,0.5
grid,2067,0.5
grid,2068,0.5
grid,2069,0.5
grid,2070,0.5
grid,2071,0.5
grid,2072,0.5
grid,2073,0.5
grid,2074,0.5
grid,2075,0.5
grid,2076,0.5
grid,2077,0.5
grid,2078,0.5
grid,2079,0.5
grid,2080,0.5
grid,2081,0.5
grid,2082,0.5
grid,2083,0.5
grid,2084,0.5
grid,2085,0.5
grid,2086,0.5
grid,2087,0.5
grid,2088,0.5
grid,2089,0.5
grid,2090,0.5
grid,2091,0.5
grid,2092,0.5
grid,2093,0.5
grid,2094,0.5
grid,2095,0.5
grid,2096,0.5
grid,2097,0.5
grid,2098,0.5
grid,2099,0.5
grid,2100,0.5
grid,2101,0.5
grid,2102,0.5
grid,2103,0.5
grid,2104,0.5
grid,2105,0.5
grid,2106,0.5
grid,2107,0.5
grid,2108,0.5
grid,2109,0.5
grid,2110,0.5
grid,2111,0.5
grid,2112,0.5
grid,2113,0.5
grid,2114,0.5
grid,2115,0.5
grid,2116,0.5
grid,2117,0.5
grid,2118,0.5
grid,2119,0.5
grid,2120,0.5
grid,2121,0.5
grid,2122,0.5
grid,2123,0.5
grid,2124,0.5
grid,2125,0.5
grid,2126,0.5
grid,2127,0.5
grid,2128,0.5
grid,2129,0.5
grid,2130,0.5
grid,2131,0.5
grid,2132,0.5
grid,2133,0.5
grid,2134,0.5
grid,2135,0.5
grid,2136,0.5
grid,2137,0.5
grid,2138,0.5
grid,2139,0.5
grid,2140,0.5
grid,2141,0.5
grid,2142,0.5
grid,2143,0.5
grid,2144,0.5
grid,2145,0.5
grid,2146,0.5
grid,2147,0.5
grid,2148,0.5
grid,2149,0.5
grid,2150,0.5
grid,2151,0.5
grid,2152,0.5
grid,2153,0.5
grid,2154,0.5
grid,2155,0.5
grid,2156,0.5
grid,2157,0.5
grid,2158,0.5
grid,2159,0.5
grid,2160,0.5
grid,2161,0.5
grid,2162,0.5
grid,2163,0.5
grid,2164,0.5
grid,2165,0.5
grid,2166,0.5
grid,2167,0.5
grid,2168,0.5
grid,2169,0.5
grid,2170,0.5
grid,2171,0.5
grid,2172,0.5
grid,2173,0.5
grid,2174,0.5
grid,2175,0.5
grid,2176,0.5
grid,2177,0.5
grid,2178,0.5
grid,2179,0.5
grid,2180,0.5
grid,2181,0.5
grid,2182,0.5
grid,2183,0.5
grid,2184,0.5
grid,2185,0.5
grid,2186,0.5
grid,2187,0.5
grid,2188,0.5
grid,2189,0.5
grid,2190,0.5
grid,2191,0.5
grid,2192,0.5
grid,2193,0.5
grid,2194,0.5
grid,2195,0.5
grid,2196,0.5
grid,2197,0.5
grid,2198,0.5
grid,2199,0.5
grid,2200,0.5
grid,2201,0.5
grid,2202,0.5
grid,2203,0.5
grid,2204,0.5
grid,2205,0.5
grid,2206,0.5
grid,2207,0.5
grid,2208,0.5
grid,2209,0.5
grid,2210,0.5
grid,2211,0.5
grid,2212,0.5
grid,2213,0.5
grid,2214,0.5
grid,2215,0.5
grid,2216,0.5
grid,2217,0.5
grid,2218,0.5
grid,2219,0.5
grid,2220,0.5
grid,2221,0.5
grid,2222,0.5
grid,2223,0.5
grid,2224,0.5
grid,2225,0.5
grid,2226,0.5
grid,2227,0.5
grid,2228,0.5
grid,2229,0.5
grid,2230,0.5
grid,2231,0.5
grid,2232,0.5
grid,2233,0.5
grid,2234,0.5
grid,2235,0.5
grid,2236,0.5
grid,2237,0.5
grid,2238,0.5
grid,2239,0.5
grid,2240,0.5
grid,2241,0.5
grid,2242,0.5
grid,2243,0.5
grid,2244,0.5
grid,2245,0.5
grid,2246,0.5
grid,2247,0.5
grid,2248,0.5
grid,2249,0.5
grid,2250,0.5
grid,2251,0.5
grid,2252,0.5
grid,2253,0.5
grid,2254,0.5
grid,2255,0.5
grid,2256,0.5
grid,2257,0.5
grid,2258,0.5
grid,2259,0.5
grid,2260,0.5
grid,2261,0.5
grid,2262,0.5
grid,2263,0.5
grid,2264,0.5
grid,2265,0.5
grid,2266,0.5
grid,2267,0.5
grid,2268,0.5
grid,2269,0.5
grid,2270,0.5
grid,2271,0.5
grid,2272,0.5
grid,2273,0.5
grid,2274,0.5
grid,2275,0.5
grid,2276,0.5
grid,2277,0.5
grid,2278,0.5
grid,2279,0.5
grid,2280,0.5
grid,2281,0.5
grid,2282,0.5
grid,2283,0.5
grid,2284,0.5
grid,2285,0.5
grid,2286,0.5
grid,2287,0.5
grid,2288,0.5
grid,2289,0.5
grid,2290,0.5
grid,2291,0.5
grid,2292,0.5
grid,2293,0.5
grid,2294,0.5
grid,2295,0.5
grid,2296,0.5
grid,2297,0.5
grid,2298,0.5
grid,2299,0.5
grid,2300,0.5
grid,2301,0.5
grid,2302,0.5
grid,2303,0.5
grid,2304,0.5
grid,2305,0.5
grid,2306,0.5
grid,2307,0.5
grid,2308,0.5
grid,2309,0.5
grid,2310,0.5
grid,2311,0.5
grid,2312,0.5
grid,2313,0.5
grid,2314,0.5
grid,2315,0.5
grid,2316,0.5
grid,2317,0.5
grid,2318,0.5
grid,2319,0.5
grid,2320,0.5
grid,2321,0.5
grid,2322,0.5
grid,2323,0.5
grid,2324,0.5
grid,2325,0.5
grid,2326,0.5
grid,2327,0.5
grid,2328,0.5
grid,2329,0.5
grid,2330,0.5
grid,2331,0.5
grid,2332,0.5
grid,2333,0.5
grid,2334,0.5
grid,2335,0.5
grid,2336,0.5
grid,2337,0.5
grid,2338,0.5
grid,2339,0.5
grid,2340,0.5
grid,2341,0.5
grid,2342,0.5
grid,2343,0.5
grid,2344,0.5
grid,2345,0.5
grid,2346,0.5
grid,2347,0.5
grid,2348,0.5
grid,2349,0.5
grid,2350,0.5
grid,2351,0.5
grid,2352,0.5
grid,2353,0.5
grid,2354,0.5
grid,2355,0.5
grid,2356,0.5
grid,2357,0.5
grid,2358,0.5
grid,2359,0.5
grid,2360,0.5
grid,2361,0.5
grid,2362,0.5
grid,2363,0.5
grid,2364,0.5
grid,2365,0.5
grid,2366,0.5
grid,2367,0.5
grid,2368,0.5
grid,2369,0.5
grid,2370,0.5
grid,2371,0.5
grid,2372,0.5
grid,2373,0.5
grid,2374,0.5
grid,2375,0.5
grid,2376,0.5
grid,2377,0.5
grid,2378,0.5
grid,2379,0.5
grid,2380,0.5
grid,2381,0.5
grid,2382,0.5
grid,2383,0.5
grid,2384,0.5
grid,2385,0.5
grid,2386,0.5
grid,2387,0.5
grid,2388,0.5
grid,2389,0.5
grid,2390,0.5
grid,2391,0.5
grid,2392,0.5
grid,2393,0.5
grid,2394,0.5
grid,2395,0.5
grid,2396,0.5
grid,2397,0.5
grid,2398,0.5
grid,2399,0.5
grid,2400,0.5
grid,2401,0.5
grid,2402,0.5
grid,2403,0.5
grid,2404,0.5
grid,2405,0.5
grid,2406,0.5
grid,2407,0.5
grid,2408,0.5
grid,2409,0.5
grid,2410,0.5
grid,2411,0.5
grid,2412,0.5
grid,2413,0.5
grid,2414,0.5
grid,2415,0.5
grid,2416,0.5
grid,2417,0.5
grid,2418,0.5
grid,2419,0.5
grid,2420,0.5
grid,2421,0.5
grid,2422,0.5
grid,2423,0.5
grid,2424,0.5
grid,2425,0.5
grid,2426,0.5
grid,2427,0.5
grid,2428,0.5
grid,2429,0.5
grid,2430,0.5
grid,2431,0.5
grid,2432,0.5
grid,2433,0.5
grid,2434,0.5
grid,2435,0.5
grid,2436,0.5
grid,2437,0.5
grid,2438,0.5
grid,2439,0.5
grid,2440,0.5
grid,2441,0.5
grid,2442,0.5
grid,2443,0.5
grid,2444,0.5
grid,2445,0.5
grid,2446,0.5
grid,2447,0.5
grid,2448,0.5
grid,2449,0.5
grid,2450,0.5
grid,2451,0.5
grid,2452,0.5
grid,2453,0.5
grid,2454,0.5
grid,2455,0.5
grid,2456,0.5
grid,2457,0.5
grid,2458,0.5
grid,2459,0.5
grid,2460,0.5
grid,2461,0.5
grid,2462,0.5
grid,2463,0.5
grid,2464,0.5
grid,2465,0.5
grid,2466,0.5
grid,2467,0.5
grid,2468,0.5
grid,2469,0.5
grid,2470,0.5
grid,2471,0.5
grid,2472,0.5
grid,2473,0.5
grid,2474,0.5
grid,2475,0.5
grid,2476,0.5
grid,2477,0.5
grid,2478,0.5
grid,2479,0.5
grid,2480,0.5
grid,2481,0.5
grid,2482,0.5
grid,2483,0.5
grid,2484,0.5
grid,2485,0.5
grid,2486,0.5
grid,2487,0.5
grid,2488,0.5
grid,2489,0.5
grid,2490,0.5
grid,2491,0.5
grid,2492,0.5
grid,2493,0.5
grid,2494,0.5
grid,2495,0.5
grid,2496,0.5
grid,2497,0.5
grid,2498,0.5
grid,2499,0.5
grid,2500,0.5
grid,2501,0.5
grid,2502,0.5
grid,2503,0.5
grid,2504,0.5
grid,2505,0.5
grid,2506,0.5
grid,2507,0.5
grid,2508,0.5
grid,2509,0.5
grid,2510,0.5
grid,2511,0.5
grid,2512,0.5
grid,2513,0.5
grid,2514,0.5
grid,2515,0.5
grid,2516,0.5
grid,2517,0.5
grid,2518,0.5
grid,2519,0.5
grid,2520,0.5
grid,2521,0.5
grid,2522,0.5
grid,2523,0.5
grid,2524,0.5
grid,2525,0.5
grid,2526,0.5
grid,2527,0.5
grid,2528,0.5
grid,2529,0.5
grid,2530,0.5
grid,2531,0.5
grid,2532,0.5
grid,2533,0.5
grid,2534,0.5
grid,2535,0.5
grid,2536,0.5
grid,2537,0.5
grid,2538,0.5
grid,2539,0.5
grid,2540,0.5
grid,2541,0.5
grid,2542,0.5
grid,2543,0.5
grid,2544,0.5
grid,2545,0.5
grid,2546,0.5
grid,2547,0.5
grid,2548,0.5
grid,2549,0.5
grid,2550,0.5
grid,2551,0.5
grid,2552,0.5
grid,2553,0.5
grid,2554,0.5
grid,2555,0.5
grid,2556,0.5
grid,2557,0.5
grid,2558,0.5
grid,2559,0.5
grid,2560,0.5
grid,2561,0.5
grid,2562,0.5
grid,2563,0.5
grid,2564,0.5
grid,2565,0.5
grid,2566,0.5
grid,2567,0.5
grid,2568,0.5
grid,2569,0.5
grid,2570,0.5
grid,2571,0.5
grid,2572,0.5
grid,2573,0.5
grid,2574,0.5
grid,2575,0.5
grid,2576,0.5
grid,2577,0.5
grid,2578,0.5
grid,2579,0.5
grid,2580,0.5
grid,2581,0.5
grid,2582,0.5
grid,2583,0.5
grid,2584,0.5
grid,2585,0.5
grid,2586,0.5
grid,2587,0.5
grid,2588,0.5
grid,2589,0.5
grid,2590,0.5
grid,2591,0.5
grid,2592,0.5
grid,2593,0.5
grid,2594,0.5
grid,2595,0.5
grid,2596,0.5
grid,2597,0.5
grid,2598,0.5
grid,2599,0.5
grid,2600,0.5
grid,2601,0.5
grid,2602,0.5
grid,2603,0.5
grid,2604,0.5
grid,2605,0.5
grid,2606,0.5
grid,2607,0.5
grid,2608,0.5
grid,2609,0.5
grid,2610,0.5
grid,2611,0.5
grid,2612,0.5
grid,2613,0.5
grid,2614,0.5
grid,2615,0.5
grid,2616,0.5
grid,2617,0.5
grid,2618,0.5
grid,2619,0.5
grid,2620,0.5
grid,2621,0.5
grid,2622,0.5
grid,2623,0.5
grid,2624,0.5
grid,2625,0.5
grid,2626,0.5
grid,2627,0.5
grid,2628,0.5
grid,2629,0.5
grid,2630,0.5
grid,2631,0.5
grid,2632,0.5
grid,2633,0.5
grid,2634,0.5
grid,2635,0.5
grid,2636,0.5
grid,2637,0.5
grid,2638,0.5
grid,2639,0.5
grid,2640,0.5
grid,2641,0.5
grid,2642,0.5
grid,2643,0.5
grid,2644,0.5
grid,2645,0.5
grid,2646,0.5
grid,2647,0.5
grid,2648,0.5
grid,2649,0.5
grid,2650,0.5
grid,2651,0.5
grid,2652,0.5
grid,2653,0.5
grid,2654,0.5
grid,2655,0.5
grid,2656,0.5
grid,2657,0.5
grid,2658,0.5
grid,2659,0.5
grid,2660,0.5
grid,2661,0.5
grid,2662,0.5
grid,2663,0.5
grid,2664,0.5
grid,2665,0.5
grid,2666,0.5
grid,2667,0.5
grid,2668,0.5
grid,2669,0.5
grid,2670,0.5
grid,2671,0.5
grid,2672,0.5
grid,2673,0.5
grid,2674,0.5
grid,2675,0.5
grid,2676,0.5
grid,2677,0.5
grid,2678,0.5
grid,2679,0.5
grid,2680,0.5
grid,2681,0.5
grid,2682,0.5
grid,2683,0.5
grid,2684,0.5
grid,2685,0.5
grid,2686,0.5
grid,2687,0.5
grid,2688,0.5
grid,2689,0.5
grid,2690,0.5
grid,2691,0.5
grid,2692,0.5
grid,2693,0.5
grid,2694,0.5
grid,2695,0.5
grid,2696,0.5
grid,2697,0.5
grid,2698,0.5
grid,2699,0.5
grid,2700,0.5
grid,2701,0.5
grid,2702,0.5
grid,2703,0.5
grid,2704,0.5
grid,2705,0.5
grid,2706,0.5
grid,2707,0.5
grid,2708,0.5
grid,2709,0.5
grid,2710,0.5
grid,2711,0.5
grid,2712,0.5
grid,2713,0.5
grid,2714,0.5
grid,2715,0.5
grid,2716,0.5
grid,2717,0.5
grid,2718,0.5
grid,2719,0.5
grid,2720,0.5
grid,2721,0.5
grid,2722,0.5
grid,2723,0.5
grid,2724,0.5
grid,2725,0.5
grid,2726,0.5
grid,2727,0.5
grid,2728,0.5
grid,2729,0.5
grid,2730,0.5
grid,2731,0.5
grid,2732,0.5
grid,2733,0.5
grid,2734,0.5
grid,2735,0.5
grid,2736,0.5
grid,2737,0.5
grid,2738,0.5
grid,2739,0.5
grid,2740,0.5
grid,2741,0.5
grid,2742,0.5
grid,2743,0.5
grid,2744,0.5
grid,2745,0.5
grid,2746,0.5
grid,2747,0.5
grid,2748,0.5
grid,2749,0.5
grid,2750,0.5
grid,2751,0.5
grid,2752,0.5
grid,2753,0.5
grid,2754,0.5
grid,2755,0.5
grid,2756,0.5
grid,2757,0.5
grid,2758,0.5
grid,2759,0.5
grid,2760,0.5
grid,2761,0.5
grid,2762,0.5
grid,2763,0.5
grid,2764,0.5
grid,2765,0.5
grid,2766,0.5
grid,2767,0.5
grid,2768,0.5
grid,2769,0.5
grid,2770,0.5
grid,2771,0.5
grid,2772,0.5
grid,2773,0.5
grid,2774,0.5
grid,2775,0.5
grid,2776,0.5
grid,2777,0.5
grid,2778,0.5
grid,2779,0.5
grid,2780,0.5
grid,2781,0.5
grid,2782,0.5
grid,2783,0.5
grid,2784,0.5
grid,2785,0.5
grid,2786,0.5
grid,2787,0.5
grid,2788,0.5
grid,2789,0.5
grid,2790,0.5
grid,2791,0.5
grid,2792,0.5
grid,2793,0.5
grid,2794,0.5
grid,2795,0.5
grid,2796,0.5
grid,2797,0.5
grid,2798,0.5
grid,2799,0.5
grid,2800,0.5
grid,2801,0.5
grid,2802,0.5
grid,2803,0.5
grid,2804,0.5
grid,2805,0.5
grid,2806,0.5
grid,2807,0.5
grid,2808,0.5
grid,2809,0.5
grid,2810,0.5
grid,2811,0.5
grid,2812,0.5
grid,2813,0.5
grid,2814,0.5
grid,2815,0.5
grid,2816,0.5
grid,2817,0.5
grid,2818,0.5
grid,2819,0.5
grid,2820,0.5
grid,2821,0.5
grid,2822,0.5
grid,2823,0.5
grid,2824,0.5
grid,2825,0.5
grid,2826,0.5
grid,2827,0.5
grid,2828,0.5
grid,2829,0.5
grid,2830,0.5
grid,2831,0.5
grid,2832,0.5
grid,2833,0.5
grid,2834,0.5
grid,2835,0.5
grid,2836,0.5
grid,2837,0.5
grid,2838,0.5
grid,2839,0.5
grid,2840,0.5
grid,2841,0.5
grid,2842,0.5
grid,2843,0.5
grid,2844,0.5
grid,2845,0.5
grid,2846,0.5
grid,2847,0.5
grid,2848,0.5
grid,2849,0.5
grid,2850,0.5
grid,2851,0.5
grid,2852,0.5
grid,2853,0.5
grid,2854,0.5
grid,2855,0.5
grid,2856,0.5
grid,2857,0.5
grid,2858,0.5
grid,2859,0.5
grid,2860,0.5
grid,2861,0.5
grid,2862,0.5
grid,2863,0.5
grid,2864,0.5
grid,2865,0.5
grid,2866,0.5
grid,2867,0.5
grid,2868,0.5
grid,2869,0.5
grid,2870,0.5
grid,2871,0.5
grid,2872,0.5
grid,2873,0.5
grid,2874,0.5
grid,2875,0.5
grid,2876,0.5
grid,2877,0.5
grid,2878,0.5
grid,2879,0.5
grid,2880,0.5
grid,2881,0.5
grid,2882,0.5
grid,2883,0.5
grid,2884,0.5
grid,2885,0.5
grid,2886,0.5
grid,2887,0.5
grid,2888,0.5
grid,2889,0.5
grid,2890,0.5
grid,2891,0.5
grid,2892,0.5
grid,2893,0.5
grid,2894,0.5
grid,2895,0.5
grid,2896,0.5
grid,2897,0.5
grid,2898,0.5
grid,2899,0.5
grid,2900,0.5
grid,2901,0.5
grid,2902,0.5
grid,2903,0.5
grid,2904,0.5
grid,2905,0.5
grid,2906,0.5
grid,2907,0.5
grid,2908,0.5
grid,2909,0.5
grid,2910,0.5
grid,2911,0.5
grid,2912,0.5
grid,2913,0.5
grid,2914,0.5
grid,2915,0.5
grid,2916,0.5
grid,2917,0.5
grid,2918,0.5
grid,2919,0.5
grid,2920,0.5
grid,2921,0.5
grid,2922,0.5
grid,2923,0.5
grid,2924,0.5
grid,2925,0.5
grid,2926,0.5
grid,2927,0.5
grid,2928,0.5
grid,2929,0.5
grid,2930,0.5
grid,2931,0.5
grid,2932,0.5
grid,2933,0.5
grid,2934,0.5
grid,2935,0.5
grid,2936,0.5
grid,2937,0.5
grid,2938,0.5
grid,2939,0.5
grid,2940,0.5
grid,2941,0.5
grid,2942,0.5
grid,2943,0.5
grid,2944,0.5
grid,2945,0.5
grid,2946,0.5
grid,2947,0.5
grid,2948,0.5
grid,2949,0.5
grid,2950,0.5
grid,2951,0.5
grid,2952,0.5
grid,2953,0.5
grid,2954,0.5
grid,2955,0.5
grid,2956,0.5
grid,2957,0.5
grid,2958,0.5
grid,2959,0.5
grid,2960,0.5
grid,2961,0.5
grid,2962,0.5
grid,2963,0.5
grid,2964,0.5
grid,2965,0.5
grid,2966,0.5
grid,2967,0.5
grid,2968,0.5
grid,2969,0.5
grid,2970,0.5
grid,2971,0.5
grid,2972,0.5
grid,2973,0.5
grid,2974,0.5
grid,2975,0.5
grid,2976,0.5
grid,2977,0.5
grid,2978,0.5
grid,2979,0.5
grid,2980,0.5
grid,2981,0.5
grid,2982,0.5
grid,2983,0.5
grid,2984,0.5
grid,2985,0.5
grid,2986,0.5
grid,2987,0.5
grid,2988,0.5
grid,2989,0.5
grid,2990,0.5
grid,2991,0.5
grid,2992,0.5
grid,2993,0.5
grid,2994,0.5
grid,2995,0.5
grid,2996,0.5
grid,2997,0.5
grid,2998,0.5
grid,2999,0.5
grid,3000,0.5
grid,3001,0.5
grid,3002,0.5
grid,3003,0.5
grid,3004,0.5
grid,3005,0.5
grid,3006,0.5
grid,3007,0.5
grid,3008,0.5
grid,3009,0.5
grid,3010,0.5
grid,3011,0.5
grid,3012,0.5
grid,3013,0.5
grid,3014,0.5
grid,3015,0.5
grid,3016,0.5
grid,3017,0.5
grid,3018,0.5
grid,3019,0.5
grid,3020,0.5
grid,3021,0.5
grid,3022,0.5
grid,3023,0.5
grid,3024,0.5
grid,3025,0.5
grid,3026,0.5
grid,3027,0.5
grid,3028,0.5
grid,3029,0.5
grid,3030,0.5
grid,3031,0.5
grid,3032,0.5
grid,3033,0.5
grid,3034,0.5
grid,3035,0.5
grid,3036,0.5
grid,3037,0.5
grid,3038,0.5
grid,3039,0.5
grid,3040,0.5
grid,3041,0.5
grid,3042,0.5
grid,3043,0.5
grid,3044,0.5
grid,3045,0.5
grid,3046,0.5
grid,3047,0.5
grid,3048,0.5
grid,3049,0.5
grid,3050,0.5
grid,3051,0.5
grid,3052,0.5
grid,3053,0.5
grid,3054,0.5
grid,3055,0.5
grid,3056,0.5
grid,3057,0.5
grid,3058,0.5
grid,3059,0.5
grid,3060,0.5
grid,3061,0.5
grid,3062,0.5
grid,3063,0.5
grid,3064,0.5
grid,3065,0.5
grid,3066,0.5
grid,3067,0.5
grid,3068,0.5
grid,3069,0.5
grid,3070,0.5
grid,3071,0.5
grid,3072,0.5
grid,3073,0.5
grid,3074,0.5
grid,3075,0.5
grid,3076,0.5
grid,3077,0.5
grid,3078,0.5
grid,3079,0.5
grid,3080,0.5
grid,3081,0.5
grid,3082,0.5
grid,3083,0.5
grid,3084,0.5
grid,3085,0.5
grid,3086,0.5
grid,3087,0.5
grid,3088,0.5
grid,3089,0.5
grid,3090,0.5
grid,3091,0.5
grid,3092,0.5
grid,3093,0.5
grid,3094,0.5
grid,3095,0.5
grid,3096,0.5
grid,3097,0.5
grid,3098,0.5
grid,3099,0.5
grid,3100,0.5
grid,3101,0.5
grid,3102,0.5
grid,3103,0.5
grid,3104,0.5
grid,3105,0.5
grid,3106,0.5
grid,3107,0.5
grid,3108,0.5
grid,3109,0.5
grid,3110,0.5
grid,3111,0.5
grid,3112,0.5
grid,3113,0.5
grid,3114,0.5
grid,3115,0.5
grid,3116,0.5
grid,3117,0.5
grid,3118,0.5
grid,3119,0.5
grid,3120,0.5
grid,3121,0.5
grid,3122,0.5
grid,3123,0.5
grid,3124,0.5
grid,3125,0.5
grid,3126,0.5
grid,3127,0.5
grid,3128,0.5
grid,3129,0.5
grid,3130,0.5
grid,3131,0.5
grid,3132,0.5
grid,3133,0.5
grid,3134,0.5
grid,3135,0.5
grid,3136,0.5
grid,3137,0.5
grid,3138,0.5
grid,3139,0.5
grid,3140,0.5
grid,3141,0.5
grid,3142,0.5
grid,3143,0.5
grid,3144,0.5
grid,3145,0.5
grid,3146,0.5
grid,3147,0.5
grid,3148,0.5
grid,3149,0.5
grid,3150,0.5
grid,3151,0.5
grid,3152,0.5
grid,3153,0.5
grid,3154,0.5
grid,3155,0.5
grid,3156,0.5
grid,3157,0.5
grid,3158,0.5
grid,3159,0.5
grid,3160,0.5
grid,3161,0.5
grid,3162,0.5
grid,3163,0.5
grid,3164,0.5
grid,3165,0.5
grid,3166,0.5
grid,3167,0.5
grid,3168,0.5
grid,3169,0.5
grid,3170,0.5
grid,3171,0.5
grid,3172,0.5
grid,3173,0.5
grid,3174,0.5
grid,3175,0.5
grid,3176,0.5
grid,3177,0.5
grid,3178,0.5
grid,3179,0.5
grid,3180,0.5
grid,3181,0.5
grid,3182,0.5
grid,3183,0.5
grid,3184,0.5
grid,3185,0.5
grid,3186,0.5
grid,3187,0.5
grid,3188,0.5
grid,3189,0.5
grid,3190,0.5
grid,3191,0.5
grid,3192,0.5
grid,3193,0.5
grid,3194,0.5
grid,3195,0.5
grid,3196,0.5
grid,3197,0.5
grid,3198,0.5
grid,3199,0.5
grid,3200,0.5
grid,3201,0.5
grid,3202,0.5
grid,3203,0.5
grid,3204,0.5
grid,3205,0.5
grid,3206,0.5
grid,3207,0.5
grid,3208,0.5
grid,3209,0.5
grid,3210,0.5
grid,3211,0.5
grid,3212,0.5
grid,3213,0.5
grid,3214,0.5
grid,3215,0.5
grid,3216,0.5
grid,3217,0.5
grid,3218,0.5
grid,3219,0.5
grid,3220,0.5
grid,3221,0.5
grid,3222,0.5
grid,3223,0.5
grid,3224,0.5
grid,3225,0.5
grid,3226,0.5
grid,3227,0.5
grid,3228,0.5
grid,3229,0.5
grid,3230,0.5
grid,3231,0.5
grid,3232,0.5
grid,3233,0.5
grid,3234,0.5
grid,3235,0.5
grid,3236,0.5
grid,3237,0.5
grid,3238,0.5
grid,3239,0.5
grid,3240,0.5
grid,3241,0.5
grid,3242,0.5
grid,3243,0.5
grid,3244,0.5
grid,3245,0.5
grid,3246,0.5
grid,3247,0.5
grid,3248,0.5
grid,3249,0.5
grid,3250,0.5
grid,3251,0.5
grid,3252,0.5
grid,3253,0.5
grid,3254,0.5
grid,3255,0.5
grid,3256,0.5
grid,3257,0.5
grid,3258,0.5
grid,3259,0.5
grid,3260,0.5
grid,3261,0.5
grid,3262,0.5
grid,3263,0.5
grid,3264,0.5
grid,3265,0.5
grid,3266,0.5
grid,3267,0.5
grid,3268,0.5
grid,3269,0.5
grid,3270,0.5
grid,3271,0.5
grid,3272,0.5
grid,3273,0.5
grid,3274,0.5
grid,3275,0.5
grid,3276,0.5
grid,3277,0.5
grid,3278,0.5
grid,3279,0.5
grid,3280,0.5
grid,3281,0.5
grid,3282,0.5
grid,3283,0.5
grid,3284,0.5
grid,3285,0.5
grid,3286,0.5
grid,3287,0.5
grid,3288,0.5
grid,3289,0.5
grid,3290,0.5
grid,3291,0.5
grid,3292,0.5
grid,3293,0.5
grid,3294,0.5
grid,3295,0.5
grid,3296,0.5
grid,3297,0.5
grid,3298,0.5
grid,3299,0.5
grid,3300,0.5
grid,3301,0.5
grid,3302,0.5
grid,3303,0.5
grid,3304,0.5
grid,3305,0.5
grid,3306,0.5
grid,3307,0.5
grid,3308,0.5
grid,3309,0.5
grid,3310,0.5
grid,3311,0.5
grid,3312,0.5
grid,3313,0.5
grid,3314,0.5
grid,3315,0.5
grid,3316,0.5
grid,3317,0.5
grid,3318,0.5
grid,3319,0.5
grid,3320,0.5
grid,3321,0.5
grid,3322,0.5
grid,3323,0.5
grid,3324,0.5
grid,3325,0.5
grid,3326,0.5
grid,3327,0.5
grid,3328,0.5
grid,3329,0.5
grid,3330,0.5
grid,3331,0.5
grid,3332,0.5
grid,3333,0.5
grid,3334,0.5
grid,3335,0.5
grid,3336,0.5
grid,3337,0.5
grid,3338,0.5
grid,3339,0.5
grid,3340,0.5
grid,3341,0.5
grid,3342,0.5
grid,3343,0.5
grid,3344,0.5
grid,3345,0.5
grid,3346,0.5
grid,3347,0.5
grid,3348,0.5
grid,3349,0.5
grid,3350,0.5
grid,3351,0.5
grid,3352,0.5
grid,3353,0.5
grid,3354,0.5
grid,3355,0.5
grid,3356,0.5
grid,3357,0.5
grid,3358,0.5
grid,3359,0.5
grid,3360,0.5
grid,3361,0.5
grid,3362,0.5
grid,3363,0.5
grid,3364,0.5
grid,3365,0.5
grid,3366,0.5
grid,3367,0.5
grid,3368,0.5
grid,3369,0.5
grid,3370,0.5
grid,3371,0.5
grid,3372,0.5
grid,3373,0.5
grid,3374,0.5
grid,3375,0.5
grid,3376,0.5
grid,3377,0.5
grid,3378,0.5
grid,3379,0.5
grid,3380,0.5
grid,3381,0.5
grid,3382,0.5
grid,3383,0.5
grid,3384,0.5
grid,3385,0.5
grid,3386,0.5
grid,3387,0.5
grid,3388,0.5
grid,3389,0.5
grid,3390,0.5
grid,3391,0.5
grid,3392,0.5
grid,3393,0.5
grid,3394,0.5
grid,3395,0.5
grid,3396,0.5
grid,3397,0.5
grid,3398,0.5
grid,3399,0.5
grid,3400,0.5
grid,3401,0.5
grid,3402,0.5
grid,3403,0.5
grid,3404,0.5
grid,3405,0.5
grid,3406,0.5
grid,3407,0.5
grid,3408,0.5
grid,3409,0.5
grid,3410,0.5
grid,3411,0.5
grid,3412,0.5
grid,3413,0.5
grid,3414,0.5
grid,3415,0.5
grid,3416,0.5
grid,3417,0.5
grid,3418,0.5
grid,3419,0.5
grid,3420,0.5
grid,3421,0.5
grid,3422,0.5
grid,3423,0.5
grid,3424,0.5
grid,3425,0.5
grid,3426,0.5
grid,3427,0.5
grid,3428,0.5
grid,3429,0.5
grid,3430,0.5
grid,3431,0.5
grid,3432,0.5
grid,3433,0.5
grid,3434,0.5
grid,3435,0.5
grid,3436,0.5
grid,3437,0.5
grid,3438,0.5
grid,3439,0.5
grid,3440,0.5
grid,3441,0.5
grid,3442,0.5
grid,3443,0.5
grid,3444,0.5
grid,3445,0.5
grid,3446,0.5
grid,3447,0.5
grid,3448,0.5
grid,3449,0.5
grid,3450,0.5
grid,3451,0.5
grid,3452,0.5
grid,3453,0.5
grid,3454,0.5
grid,3455,0.5
grid,3456,0.5
grid,3457,0.5
grid,3458,0.5
grid,3459,0.5
grid,3460,0.5
grid,3461,0.5
grid,3462,0.5
grid,3463,0.5
grid,3464,0.5
grid,3465,0.5
grid,3466,0.5
grid,3467,0.5
grid,3468,0.5
grid,3469,0.5
grid,3470,0.5
grid,3471,0.5
grid,3472,0.5
grid,3473,0.5
grid,3474,0.5
grid,3475,0.5
grid,3476,0.5
grid,3477,0.5
grid,3478,0.5
grid,3479,0.5
grid,3480,0.5
grid,3481,0.5
grid,3482,0.5
grid,3483,0.5
grid,3484,0.5
grid,3485,0.5
grid,3486,0.5
grid,3487,0.5
grid,3488,0.5
grid,3489,0.5
grid,3490,0.5
grid,3491,0.5
grid,3492,0.5
grid,3493,0.5
grid,3494,0.5
grid,3495,0.5
grid,3496,0.5
grid,3497,0.5
grid,3498,0.5
grid,3499,0.5
grid,3500,0.5
grid,3501,0.5
grid,3502,0.5
grid,3503,0.5
grid,3504,0.5
grid,3505,0.5
grid,3506,0.5
grid,3507,0.5
grid,3508,0.5
grid,3509,0.5
grid,3510,0.5
grid,3511,0.5
grid,3512,0.5
grid,3513,0.5
grid,3514,0.5
grid,3515,0.5
grid,3516,0.5
grid,3517,0.5
grid,3518,0.5
grid,3519,0.5
grid,3520,0.5
grid,3521,0.5
grid,3522,0.5
grid,3523,0.5
grid,3524,0.5
grid,3525,0.5
grid,3526,0.5
grid,3527,0.5
grid,3528,0.5
grid,3529,0.5
grid,3530,0.5
grid,3531,0.5
grid,3532,0.5
grid,3533,0.5
grid,3534,0.5
grid,3535,0.5
grid,3536,0.5
grid,3537,0.5
grid,3538,0.5
grid,3539,0.5
grid,3540,0.5
grid,3541,0.5
grid,3542,0.5
grid,3543,0.5
grid,3544,0.5
grid,3545,0.5
grid,3546,0.5
grid,3547,0.5
grid,3548,0.5
grid,3549,0.5
grid,3550,0.5
grid,3551,0.5
grid,3552,0.5
grid,3553,0.5
grid,3554,0.5
grid,3555,0.5
grid,3556,0.5
grid,3557,0.5
grid,3558,0.5
grid,3559,0.5
grid,3560,0.5
grid,3561,0.5
grid,3562,0.5
grid,3563,0.5
grid,3564,0.5
grid,3565,0.5
grid,3566,0.5
grid,3567,0.5
grid,3568,0.5
grid,3569,0.5
grid,3570,0.5
grid,3571,0.5
grid,3572,0.5
grid,3573,0.5
grid,3574,0.5
grid,3575,0.5
grid,3576,0.5
grid,3577,0.5
grid,3578,0.5
grid,3579,0.5
grid,3580,0.5
grid,3581,0.5
grid,3582,0.5
grid,3583,0.5
grid,3584,0.5
grid,3585,0.5
grid,3586,0.5
grid,3587,0.5
grid,3588,0.5
grid,3589,0.5
grid,3590,0.5
grid,3591,0.5
grid,3592,0.5
grid,3593,0.5
grid,3594,0.5
grid,3595,0.5
grid,3596,0.5
grid,3597,0.5
grid,3598,0.5
grid,3599,0.5
grid,3600,0.5
grid,3601,0.5
grid,3602,0.5
grid,3603,0.5
grid,3604,0.5
grid,3605,0.5
grid,3606,0.5
grid,3607,0.5
grid,3608,0.5
grid,3609,0.5
grid,3610,0.5
grid,3611,0.5
grid,3612,0.5
grid,3613,0.5
grid,3614,0.5
grid,3615,0.5
grid,3616,0.5
grid,3617,0.5
grid,3618,0.5
grid,3619,0.5
grid,3620,0.5
grid,3621,0.5
grid,3622,0.5
grid,3623,0.5
grid,3624,0.5
grid,3625,0.5
grid,3626,0.5
grid,3627,0.5
grid,3628,0.5
grid,3629,0.5
grid,3630,0.5
grid,3631,0.5
grid,3632,0.5
grid,3633,0.5
grid,3634,0.5
grid,3635,0.5
grid,3636,0.5
grid,3637,0.5
grid,3638,0.5
grid,3639,0.5
grid,3640,0.5
grid,3641,0.5
grid,3642,0.5
grid,3643,0.5
grid,3644,0.5
grid,3645,0.5
grid,3646,0.5
grid,3647,0.5
grid,3648,0.5
grid,3649,0.5
grid,3650,0.5
grid,3651,0.5
grid,3652,0.5
grid,3653,0.5
grid,3654,0.5
grid,3655,0.5
grid,3656,0.5
grid,3657,0.5
grid,3658,0.5
grid,3659,0.5
grid,3660,0.5
grid,3661,0.5
grid,3662,0.5
grid,3663,0.5
grid,3664,0.5
grid,3665,0.5
grid,3666,0.5
grid,3667,0.5
grid,3668,0.5
grid,3669,0.5
grid,3670,0.5
grid,3671,0.5
grid,3672,0.5
grid,3673,0.5
grid,3674,0.5
grid,3675,0.5
grid,3676,0.5
grid,3677,0.5
grid,3678,0.5
grid,3679,0.5
grid,3680,0.5
grid,3681,0.5
grid,3682,0.5
grid,3683,0.5
grid,3684,0.5
grid,3685,0.5
grid,3686,0.5
grid,3687,0.5
grid,3688,0.5
grid,3689,0.5
grid,3690,0.5
grid,3691,0.5
grid,3692,0.5
grid,3693,0.5
grid,3694,0.5
grid,3695,0.5
grid,3696,0.5
grid,3697,0.5
grid,3698,0.5
grid,3699,0.5
grid,3700,0.5
grid,3701,0.5
grid,3702,0.5
grid,3703,0.5
grid,3704,0.5
grid,3705,0.5
grid,3706,0.5
grid,3707,0.5
grid,3708,0.5
grid,3709,0.5
grid,3710,0.5
grid,3711,0.5
grid,3712,0.5
grid,3713,0.5
grid,3714,0.5
grid,3715,0.5
grid,3716,0.5
grid,3717,0.5
grid,3718,0.5
grid,3719,0.5
grid,3720,0.5
grid,3721,0.5
grid,3722,0.5
grid,3723,0.5
grid,3724,0.5
grid,3725,0.5
grid,3726,0.5
grid,3727,0.5
grid,3728,0.5
grid,3729,0.5
grid,3730,0.5
grid,3731,0.5
grid,3732,0.5
grid,3733,0.5
grid,3734,0.5
grid,3735,0.5
grid,3736,0.5
grid,3737,0.5
grid,3738,0.5
grid,3739,0.5
grid,3740,0.5
grid,3741,0.5
grid,3742,0.5
grid,3743,0.5
grid,3744,0.5
grid,3745,0.5
grid,3746,0.5
grid,3747,0.5
grid,3748,0.5
grid,3749,0.5
grid,3750,0.5
grid,3751,0.5
grid,3752,0.5
grid,3753,0.5
grid,3754,0.5
grid,3755,0.5
grid,3756,0.5
grid,3757,0.5
grid,3758,0.5
grid,3759,0.5
grid,3760,0.5
grid,3761,0.5
grid,3762,0.5
grid,3763,0.5
grid,3764,0.5
grid,3765,0.5
grid,3766,0.5
grid,3767,0.5
grid,3768,0.5
grid,3769,0.5
grid,3770,0.5
grid,3771,0.5
grid,3772,0.5
grid,3773,0.5
grid,3774,0.5
grid,3775,0.5
grid,3776,0.5
grid,3777,0.5
grid,3778,0.5
grid,3779,0.5
grid,3780,0.5
grid,3781,0.5
grid,3782,0.5
grid,3783,0.5
grid,3784,0.5
grid,3785,0.5
grid,3786,0.5
grid,3787,0.5
grid,3788,0.5
grid,3789,0.5
grid,3790,0.5
grid,3791,0.5
grid,3792,0.5
grid,3793,0.5
grid,3794,0.5
grid,3795,0.5
grid,3796,0.5
grid,3797,0.5
grid,3798,0.5
grid,3799,0.5
grid,3800,0.5
grid,3801,0.5
grid,3802,0.5
grid,3803,0.5
grid,3804,0.5
grid,3805,0.5
grid,3806,0.5
grid,3807,0.5
grid,3808,0.5
grid,3809,0.5
grid,3810,0.5
grid,3811,0.5
grid,3812,0.5
grid,3813,0.5
grid,3814,0.5
grid,3815,0.5
grid,3816,0.5
grid,3817,0.5
grid,3818,0.5
grid,3819,0.5
grid,3820,0.5
grid,3821,0.5
grid,3822,0.5
grid,3823,0.5
grid,3824,0.5
grid,3825,0.5
grid,3826,0.5
grid,3827,0.5
grid,3828,0.5
grid,3829,0.5
grid,3830,0.5
grid,3831,0.5
grid,3832,0.5
grid,3833,0.5
grid,3834,0.5
grid,3835,0.5
grid,3836,0.5
grid,3837,0.5
grid,3838,0.5
grid,3839,0.5
grid,3840,0.5
grid,3841,0.5
grid,3842,0.5
grid,3843,0.5
grid,3844,0.5
grid,3845,0.5
grid,3846,0.5
grid,3847,0.5
grid,3848,0.5
grid,3849,0.5
grid,3850,0.5
grid,3851,0.5
grid,3852,0.5
grid,3853,0.5
grid,3854,0.5
grid,3855,0.5
grid,3856,0.5
grid,3857,0.5
grid,3858,0.5
grid,3859,0.5
grid,3860,0.5
grid,3861,0.5
grid,3862,0.5
grid,3863,0.5
grid,3864,0.5
grid,3865,0.5
grid,3866,0.5
grid,3867,0.5
grid,3868,0.5
grid,3869,0.5
grid,3870,0.5
grid,3871,0.5
grid,3872,0.5
grid,3873,0.5
grid,3874,0.5
grid,3875,0.5
grid,3876,0.5
grid,3877,0.5
grid,3878,0.5
grid,3879,0.5
grid,3880,0.5
grid,3881,0.5
grid,3882,0.5
grid,3883,0.5
grid,3884,0.5
grid,3885,0.5
grid,3886,0.5
grid,3887,0.5
grid,3888,0.5
grid,3889,0.5
grid,3890,0.5
grid,3891,0.5
grid,3892,0.5
grid,3893,0.5
grid,3894,0.5
grid,3895,0.5
grid,3896,0.5
grid,3897,0.5
grid,3898,0.5
grid,3899,0.5
grid,3900,0.5
grid,3901,0.5
grid,3902,0.5
grid,3903,0.5
grid,3904,0.5
grid,3905,0.5
grid,3906,0.5
grid,3907,0.5
grid,3908,0.5
grid,3909,0.5
grid,3910,0.5
grid,3911,0.5
grid,3912,0.5
grid,3913,0.5
grid,3914,0.5
grid,3915,0.5
grid,3916,0.5
grid,3917,0.5
grid,3918,0.5
grid,3919,0.5
grid,3920,0.5
grid,3921,0.5
grid,3922,0.5
grid,3923,0.5
grid,3924,0.5
grid,3925,0.5
grid,3926,0.5
grid,3927,0.5
grid,3928,0.5
grid,3929,0.5
grid,3930,0.5
grid,3931,0.5
grid,3932,0.5
grid,3933,0.5
grid,3934,0.5
grid,3935,0.5
grid,3936,0.5
grid,3937,0.5
grid,3938,0.5
grid,3939,0.5
grid,3940,0.5
grid,3941,0.5
grid,3942,0.5
grid,3943,0.5
grid,3944,0.5
grid,3945,0.5
grid,3946,0.5
grid,3947,0.5
grid,3948,0.5
grid,3949,0.5
grid,3950,0.5
grid,3951,0.5
grid,3952,0.5
grid,3953,0.5
grid,3954,0.5
grid,3955,0.5
grid,3956,0.5
grid,3957,0.5
grid,3958,0.5
grid,3959,0.5
grid,3960,0.5
grid,3961,0.5
grid,3962,0.5
grid,3963,0.5
grid,3964,0.5
grid,3965,0.5
grid,3966,0.5
grid,3967,0.5
grid,3968,0.5
grid,3969,0.5
grid,3970,0.5
grid,3971,0.5
grid,3972,0.5
grid,3973,0.5
grid,3974,0.5
grid,3975,0.5
grid,3976,0.5
grid,3977,0.5
grid,3978,0.5
grid,3979,0.5
grid,3980,0.5
grid,3981,0.5
grid,3982,0.5
grid,3983,0.5
grid,3984,0.5
grid,3985,0.5
grid,3986,0.5
grid,3987,0.5
grid,3988,0.5
grid,3989,0.5
grid,3990,0.5
grid,3991,0.5
grid,3992,0.5
grid,3993,0.5
grid,3994,0.5
grid,3995,0.5
grid,3996,0.5
grid,3997,0.5
grid,3998,0.5
grid,3999,0.5
grid,4000,0.5
grid,4001,0.5
grid,4002,0.5
grid,4003,0.5
grid,4004,0.5
grid,4005,0.5
grid,4006,0.5
grid,4007,0.5
grid,4008,0.5
grid,4009,0.5
grid,4010,0.5
grid,4011,0.5
grid,4012,0.5
grid,4013,0.5
grid,4014,0.5
grid,4015,0.5
grid,4016,0.5
grid,4017,0.5
grid,4018,0.5
grid,4019,0.5
grid,4020,0.5
grid,4021,0.5
grid,4022,0.5
grid,4023,0.5
grid,4024,0.5
grid,4025,0.5
grid,4026,0.5
grid,4027,0.5
grid,4028,0.5
grid,4029,0.5
grid,4030,0.5
grid,4031,0.5
grid,4032,0.5
grid,4033,0.5
grid,4034,0.5
grid,4035,0.5
grid,4036,0.5
grid,4037,0.5
grid,4038,0.5
grid,4039,0.5
grid,4040,0.5
grid,4041,0.5
grid,4042,0.5
grid,4043,0.5
grid,4044,0.5
grid,4045,0.5
grid,4046,0.5
grid,4047,0.5
grid,4048,0.5
grid,4049,0.5
grid,4050,0.5
grid,4051,0.5
grid,4052,0.5
grid,4053,0.5
grid,4054,0.5
grid,4055,0.5
grid,4056,0.5
grid,4057,0.5
grid,4058,0.5
grid,4059,0.5
grid,4060,0.5
grid,4061,0.5
grid,4062,0.5
grid,4063,0.5
grid,4064,0.5
grid,4065,0.5
grid,4066,0.5
grid,4067,0.5
grid,4068,0.5
grid,4069,0.5
grid,4070,0.5
grid,4071,0.5
grid,4072,0.5
grid,4073,0.5
grid,4074,0.5
grid,4075,0.5
grid,4076,0.5
grid,4077,0.5
grid,4078,0.5
grid,4079,0.5
grid,4080,0.5
grid,4081,0.5
grid,4082,0.5
grid,4083,0.5
grid,4084,0.5
grid,4085,0.5
grid,4086,0.5
grid,4087,0.5
grid,4088,0.5
grid,4089,0.5
grid,4090,0.5
grid,4091,0.5
grid,4092,0.5
grid,4093,0.5
grid,4094,0.5
grid,4095,0.5
grid,4096,0.5
grid,4097,0.5
grid,4098,0.5
grid,4099,0.5
grid,4100,0.5
grid,4101,0.5
grid,4102,0.5
grid,4103,0.5
grid,4104,0.5
grid,4105,0.5
grid,4106,0.5
grid,4107,0.5
grid,4108,0.5
grid,4109,0.5
grid,4110,0.5
grid,4111,0.5
grid,4112,0.5
grid,4113,0.5
grid,4114,0.5
grid,4115,0.5
grid,4116,0.5
grid,4117,0.5
grid,4118,0.5
grid,4119,0.5
grid,4120,0.5
grid,4121,0.5
grid,4122,0.5
grid,4123,0.5
grid,4124,0.5
grid,4125,0.5
grid,4126,0.5
grid,4127,0.5
grid,4128,0.5
grid,4129,0.5
grid,4130,0.5
grid,4131,0.5
grid,4132,0.5
grid,4133,0.5
grid,4134,0.5
grid,4135,0.5
grid,4136,0.5
grid,4137,0.5
grid,4138,0.5
grid,4139,0.5
grid,4140,0.5
grid,4141,0.5
grid,4142,0.5
grid,4143,0.5
grid,4144,0.5
grid,4145,0.5
grid,4146,0.5
grid,4147,0.5
grid,4148,0.5
grid,4149,0.5
grid,4150,0.5
grid,4151,0.5
grid,4152,0.5
grid,4153,0.5
grid,4154,0.5
grid,4155,0.5
grid,4156,0.5
grid,4157,0.5
grid,4158,0.5
grid,4159,0.5
grid,4160,0.5
grid,4161,0.5
grid,4162,0.5
grid,4163,0.5
grid,4164,0.5
grid,4165,0.5
grid,4166,0.5
grid,4167,0.5
grid,4168,0.5
grid,4169,0.5
grid,4170,0.5
grid,4171,0.5
grid,4172,0.5
grid,4173,0.5
grid,4174,0.5
grid,4175,0.5
grid,4176,0.5
grid,4177,0.5
grid,4178,0.5
grid,4179,0.5
grid,4180,0.5
grid,4181,0.5
grid,4182,0.5
grid,4183,0.5
grid,4184,0.5
grid,4185,0.5
grid,4186,0.5
grid,4187,0.5
grid,4188,0.5
grid,4189,0.5
grid,4190,0.5
grid,4191,0.5
grid,4192,0.5
grid,4193,0.5
grid,4194,0.5
grid,4195,0.5
grid,4196,0.5
grid,4197,0.5
grid,4198,0.5
grid,4199,0.5
grid,4200,0.5
grid,4201,0.5
grid,4202,0.5
grid,4203,0.5
grid,4204,0.5
grid,4205,0.5
grid,4206,0.5
grid,4207,0.5
grid,4208,0.5
grid,4209,0.5
grid,4210,0.5
grid,4211,0.5
grid,4212,0.5
grid,4213,0.5
grid,4214,0.5
grid,4215,0.5
grid,4216,0.5
grid,4217,0.5
grid,4218,0.5
grid,4219,0.5
grid,4220,0.5
grid,4221,0.5
grid,4222,0.5
grid,4223,0.5
grid,4224,0.5
grid,4225,0.5
grid,4226,0.5
grid,4227,0.5
grid,4228,0.5
grid,4229,0.5
grid,4230,0.5
grid,4231,0.5
grid,4232,0.5
grid,4233,0.5
grid,4234,0.5
grid,4235,0.5
grid,4236,0.5
grid,4237,0.5
grid,4238,0.5
grid,4239,0.5
grid,4240,0.5
grid,4241,0.5
grid,4242,0.5
grid,4243,0.5
grid,4244,0.5
grid,4245,0.5
grid,4246,0.5
grid,4247,0.5
grid,4248,0.5
grid,4249,0.5
grid,4250,0.5
grid,4251,0.5
grid,4252,0.5
grid,4253,0.5
grid,4254,0.5
grid,4255,0.5
grid,4256,0.5
grid,4257,0.5
grid,4258,0.5
grid,4259,0.5
grid,4260,0.5
grid,4261,0.5
grid,4262,0.5
grid,4263,0.5
grid,4264,0.5
grid,4265,0.5
grid,4266,0.5
grid,4267,0.5
grid,4268,0.5
grid,4269,0.5
grid,4270,0.5
grid,4271,0.5
grid,4272,0.5
grid,4273,0.5
grid,4274,0.5
grid,4275,0.5
grid,4276,0.5
grid,4277,0.5
grid,4278,0.5
grid,4279,0.5
grid,4280,0.5
grid,4281,0.5
grid,4282,0.5
grid,4283,0.5
grid,4284,0.5
grid,4285,0.5
grid,4286,0.5
grid,4287,0.5
grid,4288,0.5
grid,4289,0.5
grid,4290,0.5
grid,4291,0.5
grid,4292,0.5
grid,4293,0.5
grid,4294,0.5
grid,4295,0.5
grid,4296,0.5
grid,4297,0.5
grid,4298,0.5
grid,4299,0.5
grid,4300,0.5
grid,4301,0.5
grid,4302,0.5
grid,4303,0.5
grid,4304,0.5
grid,4305,0.5
grid,4306,0.5
grid,4307,0.5
grid,4308,0.5
grid,4309,0.5
grid,4310,0.5
grid,4311,0.5
grid,4312,0.5
grid,4313,0.5
grid,4314,0.5
grid,4315,0.5
grid,4316,0.5
grid,4317,0.5
grid,4318,0.5
grid,4319,0.5
grid,4320,0.5
grid,4321,0.5
grid,4322,0.5
grid,4323,0.5
grid,4324,0.5
grid,4325,0.5
grid,4326,0.5
grid,4327,0.5
grid,4328,0.5
grid,4329,0.5
grid,4330,0.5
grid,4331,0.5
grid,4332,0.5
grid,4333,0.5
grid,4334,0.5
grid,4335,0.5
grid,4336,0.5
grid,4337,0.5
grid,4338,0.5
grid,4339,0.5
grid,4340,0.5
grid,4341,0.5
grid,4342,0.5
grid,4343,0.5
grid,4344,0.5
grid,4345,0.5
grid,4346,0.5
grid,4347,0.5
grid,4348,0.5
grid,4349,0.5
grid,4350,0.5
grid,4351,0.5
grid,4352,0.5
grid,4353,0.5
grid,4354,0.5
grid,4355,0.5
grid,4356,0.5
grid,4357,0.5
grid,4358,0.5
grid,4359,0.5
grid,4360,0.5
grid,4361,0.5
grid,4362,0.5
grid,4363,0.5
grid,4364,0.5
grid,4365,0.5
grid,4366,0.5
grid,4367,0.5
grid,4368,0.5
grid,4369,0.5
grid,4370,0.5
grid,4371,0.5
grid,4372,0.5
grid,4373,0.5
grid,4374,0.5
grid,4375,0.5
grid,4376,0.5
grid,4377,0.5
grid,4378,0.5
grid,4379,0.5
grid,4380,0.5
grid,4381,0.5
grid,4382,0.5
grid,4383,0.5
grid,4384,0.5
grid,4385,0.5
grid,4386,0.5
grid,4387,0.5
grid,4388,0.5
grid,4389,0.5
grid,4390,0.5
grid,4391,0.5
grid,4392,0.5
grid,4393,0.5
grid,4394,0.5
grid,4395,0.5
grid,4396,0.5
grid,4397,0.5
grid,4398,0.5
grid,4399,0.5
grid,4400,0.5
grid,4401,0.5
grid,4402,0.5
grid,4403,0.5
grid,4404,0.5
grid,4405,0.5
grid,4406,0.5
grid,4407,0.5
grid,4408,0.5
grid,4409,0.5
grid,4410,0.5
grid,4411,0.5
grid,4412,0.5
grid,4413,0.5
grid,4414,0.5
grid,4415,0.5
grid,4416,0.5
grid,4417,0.5
grid,4418,0.5
grid,4419,0.5
grid,4420,0.5
grid,4421,0.5
grid,4422,0.5
grid,4423,0.5
grid,4424,0.5
grid,4425,0.5
grid,4426,0.5
grid,4427,0.5
grid,4428,0.5
grid,4429,0.5
grid,4430,0.5
grid,4431,0.5
grid,4432,0.5
grid,4433,0.5
grid,4434,0.5
grid,4435,0.5
grid,4436,0.5
grid,4437,0.5
grid,4438,0.5
grid,4439,0.5
grid,4440,0.5
grid,4441,0.5
grid,4442,0.5
grid,4443,0.5
grid,4444,0.5
grid,4445,0.5
grid,4446,0.5
grid,4447,0.5
grid,4448,0.5
grid,4449,0.5
grid,4450,0.5
grid,4451,0.5
grid,4452,0.5
grid,4453,0.5
grid,4454,0.5
grid,4455,0.5
grid,4456,0.5
grid,4457,0.5
grid,4458,0.5
grid,4459,0.5
grid,4460,0.5
grid,4461,0.5
grid,4462,0.5
grid,4463,0.5
grid,4464,0.5
grid,4465,0.5
grid,4466,0.5
grid,4467,0.5
grid,4468,0.5
grid,4469,0.5
grid,4470,0.5
grid,4471,0.5
grid,4472,0.5
grid,4473,0.5
grid,4474,0.5
grid,4475,0.5
grid,4476,0.5
grid,4477,0.5
grid,4478,0.5
grid,4479,0.5
grid,4480,0.5
grid,4481,0.5
grid,4482,0.5
grid,4483,0.5
grid,4484,0.5
grid,4485,0.5
grid,4486,0.5
grid,4487,0.5
grid,4488,0.5
grid,4489,0.5
grid,4490,0.5
grid,4491,0.5
grid,4492,0.5
grid,4493,0.5
grid,4494,0.5
grid,4495,0.5
grid,4496,0.5
grid,4497,0.5
grid,4498,0.5
grid,4499,0.5
grid,4500,0.5
grid,4501,0.5
grid,4502,0.5
grid,4503,0.5
grid,4504,0.5
grid,4505,0.5
grid,4506,0.5
grid,4507,0.5
grid,4508,0.5
grid,4509,0.5
grid,4510,0.5
grid,4511,0.5
grid,4512,0.5
grid,4513,0.5
grid,4514,0.5
grid,4515,0.5
grid,4516,0.5
grid,4517,0.5
grid,4518,0.5
grid,4519,0.5
grid,4520,0.5
grid,4521,0.5
grid,4522,0.5
grid,4523,0.5
grid,4524,0.5
grid,4525,0.5
grid,4526,0.5
grid,4527,0.5
grid,4528,0.5
grid,4529,0.5
grid,4530,0.5
grid,4531,0.5
grid,4532,0.5
grid,4533,0.5
grid,4534,0.5
grid,4535,0.5
grid,4536,0.5
grid,4537,0.5
grid,4538,0.5
grid,4539,0.5
grid,4540,0.5
grid,4541,0.5
grid,4542,0.5
grid,4543,0.5
grid,4544,0.5
grid,4545,0.5
grid,4546,0.5
grid,4547,0.5
grid,4548,0.5
grid,4549,0.5
grid,4550,0.5
grid,4551,0.5
grid,4552,0.5
grid,4553,0.5
grid,4554,0.5
grid,4555,0.5
grid,4556,0.5
grid,4557,0.5
grid,4558,0.5
grid,4559,0.5
grid,4560,0.5
grid,4561,0.5
grid,4562,0.5
grid,4563,0.5
grid,4564,0.5
grid,4565,0.5
grid,4566,0.5
grid,4567,0.5
grid,4568,0.5
grid,4569,0.5
grid,4570,0.5
grid,4571,0.5
grid,4572,0.5
grid,4573,0.5
grid,4574,0.5
grid,4575,0.5
grid,4576,0.5
grid,4577,0.5
grid,4578,0.5
grid,4579,0.5
grid,4580,0.5
grid,4581,0.5
grid,4582,0.5
grid,4583,0.5
grid,4584,0.5
grid,4585,0.5
grid,4586,0.5
grid,4587,0.5
grid,4588,0.5
grid,4589,0.5
grid,4590,0.5
grid,4591,0.5
grid,4592,0.5
grid,4593,0.5
grid,4594,0.5
grid,4595,0.5
grid,4596,0.5
grid,4597,0.5
grid,4598,0.5
grid,4599,0.5
grid,4600,0.5
grid,4601,0.5
grid,4602,0.5
grid,4603,0.5
grid,4604,0.5
grid,4605,0.5
grid,4606,0.5
grid,4607,0.5
grid,4608,0.5
grid,4609,0.5
grid,4610,0.5
grid,4611,0.5
grid,4612,0.5
grid,4613,0.5
grid,4614,0.5
grid,4615,0.5
grid,4616,0.5
grid,4617,0.5
grid,4618,0.5
grid,4619,0.5
grid,4620,0.5
grid,4621,0.5
grid,4622,0.5
grid,4623,0.5
grid,4624,0.5
grid,4625,0.5
grid,4626,0.5
grid,4627,0.5
grid,4628,0.5
grid,4629,0.5
grid,4630,0.5
grid,4631,0.5
grid,4632,0.5
grid,4633,0.5
grid,4634,0.5
grid,4635,0.5
grid,4636,0.5
grid,4637,0.5
grid,4638,0.5
grid,4639,0.5
grid,4640,0.5
grid,4641,0.5
grid,4642,0.5
grid,4643,0.5
grid,4644,0.5
grid,4645,0.5
grid,4646,0.5
grid,4647,0.5
grid,4648,0.5
grid,4649,0.5
grid,4650,0.5
grid,4651,0.5
grid,4652,0.5
grid,4653,0.5
grid,4654,0.5
grid,4655,0.5
grid,4656,0.5
grid,4657,0.5
grid,4658,0.5
grid,4659,0.5
grid,4660,0.5
grid,4661,0.5
grid,4662,0.5
grid,4663,0.5
grid,4664,0.5
grid,4665,0.5
grid,4666,0.5
grid,4667,0.5
grid,4668,0.5
grid,4669,0.5
grid,4670,0.5
grid,4671,0.5
grid,4672,0.5
grid,4673,0.5
grid,4674,0.5
grid,4675,0.5
grid,4676,0.5
grid,4677,0.5
grid,4678,0.5
grid,4679,0.5
grid,4680,0.5
grid,4681,0.5
grid,4682,0.5
grid,4683,0.5
grid,4684,0.5
grid,4685,0.5
grid,4686,0.5
grid,4687,0.5
grid,4688,0.5
grid,4689,0.5
grid,4690,0.5
grid,4691,0.5
grid,4692,0.5
grid,4693,0.5
grid,4694,0.5
grid,4695,0.5
grid,4696,0.5
grid,4697,0.5
grid,4698,0.5
grid,4699,0.5
grid,4700,0.5
grid,4701,0.5
grid,4702,0.5
grid,4703,0.5
grid,4704,0.5
grid,4705,0.5
grid,4706,0.5
grid,4707,0.5
grid,4708,0.5
grid,4709,0.5
grid,4710,0.5
grid,4711,0.5
grid,4712,0.5
grid,4713,0.5
grid,4714,0.5
grid,4715,0.5
grid,4716,0.5
grid,4717,0.5
grid,4718,0.5
grid,4719,0.5
grid,4720,0.5
grid,4721,0.5
grid,4722,0.5
grid,4723,0.5
grid,4724,0.5
grid,4725,0.5
grid,4726,0.5
grid,4727,0.5
grid,4728,0.5
grid,4729,0.5
grid,4730,0.5
grid,4731,0.5
grid,4732,0.5
grid,4733,0.5
grid,4734,0.5
grid,4735,0.5
grid,4736,0.5
grid,4737,0.5
grid,4738,0.5
grid,4739,0.5
grid,4740,0.5
grid,4741,0.5
grid,4742,0.5
grid,4743,0.5
grid,4744,0.5
grid,4745,0.5
grid,4746,0.5
grid,4747,0.5
grid,4748,0.5
grid,4749,0.5
grid,4750,0.5
grid,4751,0.5
grid,4752,0.5
grid,4753,0.5
grid,4754,0.5
grid,4755,0.5
grid,4756,0.5
grid,4757,0.5
grid,4758,0.5
grid,4759,0.5
grid,4760,0.5
grid,4761,0.5
grid,4762,0.5
grid,4763,0.5
grid,4764,0.5
grid,4765,0.5
grid,4766,0.5
grid,4767,0.5
grid,4768,0.5
grid,4769,0.5
grid,4770,0.5
grid,4771,0.5
grid,4772,0.5
grid,4773,0.5
grid,4774,0.5
grid,4775,0.5
grid,4776,0.5
grid,4777,0.5
grid,4778,0.5
grid,4779,0.5
grid,4780,0.5
grid,4781,0.5
grid,4782,0.5
grid,4783,0.5
grid,4784,0.5
grid,4785,0.5
grid,4786,0.5
grid,4787,0.5
grid,4788,0.5
grid,4789,0.5
grid,4790,0.5
grid,4791,0.5
grid,4792,0.5
grid,4793,0.5
grid,4794,0.5
grid,4795,0.5
grid,4796,0.5
grid,4797,0.5
grid,4798,0.5
grid,4799,0.5
grid,4800,0.5
grid,4801,0.5
grid,4802,0.5
grid,4803,0.5
grid,4804,0.5
grid,4805,0.5
grid,4806,0.5
grid,4807,0.5
grid,4808,0.5
grid,4809,0.5
grid,4810,0.5
grid,4811,0.5
grid,4812,0.5
grid,4813,0.5
grid,4814,0.5
grid,4815,0.5
grid,4816,0.5
grid,4817,0.5
grid,4818,0.5
grid,4819,0.5
grid,4820,0.5
grid,4821,0.5
grid,4822,0.5
grid,4823,0.5
grid,4824,0.5
grid,4825,0.5
grid,4826,0.5
grid,4827,0.5
grid,4828,0.5
grid,4829,0.5
grid,4830,0.5
grid,4831,0.5
grid,4832,0.5
grid,4833,0.5
grid,4834,0.5
grid,4835,0.5
grid,4836,0.5
grid,4837,0.5
grid,4838,0.5
grid,4839,0.5
grid,4840,0.5
grid,4841,0.5
grid,4842,0.5
grid,4843,0.5
grid,4844,0.5
grid,4845,0.5
grid,4846,0.5
grid,4847,0.5
grid,4848,0.5
grid,4849,0.5
grid,4850,0.5
grid,4851,0.5
grid,4852,0.5
grid,4853,0.5
grid,4854,0.5
grid,4855,0.5
grid,4856,0.5
grid,4857,0.5
grid,4858,0.5
grid,4859,0.5
grid,4860,0.5
grid,4861,0.5
grid,4862,0.5
grid,4863,0.5
grid,4864,0.5
grid,4865,0.5
grid,4866,0.5
grid,4867,0.5
grid,4868,0.5
grid,4869,0.5
grid,4870,0.5
grid,4871,0.5
grid,4872,0.5
grid,4873,0.5
grid,4874,0.5
grid,4875,0.5
grid,4876,0.5
grid,4877,0.5
grid,4878,0.5
grid,4879,0.5
grid,4880,0.5
grid,4881,0.5
grid,4882,0.5
grid,4883,0.5
grid,4884,0.5
grid,4885,0.5
grid,4886,0.5
grid,4887,0.5
grid,4888,0.5
grid,4889,0.5
grid,4890,0.5
grid,4891,0.5
grid,4892,0.5
grid,4893,0.5
grid,4894,0.5
grid,4895,0.5
grid,4896,0.5
grid,4897,0.5
grid,4898,0.5
grid,4899,0.5
grid,4900,0.5
grid,4901,0.5
grid,4902,0.5
grid,4903,0.5
grid,4904,0.5
grid,4905,0.5
grid,4906,0.5
grid,4907,0.5
grid,4908,0.5
grid,4909,0.5
grid,4910,0.5
grid,4911,0.5
grid,4912,0.5
grid,4913,0.5
grid,4914,0.5
grid,4915,0.5
grid,4916,0.5
grid,4917,0.5
grid,4918,0.5
grid,4919,0.5
grid,4920,0.5
grid,4921,0.5
grid,4922,0.5
grid,4923,0.5
grid,4924,0.5
grid,4925,0.5
grid,4926,0.5
grid,4927,0.5
grid,4928,0.5
grid,4929,0.5
grid,4930,0.5
grid,4931,0.5
grid,4932,0.5
grid,4933,0.5
grid,4934,0.5
grid,4935,0.5
grid,4936,0.5
grid,4937,0.5
grid,4938,0.5
grid,4939,0.5
grid,4940,0.5
grid,4941,0.5
grid,4942,0.5
grid,4943,0.5
grid,4944,0.5
grid,4945,0.5
grid,4946,0.5
grid,4947,0.5
grid,4948,0.5
grid,4949,0.5
grid,4950,0.5
grid,4951,0.5
grid,4952,0.5
grid,4953,0.5
grid,4954,0.5
grid,4955,0.5
grid,4956,0.5
grid,4957,0.5
grid,4958,0.5
grid,4959,0.5
grid,4960,0.5
grid,4961,0.5
grid,4962,0.5
grid,4963,0.5
grid,4964,0.5
grid,4965,0.5
grid,4966,0.5
grid,4967,0.5
grid,4968,0.5
grid,4969,0.5
grid,4970,0.5
grid,4971,0.5
grid,4972,0.5
grid,4973,0.5
grid,4974,0.5
grid,4975,0.5
grid,4976,0.5
grid,4977,0.5
grid,4978,0.5
grid,4979,0.5
grid,4980,0.5
grid,4981,0.5
grid,4982,0.5
grid,4983,0.5
grid,4984,0.5
grid,4985,0.5
grid,4986,0.5
grid,4987,0.5
grid,4988,0.5
grid,4989,0.5
grid,4990,0.5
grid,4991,0.5
grid,4992,0.5
grid,4993,0.5
grid,4994,0.5
grid,4995,0.5
grid,4996,0.5
grid,4997,0.5
grid,4998,0.5
grid,4999,0.5
grid,5000,0.5
grid,5001,0.5
grid,5002,0.5
grid,5003,0.5
grid,5004,0.5
grid,5005,0.5
grid,5006,0.5
grid,5007,0.5
grid,5008,0.5
grid,5009,0.5
grid,5010,0.5
grid,5011,0.5
grid,5012,0.5
grid,5013,0.5
grid,5014,0.5
grid,5015,0.5
grid,5016,0.5
grid,5017,0.5
grid,5018,0.5
grid,5019,0.5
grid,5020,0.5
grid,5021,0.5
grid,5022,0.5
grid,5023,0.5
grid,5024,0.5
grid,5025,0.5
grid,5026,0.5
grid,5027,0.5
grid,5028,0.5
grid,5029,0.5
grid,5030,0.5
grid,5031,0.5
grid,5032,0.5
grid,5033,0.5
grid,5034,0.5
grid,5035,0.5
grid,5036,0.5
grid,5037,0.5
grid,5038,0.5
grid,5039,0.5
grid,5040,0.5
grid,5041,0.5
grid,5042,0.5
grid,5043,0.5
grid,5044,0.5
grid,5045,0.5
grid,5046,0.5
grid,5047,0.5
grid,5048,0.5
grid,5049,0.5
grid,5050,0.5
grid,5051,0.5
grid,5052,0.5
grid,5053,0.5
grid,5054,0.5
grid,5055,0.5
grid,5056,0.5
grid,5057,0.5
grid,5058,0.5
grid,5059,0.5
grid,5060,0.5
grid,5061,0.5
grid,5062,0.5
grid,5063,0.5
grid,5064,0.5
grid,5065,0.5
grid,5066,0.5
grid,5067,0.5
grid,5068,0.5
grid,5069,0.5
grid,5070,0.5
grid,5071,0.5
grid,5072,0.5
grid,5073,0.5
grid,5074,0.5
grid,5075,0.5
grid,5076,0.5
grid,5077,0.5
grid,5078,0.5
grid,5079,0.5
grid,5080,0.5
grid,5081,0.5
grid,5082,0.5
grid,5083,0.5
grid,5084,0.5
grid,5085,0.5
grid,5086,0.5
grid,5087,0.5
grid,5088,0.5
grid,5089,0.5
grid,5090,0.5
grid,5091,0.5
grid,5092,0.5
grid,5093,0.5
grid,5094,0.5
grid,5095,0.5
grid,5096,0.5
grid,5097,0.5
grid,5098,0.5
grid,5099,0.5
grid,5100,0.5
grid,5101,0.5
grid,5102,0.5
grid,5103,0.5
grid,5104,0.5
grid,5105,0.5
grid,5106,0.5
grid,5107,0.5
grid,5108,0.5
grid,5109,0.5
grid,5110,0.5
grid,5111,0.5
grid,5112,0.5
grid,5113,0.5
grid,5114,0.5
grid,5115,0.5
grid,5116,0.5
grid,5117,0.5
grid,5118,0.5
grid,5119,0.5
grid,5120,0.5
grid,5121,0.5
grid,5122,0.5
grid,5123,0.5
grid,5124,0.5
grid,5125,0.5
grid,5126,0.5
grid,5127,0.5
grid,5128,0.5
grid,5129,0.5
grid,5130,0.5
grid,5131,0.5
grid,5132,0.5
grid,5133,0.5
grid,5134,0.5
grid,5135,0.5
grid,5136,0.5
grid,5137,0.5
grid,5138,0.5
grid,5139,0.5
grid,5140,0.5
grid,5141,0.5
grid,5142,0.5
grid,5143,0.5
grid,5144,0.5
grid,5145,0.5
grid,5146,0.5
grid,5147,0.5
grid,5148,0.5
grid,5149,0.5
grid,5150,0.5
grid,5151,0.5
grid,5152,0.5
grid,5153,0.5
grid,5154,0.5
grid,5155,0.5
grid,5156,0.5
grid,5157,0.5
grid,5158,0.5
grid,5159,0.5
grid,5160,0.5
grid,5161,0.5
grid,5162,0.5
grid,5163,0.5
grid,5164,0.5
grid,5165,0.5
grid,5166,0.5
grid,5167,0.5
grid,5168,0.5
grid,5169,0.5
grid,5170,0.5
grid,5171,0.5
grid,5172,0.5
grid,5173,0.5
grid,5174,0.5
grid,5175,0.5
grid,5176,0.5
grid,5177,0.5
grid,5178,0.5
grid,5179,0.5
grid,5180,0.5
grid,5181,0.5
grid,5182,0.5
grid,5183,0.5
grid,5184,0.5
grid,5185,0.5
grid,5186,0.5
grid,5187,0.5
grid,5188,0.5
grid,5189,0.5
grid,5190,0.5
grid,5191,0.5
grid,5192,0.5
grid,5193,0.5
grid,5194,0.5
grid,5195,0.5
grid,5196,0.5
grid,5197,0.5
grid,5198,0.5
grid,5199,0.5
grid,5200,0.5
grid,5201,0.5
grid,5202,0.5
grid,5203,0.5
grid,5204,0.5
grid,5205,0.5
grid,5206,0.5
grid,5207,0.5
grid,5208,0.5
grid,5209,0.5
grid,5210,0.5
grid,5211,0.5
grid,5212,0.5
grid,5213,0.5
grid,5214,0.5
grid,5215,0.5
grid,5216,0.5
grid,5217,0.5
grid,5218,0.5
grid,5219,0.5
grid,5220,0.5
grid,5221,0.5
grid,5222,0.5
grid,5223,0.5
grid,5224,0.5
grid,5225,0.5
grid,5226,0.5
grid,5227,0.5
grid,5228,0.5
grid,5229,0.5
grid,5230,0.5
grid,5231,0.5
grid,5232,0.5
grid,5233,0.5
grid,5234,0.5
grid,5235,0.5
grid,5236,0.5
grid,5237,0.5
grid,5238,0.5
grid,5239,0.5
grid,5240,0.5
grid,5241,0.5
grid,5242,0.5
grid,5243,0.5
grid,5244,0.5
grid,5245,0.5
grid,5246,0.5
grid,5247,0.5
grid,5248,0.5
grid,5249,0.5
grid,5250,0.5
grid,5251,0.5
grid,5252,0.5
grid,5253,0.5
grid,5254,0.5
grid,5255,0.5
grid,5256,0.5
grid,5257,0.5
grid,5258,0.5
grid,5259,0.5
grid,5260,0.5
grid,5261,0.5
grid,5262,0.5
grid,5263,0.5
grid,5264,0.5
grid,5265,0.5
grid,5266,0.5
grid,5267,0.5
grid,5268,0.5
grid,5269,0.5
grid,5270,0.5
grid,5271,0.5
grid,5272,0.5
grid,5273,0.5
grid,5274,0.5
grid,5275,0.5
grid,5276,0.5
grid,5277,0.5
grid,5278,0.5
grid,5279,0.5
grid,5280,0.5
grid,5281,0.5
grid,5282,0.5
grid,5283,0.5
grid,5284,0.5
grid,5285,0.5
grid,5286,0.5
grid,5287,0.5
grid,5288,0.5
grid,5289,0.5
grid,5290,0.5
grid,5291,0.5
grid,5292,0.5
grid,5293,0.5
grid,5294,0.5
grid,5295,0.5
grid,5296,0.5
grid,5297,0.5
grid,5298,0.5
grid,5299,0.5
grid,5300,0.5
grid,5301,0.5
grid,5302,0.5
grid,5303,0.5
grid,5304,0.5
grid,5305,0.5
grid,5306,0.5
grid,5307,0.5
grid,5308,0.5
grid,5309,0.5
grid,5310,0.5
grid,5311,0.5
grid,5312,0.5
grid,5313,0.5
grid,5314,0.5
grid,5315,0.5
grid,5316,0.5
grid,5317,0.5
grid,5318,0.5
grid,5319,0.5
grid,5320,0.5
grid,5321,0.5
grid,5322,0.5
grid,5323,0.5
grid,5324,0.5
grid,5325,0.5
grid,5326,0.5
grid,5327,0.5
grid,5328,0.5
grid,5329,0.5
grid,5330,0.5
grid,5331,0.5
grid,5332,0.5
grid,5333,0.5
grid,5334,0.5
grid,5335,0.5
grid,5336,0.5
grid,5337,0.5
grid,5338,0.5
grid,5339,0.5
grid,5340,0.5
grid,5341,0.5
grid,5342,0.5
grid,5343,0.5
grid,5344,0.5
grid,5345,0.5
grid,5346,0.5
grid,5347,0.5
grid,5348,0.5
grid,5349,0.5
grid,5350,0.5
grid,5351,0.5
grid,5352,0.5
grid,5353,0.5
grid,5354,0.5
grid,5355,0.5
grid,5356,0.5
grid,5357,0.5
grid,5358,0.5
grid,5359,0.5
grid,5360,0.5
grid,5361,0.5
grid,5362,0.5
grid,5363,0.5
grid,5364,0.5
grid,5365,0.5
grid,5366,0.5
grid,5367,0.5
grid,5368,0.5
grid,5369,0.5
grid,5370,0.5
grid,5371,0.5
grid,5372,0.5
grid,5373,0.5
grid,5374,0.5
grid,5375,0.5
grid,5376,0.5
grid,5377,0.5
grid,5378,0.5
grid,5379,0.5
grid,5380,0.5
grid,5381,0.5
grid,5382,0.5
grid,5383,0.5
grid,5384,0.5
grid,5385,0.5
grid,5386,0.5
grid,5387,0.5
grid,5388,0.5
grid,5389,0.5
grid,5390,0.5
grid,5391,0.5
grid,5392,0.5
grid,5393,0.5
grid,5394,0.5
grid,5395,0.5
grid,5396,0.5
grid,5397,0.5
grid,5398,0.5
grid,5399,0.5
grid,5400,0.5
grid,5401,0.5
grid,5402,0.5
grid,5403,0.5
grid,5404,0.5
grid,5405,0.5
grid,5406,0.5
grid,5407,0.5
grid,5408,0.5
grid,5409,0.5
grid,5410,0.5
grid,5411,0.5
grid,5412,0.5
grid,5413,0.5
grid,5414,0.5
grid,5415,0.5
grid,5416,0.5
grid,5417,0.5
grid,5418,0.5
grid,5419,0.5
grid,5420,0.5
grid,5421,0.5
grid,5422,0.5
grid,5423,0.5
grid,5424,0.5
grid,5425,0.5
grid,5426,0.5
grid,5427,0.5
grid,5428,0.5
grid,5429,0.5
grid,5430,0.5
grid,5431,0.5
grid,5432,0.5
grid,5433,0.5
grid,5434,0.5
grid,5435,0.5
grid,5436,0.5
grid,5437,0.5
grid,5438,0.5
grid,5439,0.5
grid,5440,0.5
grid,5441,0.5
grid,5442,0.5
grid,5443,0.5
grid,5444,0.5
grid,5445,0.5
grid,5446,0.5
grid,5447,0.5
grid,5448,0.5
grid,5449,0.5
grid,5450,0.5
grid,5451,0.5
grid,5452,0.5
grid,5453,0.5
grid,5454,0.5
grid,5455,0.5
grid,5456,0.5
grid,5457,0.5
grid,5458,0.5
grid,5459,0.5
grid,5460,0.5
grid,5461,0.5
grid,5462,0.5
grid,5463,0.5
grid,5464,0.5
grid,5465,0.5
grid,5466,0.5
grid,5467,0.5
grid,5468,0.5
grid,5469,0.5
grid,5470,0.5
grid,5471,0.5
grid,5472,0.5
grid,5473,0.5
grid,5474,0.5
grid,5475,0.5
grid,5476,0.5
grid,5477,0.5
grid,5478,0.5
grid,5479,0.5
grid,5480,0.5
grid,5481,0.5
grid,5482,0.5
grid,5483,0.5
grid,5484,0.5
grid,5485,0.5
grid,5486,0.5
grid,5487,0.5
grid,5488,0.5
grid,5489,0.5
grid,5490,0.5
grid,5491,0.5
grid,5492,0.5
grid,5493,0.5
grid,5494,0.5
grid,5495,0.5
grid,5496,0.5
grid,5497,0.5
grid,5498,0.5
grid,5499,0.5
grid,5500,0.5
grid,5501,0.5
grid,5502,0.5
grid,5503,0.5
grid,5504,0.5
grid,5505,0.5
grid,5506,0.5
grid,5507,0.5
grid,5508,0.5
grid,5509,0.5
grid,5510,0.5
grid,5511,0.5
grid,5512,0.5
grid,5513,0.5
grid,5514,0.5
grid,5515,0.5
grid,5516,0.5
grid,5517,0.5
grid,5518,0.5
grid,5519,0.5
grid,5520,0.5
grid,5521,0.5
grid,5522,0.5
grid,5523,0.5
grid,5524,0.5
grid,5525,0.5
grid,5526,0.5
grid,5527,0.5
grid,5528,0.5
grid,5529,0.5
grid,5530,0.5
grid,5531,0.5
grid,5532,0.5
grid,5533,0.5
grid,5534,0.5
grid,5535,0.5
grid,5536,0.5
grid,5537,0.5
grid,5538,0.5
grid,5539,0.5
grid,5540,0.5
grid,5541,0.5
grid,5542,0.5
grid,5543,0.5
grid,5544,0.5
grid,5545,0.5
grid,5546,0.5
grid,5547,0.5
grid,5548,0.5
grid,5549,0.5
grid,5550,0.5
grid,5551,0.5
grid,5552,0.5
grid,5553,0.5
grid,5554,0.5
grid,5555,0.5
grid,5556,0.5
grid,5557,0.5
grid,5558,0.5
grid,5559,0.5
grid,5560,0.5
grid,5561,0.5
grid,5562,0.5
grid,5563,0.5
grid,5564,0.5
grid,5565,0.5
grid,5566,0.5
grid,5567,0.5
grid,5568,0.5
grid,5569,0.5
grid,5570,0.5
grid,5571,0.5
grid,5572,0.5
grid,5573,0.5
grid,5574,0.5
grid,5575,0.5
grid,5576,0.5
grid,5577,0.5
grid,5578,0.5
grid,5579,0.5
grid,5580,0.5
grid,5581,0.5
grid,5582,0.5
grid,5583,0.5
grid,5584,0.5
grid,5585,0.5
grid,5586,0.5
grid,5587,0.5
grid,5588,0.5
grid,5589,0.5
grid,5590,0.5
grid,5591,0.5
grid,5592,0.5
grid,5593,0.5
grid,5594,0.5
grid,5595,0.5
grid,5596,0.5
grid,5597,0.5
grid,5598,0.5
grid,5599,0.5
grid,5600,0.5
grid,5601,0.5
grid,5602,0.5
grid,5603,0.5
grid,5604,0.5
grid,5605,0.5
grid,5606,0.5
grid,5607,0.5
grid,5608,0.5
grid,5609,0.5
grid,5610,0.5
grid,5611,0.5
grid,5612,0.5
grid,5613,0.5
grid,5614,0.5
grid,5615,0.5
grid,5616,0.5
grid,5617,0.5
grid,5618,0.5
grid,5619,0.5
grid,5620,0.5
grid,5621,0.5
grid,5622,0.5
grid,5623,0.5
grid,5624,0.5
grid,5625,0.5
grid,5626,0.5
grid,5627,0.5
grid,5628,0.5
grid,5629,0.5
grid,5630,0.5
grid,5631,0.5
grid,5632,0.5
grid,5633,0.5
grid,5634,0.5
grid,5635,0.5
grid,5636,0.5
grid,5637,0.5
grid,5638,0.5
grid,5639,0.5
grid,5640,0.5
grid,5641,0.5
grid,5642,0.5
grid,5643,0.5
grid,5644,0.5
grid,5645,0.5
grid,5646,0.5
grid,5647,0.5
grid,5648,0.5
grid,5649,0.5
grid,5650,0.5
grid,5651,0.5
grid,5652,0.5
grid,5653,0.5
grid,5654,0.5
grid,5655,0.5
grid,5656,0.5
grid,5657,0.5
grid,5658,0.5
grid,5659,0.5
grid,5660,0.5
grid,5661,0.5
grid,5662,0.5
grid,5663,0.5
grid,5664,0.5
grid,5665,0.5
grid,5666,0.5
grid,5667,0.5
grid,5668,0.5
grid,5669,0.5
grid,5670,0.5
grid,5671,0.5
grid,5672,0.5
grid,5673,0.5
grid,5674,0.5
grid,5675,0.5
grid,5676,0.5
grid,5677,0.5
grid,5678,0.5
grid,5679,0.5
grid,5680,0.5
grid,5681,0.5
grid,5682,0.5
grid,5683,0.5
grid,5684,0.5
grid,5685,0.5
grid,5686,0.5
grid,5687,0.5
grid,5688,0.5
grid,5689,0.5
grid,5690,0.5
grid,5691,0.5
grid,5692,0.5
grid,5693,0.5
grid,5694,0.5
grid,5695,0.5
grid,5696,0.5
grid,5697,0.5
grid,5698,0.5
grid,5699,0.5
grid,5700,0.5
grid,5701,0.5
grid,5702,0.5
grid,5703,0.5
grid,5704,0.5
grid,5705,0.5
grid,5706,0.5
grid,5707,0.5
grid,5708,0.5
grid,5709,0.5
grid,5710,0.5
grid,5711,0.5
grid,5712,0.5
grid,5713,0.5
grid,5714,0.5
grid,5715,0.5
grid,5716,0.5
grid,5717,0.5
grid,5718,0.5
grid,5719,0.5
grid,5720,0.5
grid,5721,0.5
grid,5722,0.5
grid,5723,0.5
grid,5724,0.5
grid,5725,0.5
grid,5726,0.5
grid,5727,0.5
grid,5728,0.5
grid,5729,0.5
grid,5730,0.5
grid,5731,0.5
grid,5732,0.5
grid,5733,0.5
grid,5734,0.5
grid,5735,0.5
grid,5736,0.5
grid,5737,0.5
grid,5738,0.5
grid,5739,0.5
grid,5740,0.5
grid,5741,0.5
grid,5742,0.5
grid,5743,0.5
grid,5744,0.5
grid,5745,0.5
grid,5746,0.5
grid,5747,0.5
grid,5748,0.5
grid,5749,0.5
grid,5750,0.5
grid,5751,0.5
grid,5752,0.5
grid,5753,0.5
grid,5754,0.5
grid,5755,0.5
grid,5756,0.5
grid,5757,0.5
grid,5758,0.5
grid,5759,0.5
grid,5760,0.5
grid,5761,0.5
grid,5762,0.5
grid,5763,0.5
grid,5764,0.5
grid,5765,0.5
grid,5766,0.5
grid,5767,0.5
grid,5768,0.5
grid,5769,0.5
grid,5770,0.5
grid,5771,0.5
grid,5772,0.5
grid,5773,0.5
grid,5774,0.5
grid,5775,0.5
grid,5776,0.5
grid,5777,0.5
grid,5778,0.5
grid,5779,0.5
grid,5780,0.5
grid,5781,0.5
grid,5782,0.5
grid,5783,0.5
grid,5784,0.5
grid,5785,0.5
grid,5786,0.5
grid,5787,0.5
grid,5788,0.5
grid,5789,0.5
grid,5790,0.5
grid,5791,0.5
grid,5792,0.5
grid,5793,0.5
grid,5794,0.5
grid,5795,0.5
grid,5796,0.5
grid,5797,0.5
grid,5798,0.5
grid,5799,0.5
grid,5800,0.5
grid,5801,0.5
grid,5802,0.5
grid,5803,0.5
grid,5804,0.5
grid,5805,0.5
grid,5806,0.5
grid,5807,0.5
grid,5808,0.5
grid,5809,0.5
grid,5810,0.5
grid,5811,0.5
grid,5812,0.5
grid,5813,0.5
grid,5814,0.5
grid,5815,0.5
grid,5816,0.5
grid,5817,0.5
grid,5818,0.5
grid,5819,0.5
grid,5820,0.5
grid,5821,0.5
grid,5822,0.5
grid,5823,0.5
grid,5824,0.5
grid,5825,0.5
grid,5826,0.5
grid,5827,0.5
grid,5828,0.5
grid,5829,0.5
grid,5830,0.5
grid,5831,0.5
grid,5832,0.5
grid,5833,0.5
grid,5834,0.5
grid,5835,0.5
grid,5836,0.5
grid,5837,0.5
grid,5838,0.5
grid,5839,0.5
grid,5840,0.5
grid,5841,0.5
grid,5842,0.5
grid,5843,0.5
grid,5844,0.5
grid,5845,0.5
grid,5846,0.5
grid,5847,0.5
grid,5848,0.5
grid,5849,0.5
grid,5850,0.5
grid,5851,0.5
grid,5852,0.5
grid,5853,0.5
grid,5854,0.5
grid,5855,0.5
grid,5856,0.5
grid,5857,0.5
grid,5858,0.5
grid,5859,0.5
grid,5860,0.5
grid,5861,0.5
grid,5862,0.5
grid,5863,0.5
grid,5864,0.5
grid,5865,0.5
grid,5866,0.5
grid,5867,0.5
grid,5868,0.5
grid,5869,0.5
grid,5870,0.5
grid,5871,0.5
grid,5872,0.5
grid,5873,0.5
grid,5874,0.5
grid,5875,0.5
grid,5876,0.5
grid,5877,0.5
grid,5878,0.5
grid,5879,0.5
grid,5880,0.5
grid,5881,0.5
grid,5882,0.5
grid,5883,0.5
grid,5884,0.5
grid,5885,0.5
grid,5886,0.5
grid,5887,0.5
grid,5888,0.5
grid,5889,0.5
grid,5890,0.5
grid,5891,0.5
grid,5892,0.5
grid,5893,0.5
grid,5894,0.5
grid,5895,0.5
grid,5896,0.5
grid,5897,0.5
grid,5898,0.5
grid,5899,0.5
grid,5900,0.5
grid,5901,0.5
grid,5902,0.5
grid,5903,0.5
grid,5904,0.5
grid,5905,0.5
grid,5906,0.5
grid,5907,0.5
grid,5908,0.5
grid,5909,0.5
grid,5910,0.5
grid,5911,0.5
grid,5912,0.5
grid,5913,0.5
grid,5914,0.5
grid,5915,0.5
grid,5916,0.5
grid,5917,0.5
grid,5918,0.5
grid,5919,0.5
grid,5920,0.5
grid,5921,0.5
grid,5922,0.5
grid,5923,0.5
grid,5924,0.5
grid,5925,0.5
grid,5926,0.5
grid,5927,0.5
grid,5928,0.5
grid,5929,0.5
grid,5930,0.5
grid,5931,0.5
grid,5932,0.5
grid,5933,0.5
grid,5934,0.5
grid,5935,0.5
grid,5936,0.5
grid,5937,0.5
grid,5938,0.5
grid,5939,0.5
grid,5940,0.5
grid,5941,0.5
grid,5942,0.5
grid,5943,0.5
grid,5944,0.5
grid,5945,0.5
grid,5946,0.5
grid,5947,0.5
grid,5948,0.5
grid,5949,0.5
grid,5950,0.5
grid,5951,0.5
grid,5952,0.5
grid,5953,0.5
grid,5954,0.5
grid,5955,0.5
grid,5956,0.5
grid,5957,0.5
grid,5958,0.5
grid,5959,0.5
grid,5960,0.5
grid,5961,0.5
grid,5962,0.5
grid,5963,0.5
grid,5964,0.5
grid,5965,0.5
grid,5966,0.5
grid,5967,0.5
grid,5968,0.5
grid,5969,0.5
grid,5970,0.5
grid,5971,0.5
grid,5972,0.5
grid,5973,0.5
grid,5974,0.5
grid,5975,0.5
grid,5976,0.5
grid,5977,0.5
grid,5978,0.5
grid,5979,0.5
grid,5980,0.5
grid,5981,0.5
grid,5982,0.5
grid,5983,0.5
grid,5984,0.5
grid,5985,0.5
grid,5986,0.5
grid,5987,0.5
grid,5988,0.5
grid,5989,0.5
grid,5990,0.5
grid,5991,0.5
grid,5992,0.5
grid,5993,0.5
grid,5994,0.5
grid,5995,0.5
grid,5996,0.5
grid,5997,0.5
grid,5998,0.5
grid,5999,0.5
grid,6000,0.5
grid,6001,0.5
grid,6002,0.5
grid,6003,0.5
grid,6004,0.5
grid,6005,0.5
grid,6006,0.5
grid,6007,0.5
grid,6008,0.5
grid,6009,0.5
grid,6010,0.5
grid,6011,0.5
grid,6012,0.5
grid,6013,0.5
grid,6014,0.5
grid,6015,0.5
grid,6016,0.5
grid,6017,0.5
grid,6018,0.5
grid,6019,0.5
grid,6020,0.5
grid,6021,0.5
grid,6022,0.5
grid,6023,0.5
grid,6024,0.5
grid,6025,0.5
grid,6026,0.5
grid,6027,0.5
grid,6028,0.5
grid,6029,0.5
grid,6030,0.5
grid,6031,0.5
grid,6032,0.5
grid,6033,0.5
grid,6034,0.5
grid,6035,0.5
grid,6036,0.5
grid,6037,0.5
grid,6038,0.5
grid,6039,0.5
grid,6040,0.5
grid,6041,0.5
grid,6042,0.5
grid,6043,0.5
grid,6044,0.5
grid,6045,0.5
grid,6046,0.5
grid,6047,0.5
grid,6048,0.5
grid,6049,0.5
grid,6050,0.5
grid,6051,0.5
grid,6052,0.5
grid,6053,0.5
grid,6054,0.5
grid,6055,0.5
grid,6056,0.5
grid,6057,0.5
grid,6058,0.5
grid,6059,0.5
grid,6060,0.5
grid,6061,0.5
grid,6062,0.5
grid,6063,0.5
grid,6064,0.5
grid,6065,0.5
grid,6066,0.5
grid,6067,0.5
grid,6068,0.5
grid,6069,0.5
grid,6070,0.5
grid,6071,0.5
grid,6072,0.5
grid,6073,0.5
grid,6074,0.5
grid,6075,0.5
grid,6076,0.5
grid,6077,0.5
grid,6078,0.5
grid,6079,0.5
grid,6080,0.5
grid,6081,0.5
grid,6082,0.5
grid,6083,0.5
grid,6084,0.5
grid,6085,0.5
grid,6086,0.5
grid,6087,0.5
grid,6088,0.5
grid,6089,0.5
grid,6090,0.5
grid,6091,0.5
grid,6092,0.5
grid,6093,0.5
grid,6094,0.5
grid,6095,0.5
grid,6096,0.5
grid,6097,0.5
grid,6098,0.5
grid,6099,0.5
grid,6100,0.5
grid,6101,0.5
grid,6102,0.5
grid,6103,0.5
grid,6104,0.5
grid,6105,0.5
grid,6106,0.5
grid,6107,0.5
grid,6108,0.5
grid,6109,0.5
grid,6110,0.5
grid,6111,0.5
grid,6112,0.5
grid,6113,0.5
grid,6114,0.5
grid,6115,0.5
grid,6116,0.5
grid,6117,0.5
grid,6118,0.5
grid,6119,0.5
grid,6120,0.5
grid,6121,0.5
grid,6122,0.5
grid,6123,0.5
grid,6124,0.5
grid,6125,0.5
grid,6126,0.5
grid,6127,0.5
grid,6128,0.5
grid,6129,0.5
grid,6130,0.5
grid,6131,0.5
grid,6132,0.5
grid,6133,0.5
grid,6134,0.5
grid,6135,0.5
grid,6136,0.5
grid,6137,0.5
grid,6138,0.5
grid,6139,0.5
grid,6140,0.5
grid,6141,0.5
grid,6142,0.5
grid,6143,0.5
grid,6144,0.5
grid,6145,0.5
grid,6146,0.5
grid,6147,0.5
grid,6148,0.5
grid,6149,0.5
grid,6150,0.5
grid,6151,0.5
grid,6152,0.5
grid,6153,0.5
grid,6154,0.5
grid,6155,0.5
grid,6156,0.5
grid,6157,0.5
grid,6158,0.5
grid,6159,0.5
grid,6160,0.5
grid,6161,0.5
grid,6162,0.5
grid,6163,0.5
grid,6164,0.5
grid,6165,0.5
grid,6166,0.5
grid,6167,0.5
grid,6168,0.5
grid,6169,0.5
grid,6170,0.5
grid,6171,0.5
grid,6172,0.5
grid,6173,0.5
grid,6174,0.5
grid,6175,0.5
grid,6176,0.5
grid,6177,0.5
grid,6178,0.5
grid,6179,0.5
grid,6180,0.5
grid,6181,0.5
grid,6182,0.5
grid,6183,0.5
grid,6184,0.5
grid,6185,0.5
grid,6186,0.5
grid,6187,0.5
grid,6188,0.5
grid,6189,0.5
grid,6190,0.5
grid,6191,0.5
grid,6192,0.5
grid,6193,0.5
grid,6194,0.5
grid,6195,0.5
grid,6196,0.5
grid,6197,0.5
grid,6198,0.5
grid,6199,0.5
grid,6200,0.5
grid,6201,0.5
grid,6202,0.5
grid,6203,0.5
grid,6204,0.5
grid,6205,0.5
grid,6206,0.5
grid,6207,0.5
grid,6208,0.5
grid,6209,0.5
grid,6210,0.5
grid,6211,0.5
grid,6212,0.5
grid,6213,0.5
grid,6214,0.5
grid,6215,0.5
grid,6216,0.5
grid,6217,0.5
grid,6218,0.5
grid,6219,0.5
grid,6220,0.5
grid,6221,0.5
grid,6222,0.5
grid,6223,0.5
grid,6224,0.5
grid,6225,0.5
grid,6226,0.5
grid,6227,0.5
grid,6228,0.5
grid,6229,0.5
grid,6230,0.5
grid,6231,0.5
grid,6232,0.5
grid,6233,0.5
grid,6234,0.5
grid,6235,0.5
grid,6236,0.5
grid,6237,0.5
grid,6238,0.5
grid,6239,0.5
grid,6240,0.5
grid,6241,0.5
grid,6242,0.5
grid,6243,0.5
grid,6244,0.5
grid,6245,0.5
grid,6246,0.5
grid,6247,0.5
grid,6248,0.5
grid,6249,0.5
grid,6250,0.5
grid,6251,0.5
grid,6252,0.5
grid,6253,0.5
grid,6254,0.5
grid,6255,0.5
grid,6256,0.5
grid,6257,0.5
grid,6258,0.5
grid,6259,0.5
grid,6260,0.5
grid,6261,0.5
grid,6262,0.5
grid,6263,0.5
grid,6264,0.5
grid,6265,0.5
grid,6266,0.5
grid,6267,0.5
grid,6268,0.5
grid,6269,0.5
grid,6270,0.5
grid,6271,0.5
grid,6272,0.5
grid,6273,0.5
grid,6274,0.5
grid,6275,0.5
grid,6276,0.5
grid,6277,0.5
grid,6278,0.5
grid,6279,0.5
grid,6280,0.5
grid,6281,0.5
grid,6282,0.5
grid,6283,0.5
grid,6284,0.5
grid,6285,0.5
grid,6286,0.5
grid,6287,0.5
grid,6288,0.5
grid,6289,0.5
grid,6290,0.5
grid,6291,0.5
grid,6292,0.5
grid,6293,0.5
grid,6294,0.5
grid,6295,0.5
grid,6296,0.5
grid,6297,0.5
grid,6298,0.5
grid,6299,0.5
grid,6300,0.5
grid,6301,0.5
grid,6302,0.5
grid,6303,0.5
grid,6304,0.5
grid,6305,0.5
grid,6306,0.5
grid,6307,0.5
grid,6308,0.5
grid,6309,0.5
grid,6310,0.5
grid,6311,0.5
grid,6312,0.5
grid,6313,0.5
grid,6314,0.5
grid,6315,0.5
grid,6316,0.5
grid,6317,0.5
grid,6318,0.5
grid,6319,0.5
grid,6320,0.5
grid,6321,0.5
grid,6322,0.5
grid,6323,0.5
grid,6324,0.5
grid,6325,0.5
grid,6326,0.5
grid,6327,0.5
grid,6328,0.5
grid,6329,0.5
grid,6330,0.5
grid,6331,0.5
grid,6332,0.5
grid,6333,0.5
grid,6334,0.5
grid,6335,0.5
grid,6336,0.5
grid,6337,0.5
grid,6338,0.5
grid,6339,0.5
grid,6340,0.5
grid,6341,0.5
grid,6342,0.5
grid,6343,0.5
grid,6344,0.5
grid,6345,0.5
grid,6346,0.5
grid,6347,0.5
grid,6348,0.5
grid,6349,0.5
grid,6350,0.5
grid,6351,0.5
grid,6352,0.5
grid,6353,0.5
grid,6354,0.5
grid,6355,0.5
grid,6356,0.5
grid,6357,0.5
grid,6358,0.5
grid,6359,0.5
grid,6360,0.5
grid,6361,0.5
grid,6362,0.5
grid,6363,0.5
grid,6364,0.5
grid,6365,0.5
grid,6366,0.5
grid,6367,0.5
grid,6368,0.5
grid,6369,0.5
grid,6370,0.5
grid,6371,0.5
grid,6372,0.5
grid,6373,0.5
grid,6374,0.5
grid,6375,0.5
grid,6376,0.5
grid,6377,0.5
grid,6378,0.5
grid,6379,0.5
grid,6380,0.5
grid,6381,0.5
grid,6382,0.5
grid,6383,0.5
grid,6384,0.5
grid,6385,0.5
grid,6386,0.5
grid,6387,0.5
grid,6388,0.5
grid,6389,0.5
grid,6390,0.5
grid,6391,0.5
grid,6392,0.5
grid,6393,0.5
grid,6394,0.5
grid,6395,0.5
grid,6396,0.5
grid,6397,0.5
grid,6398,0.5
grid,6399,0.5
grid,6400,0.5
grid,6401,0.5
grid,6402,0.5
grid,6403,0.5
grid,6404,0.5
grid,6405,0.5
grid,6406,0.5
grid,6407,0.5
grid,6408,0.5
grid,6409,0.5
grid,6410,0.5
grid,6411,0.5
grid,6412,0.5
grid,6413,0.5
grid,6414,0.5
grid,6415,0.5
grid,6416,0.5
grid,6417,0.5
grid,6418,0.5
grid,6419,0.5
grid,6420,0.5
grid,6421,0.5
grid,6422,0.5
grid,6423,0.5
grid,6424,0.5
grid,6425,0.5
grid,6426,0.5
grid,6427,0.5
grid,6428,0.5
grid,6429,0.5
grid,6430,0.5
grid,6431,0.5
grid,6432,0.5
grid,6433,0.5
grid,6434,0.5
grid,6435,0.5
grid,6436,0.5
grid,6437,0.5
grid,6438,0.5
grid,6439,0.5
grid,6440,0.5
grid,6441,0.5
grid,6442,0.5
grid,6443,0.5
grid,6444,0.5
grid,6445,0.5
grid,6446,0.5
grid,6447,0.5
grid,6448,0.5
grid,6449,0.5
grid,6450,0.5
grid,6451,0.5
grid,6452,0.5
grid,6453,0.5
grid,6454,0.5
grid,6455,0.5
grid,6456,0.5
grid,6457,0.5
grid,6458,0.5
grid,6459,0.5
grid,6460,0.5
grid,6461,0.5
grid,6462,0.5
grid,6463,0.5
grid,6464,0.5
grid,6465,0.5
grid,6466,0.5
grid,6467,0.5
grid,6468,0.5
grid,6469,0.5
grid,6470,0.5
grid,6471,0.5
grid,6472,0.5
grid,6473,0.5
grid,6474,0.5
grid,6475,0.5
grid,6476,0.5
grid,6477,0.5
grid,6478,0.5
grid,6479,0.5
grid,6480,0.5
grid,6481,0.5
grid,6482,0.5
grid,6483,0.5
grid,6484,0.5
grid,6485,0.5
grid,6486,0.5
grid,6487,0.5
grid,6488,0.5
grid,6489,0.5
grid,6490,0.5
grid,6491,0.5
grid,6492,0.5
grid,6493,0.5
grid,6494,0.5
grid,6495,0.5
grid,6496,0.5
grid,6497,0.5
grid,6498,0.5
grid,6499,0.5
grid,6500,0.5
grid,6501,0.5
grid,6502,0.5
grid,6503,0.5
grid,6504,0.5
grid,6505,0.5
grid,6506,0.5
grid,6507,0.5
grid,6508,0.5
grid,6509,0.5
grid,6510,0.5
grid,6511,0.5
grid,6512,0.5
grid,6513,0.5
grid,6514,0.5
grid,6515,0.5
grid,6516,0.5
grid,6517,0.5
grid,6518,0.5
grid,6519,0.5
grid,6520,0.5
grid,6521,0.5
grid,6522,0.5
grid,6523,0.5
grid,6524,0.5
grid,6525,0.5
grid,6526,0.5
grid,6527,0.5
grid,6528,0.5
grid,6529,0.5
grid,6530,0.5
grid,6531,0.5
grid,6532,0.5
grid,6533,0.5
grid,6534,0.5
grid,6535,0.5
grid,6536,0.5
grid,6537,0.5
grid,6538,0.5
grid,6539,0.5
grid,6540,0.5
grid,6541,0.5
grid,6542,0.5
grid,6543,0.5
grid,6544,0.5
grid,6545,0.5
grid,6546,0.5
grid,6547,0.5
grid,6548,0.5
grid,6549,0.5
grid,6550,0.5
grid,6551,0.5
grid,6552,0.5
grid,6553,0.5
grid,6554,0.5
grid,6555,0.5
grid,6556,0.5
grid,6557,0.5
grid,6558,0.5
grid,6559,0.5
grid,6560,0.5
grid,6561,0.5
grid,6562,0.5
grid,6563,0.5
grid,6564,0.5
grid,6565,0.5
grid,6566,0.5
grid,6567,0.5
grid,6568,0.5
grid,6569,0.5
grid,6570,0.5
grid,6571,0.5
grid,6572,0.5
grid,6573,0.5
grid,6574,0.5
grid,6575,0.5
grid,6576,0.5
grid,6577,0.5
grid,6578,0.5
grid,6579,0.5
grid,6580,0.5
grid,6581,0.5
grid,6582,0.5
grid,6583,0.5
grid,6584,0.5
grid,6585,0.5
grid,6586,0.5
grid,6587,0.5
grid,6588,0.5
grid,6589,0.5
grid,6590,0.5
grid,6591,0.5
grid,6592,0.5
grid,6593,0.5
grid,6594,0.5
grid,6595,0.5
grid,6596,0.5
grid,6597,0.5
grid,6598,0.5
grid,6599,0.5
grid,6600,0.5
grid,6601,0.5
grid,6602,0.5
grid,6603,0.5
grid,6604,0.5
grid,6605,0.5
grid,6606,0.5
grid,6607,0.5
grid,6608,0.5
grid,6609,0.5
grid,6610,0.5
grid,6611,0.5
grid,6612,0.5
grid,6613,0.5
grid,6614,0.5
grid,6615,0.5
grid,6616,0.5
grid,6617,0.5
grid,6618,0.5
grid,6619,0.5
grid,6620,0.5
grid,6621,0.5
grid,6622,0.5
grid,6623,0.5
grid,6624,0.5
grid,6625,0.5
grid,6626,0.5
grid,6627,0.5
grid,6628,0.5
grid,6629,0.5
grid,6630,0.5
grid,6631,0.5
grid,6632,0.5
grid,6633,0.5
grid,6634,0.5
grid,6635,0.5
grid,6636,0.5
grid,6637,0.5
grid,6638,0.5
grid,6639,0.5
grid,6640,0.5
grid,6641,0.5
grid,6642,0.5
grid,6643,0.5
grid,6644,0.5
grid,6645,0.5
grid,6646,0.5
grid,6647,0.5
grid,6648,0.5
grid,6649,0.5
grid,6650,0.5
grid,6651,0.5
grid,6652,0.5
grid,6653,0.5
grid,6654,0.5
grid,6655,0.5
grid,6656,0.5
grid,6657,0.5
grid,6658,0.5
grid,6659,0.5
grid,6660,0.5
grid,6661,0.5
grid,6662,0.5
grid,6663,0.5
grid,6664,0.5
grid,6665,0.5
grid,6666,0.5
grid,6667,0.5
grid,6668,0.5
grid,6669,0.5
grid,6670,0.5
grid,6671,0.5
grid,6672,0.5
grid,6673,0.5
grid,6674,0.5
grid,6675,0.5
grid,6676,0.5
grid,6677,0.5
grid,6678,0.5
grid,6679,0.5
grid,6680,0.5
grid,6681,0.5
grid,6682,0.5
grid,6683,0.5
grid,6684,0.5
grid,6685,0.5
grid,6686,0.5
grid,6687,0.5
grid,6688,0.5
grid,6689,0.5
grid,6690,0.5
grid,6691,0.5
grid,6692,0.5
grid,6693,0.5
grid,6694,0.5
grid,6695,0.5
grid,6696,0.5
grid,6697,0.5
grid,6698,0.5
grid,6699,0.5
grid,6700,0.5
grid,6701,0.5
grid,6702,0.5
grid,6703,0.5
grid,6704,0.5
grid,6705,0.5
grid,6706,0.5
grid,6707,0.5
grid,6708,0.5
grid,6709,0.5
grid,6710,0.5
grid,6711,0.5
grid,6712,0.5
grid,6713,0.5
grid,6714,0.5
grid,6715,0.5
grid,6716,0.5
grid,6717,0.5
grid,6718,0.5
grid,6719,0.5
grid,6720,0.5
grid,6721,0.5
grid,6722,0.5
grid,6723,0.5
grid,6724,0.5
grid,6725,0.5
grid,6726,0.5
grid,6727,0.5
grid,6728,0.5
grid,6729,0.5
grid,6730,0.5
grid,6731,0.5
grid,6732,0.5
grid,6733,0.5
grid,6734,0.5
grid,6735,0.5
grid,6736,0.5
grid,6737,0.5
grid,6738,0.5
grid,6739,0.5
grid,6740,0.5
grid,6741,0.5
grid,6742,0.5
grid,6743,0.5
grid,6744,0.5
grid,6745,0.5
grid,6746,0.5
grid,6747,0.5
grid,6748,0.5
grid,6749,0.5
grid,6750,0.5
grid,6751,0.5
grid,6752,0.5
grid,6753,0.5
grid,6754,0.5
grid,6755,0.5
grid,6756,0.5
grid,6757,0.5
grid,6758,0.5
grid,6759,0.5
grid,6760,0.5
grid,6761,0.5
grid,6762,0.5
grid,6763,0.5
grid,6764,0.5
grid,6765,0.5
grid,6766,0.5
grid,6767,0.5
grid,6768,0.5
grid,6769,0.5
grid,6770,0.5
grid,6771,0.5
grid,6772,0.5
grid,6773,0.5
grid,6774,0.5
grid,6775,0.5
grid,6776,0.5
grid,6777,0.5
grid,6778,0.5
grid,6779,0.5
grid,6780,0.5
grid,6781,0.5
grid,6782,0.5
grid,6783,0.5
grid,6784,0.5
grid,6785,0.5
grid,6786,0.5
grid,6787,0.5
grid,6788,0.5
grid,6789,0.5
grid,6790,0.5
grid,6791,0.5
grid,6792,0.5
grid,6793,0.5
grid,6794,0.5
grid,6795,0.5
grid,6796,0.5
grid,6797,0.5
grid,6798,0.5
grid,6799,0.5
grid,6800,0.5
grid,6801,0.5
grid,6802,0.5
grid,6803,0.5
grid,6804,0.5
grid,6805,0.5
grid,6806,0.5
grid,6807,0.5
grid,6808,0.5
grid,6809,0.5
grid,6810,0.5
grid,6811,0.5
grid,6812,0.5
grid,6813,0.5
grid,6814,0.5
grid,6815,0.5
grid,6816,0.5
grid,6817,0.5
grid,6818,0.5
grid,6819,0.5
grid,6820,0.5
grid,6821,0.5
grid,6822,0.5
grid,6823,0.5
grid,6824,0.5
grid,6825,0.5
grid,6826,0.5
grid,6827,0.5
grid,6828,0.5
grid,6829,0.5
grid,6830,0.5
grid,6831,0.5
grid,6832,0.5
grid,6833,0.5
grid,6834,0.5
grid,6835,0.5
grid,6836,0.5
grid,6837,0.5
grid,6838,0.5
grid,6839,0.5
grid,6840,0.5
grid,6841,0.5
grid,6842,0.5
grid,6843,0.5
grid,6844,0.5
grid,6845,0.5
grid,6846,0.5
grid,6847,0.5
grid,6848,0.5
grid,6849,0.5
grid,6850,0.5
grid,6851,0.5
grid,6852,0.5
grid,6853,0.5
grid,6854,0.5
grid,6855,0.5
grid,6856,0.5
grid,6857,0.5
grid,6858,0.5
grid,6859,0.5
grid,6860,0.5
grid,6861,0.5
grid,6862,0.5
grid,6863,0.5
grid,6864,0.5
grid,6865,0.5
grid,6866,0.5
grid,6867,0.5
grid,6868,0.5
grid,6869,0.5
grid,6870,0.5
grid,6871,0.5
grid,6872,0.5
grid,6873,0.5
grid,6874,0.5
grid,6875,0.5
grid,6876,0.5
grid,6877,0.5
grid,6878,0.5
grid,6879,0.5
grid,6880,0.5
grid,6881,0.5
grid,6882,0.5
grid,6883,0.5
grid,6884,0.5
grid,6885,0.5
grid,6886,0.5
grid,6887,0.5
grid,6888,0.5
grid,6889,0.5
grid,6890,0.5
grid,6891,0.5
grid,6892,0.5
grid,6893,0.5
grid,6894,0.5
grid,6895,0.5
grid,6896,0.5
grid,6897,0.5
grid,6898,0.5
grid,6899,0.5
grid,6900,0.5
grid,6901,0.5
grid,6902,0.5
grid,6903,0.5
grid,6904,0.5
grid,6905,0.5
grid,6906,0.5
grid,6907,0.5
grid,6908,0.5
grid,6909,0.5
grid,6910,0.5
grid,6911,0.5
grid,6912,0.5
grid,6913,0.5
grid,6914,0.5
grid,6915,0.5
grid,6916,0.5
grid,6917,0.5
grid,6918,0.5
grid,6919,0.5
grid,6920,0.5
grid,6921,0.5
grid,6922,0.5
grid,6923,0.5
grid,6924,0.5
grid,6925,0.5
grid,6926,0.5
grid,6927,0.5
grid,6928,0.5
grid,6929,0.5
grid,6930,0.5
grid,6931,0.5
grid,6932,0.5
grid,6933,0.5
grid,6934,0.5
grid,6935,0.5
grid,6936,0.5
grid,6937,0.5
grid,6938,0.5
grid,6939,0.5
grid,6940,0.5
grid,6941,0.5
grid,6942,0.5
grid,6943,0.5
grid,6944,0.5
grid,6945,0.5
grid,6946,0.5
grid,6947,0.5
grid,6948,0.5
grid,6949,0.5
grid,6950,0.5
grid,6951,0.5
grid,6952,0.5
grid,6953,0.5
grid,6954,0.5
grid,6955,0.5
grid,6956,0.5
grid,6957,0.5
grid,6958,0.5
grid,6959,0.5
grid,6960,0.5
grid,6961,0.5
grid,6962,0.5
grid,6963,0.5
grid,6964,0.5
grid,6965,0.5
grid,6966,0.5
grid,6967,0.5
grid,6968,0.5
grid,6969,0.5
grid,6970,0.5
grid,6971,0.5
grid,6972,0.5
grid,6973,0.5
grid,6974,0.5
grid,6975,0.5
grid,6976,0.5
grid,6977,0.5
grid,6978,0.5
grid,6979,0.5
grid,6980,0.5
grid,6981,0.5
grid,6982,0.5
grid,6983,0.5
grid,6984,0.5
grid,6985,0.5
grid,6986,0.5
grid,6987,0.5
grid,6988,0.5
grid,6989,0.5
grid,6990,0.5
grid,6991,0.5
grid,6992,0.5
grid,6993,0.5
grid,6994,0.5
grid,6995,0.5
grid,6996,0.5
grid,6997,0.5
grid,6998,0.5
grid,6999,0.5
grid,7000,0.5
grid,7001,0.5
grid,7002,0.5
grid,7003,0.5
grid,7004,0.5
grid,7005,0.5
grid,7006,0.5
grid,7007,0.5
grid,7008,0.5
grid,7009,0.5
grid,7010,0.5
grid,7011,0.5
grid,7012,0.5
grid,7013,0.5
grid,7014,0.5
grid,7015,0.5
grid,7016,0.5
grid,7017,0.5
grid,7018,0.5
grid,7019,0.5
grid,7020,0.5
grid,7021,0.5
grid,7022,0.5
grid,7023,0.5
grid,7024,0.5
grid,7025,0.5
grid,7026,0.5
grid,7027,0.5
grid,7028,0.5
grid,7029,0.5
grid,7030,0.5
grid,7031,0.5
grid,7032,0.5
grid,7033,0.5
grid,7034,0.5
grid,7035,0.5
grid,7036,0.5
grid,7037,0.5
grid,7038,0.5
grid,7039,0.5
grid,7040,0.5
grid,7041,0.5
grid,7042,0.5
grid,7043,0.5
grid,7044,0.5
grid,7045,0.5
grid,7046,0.5
grid,7047,0.5
grid,7048,0.5
grid,7049,0.5
grid,7050,0.5
grid,7051,0.5
grid,7052,0.5
grid,7053,0.5
grid,7054,0.5
grid,7055,0.5
grid,7056,0.5
grid,7057,0.5
grid,7058,0.5
grid,7059,0.5
grid,7060,0.5
grid,7061,0.5
grid,7062,0.5
grid,7063,0.5
grid,7064,0.5
grid,7065,0.5
grid,7066,0.5
grid,7067,0.5
grid,7068,0.5
grid,7069,0.5
grid,7070,0.5
grid,7071,0.5
grid,7072,0.5
grid,7073,0.5
grid,7074,0.5
grid,7075,0.5
grid,7076,0.5
grid,7077,0.5
grid,7078,0.5
grid,7079,0.5
grid,7080,0.5
grid,7081,0.5
grid,7082,0.5
grid,7083,0.5
grid,7084,0.5
grid,7085,0.5
grid,7086,0.5
grid,7087,0.5
grid,7088,0.5
grid,7089,0.5
grid,7090,0.5
grid,7091,0.5
grid,7092,0.5
grid,7093,0.5
grid,7094,0.5
grid,7095,0.5
grid,7096,0.5
grid,7097,0.5
grid,7098,0.5
grid,7099,0.5
grid,7100,0.5
grid,7101,0.5
grid,7102,0.5
grid,7103,0.5
grid,7104,0.5
grid,7105,0.5
grid,7106,0.5
grid,7107,0.5
grid,7108,0.5
grid,7109,0.5
grid,7110,0.5
grid,7111,0.5
grid,7112,0.5
grid,7113,0.5
grid,7114,0.5
grid,7115,0.5
grid,7116,0.5
grid,7117,0.5
grid,7118,0.5
grid,7119,0.5
grid,7120,0.5
grid,7121,0.5
grid,7122,0.5
grid,7123,0.5
grid,7124,0.5
grid,7125,0.5
grid,7126,0.5
grid,7127,0.5
grid,7128,0.5
grid,7129,0.5
grid,7130,0.5
grid,7131,0.5
grid,7132,0.5
grid,7133,0.5
grid,7134,0.5
grid,7135,0.5
grid,7136,0.5
grid,7137,0.5
grid,7138,0.5
grid,7139,0.5
grid,7140,0.5
grid,7141,0.5
grid,7142,0.5
grid,7143,0.5
grid,7144,0.5
grid,7145,0.5
grid,7146,0.5
grid,7147,0.5
grid,7148,0.5
grid,7149,0.5
grid,7150,0.5
grid,7151,0.5
grid,7152,0.5
grid,7153,0.5
grid,7154,0.5
grid,7155,0.5
grid,7156,0.5
grid,7157,0.5
grid,7158,0.5
grid,7159,0.5
grid,7160,0.5
grid,7161,0.5
grid,7162,0.5
grid,7163,0.5
grid,7164,0.5
grid,7165,0.5
grid,7166,0.5
grid,7167,0.5
grid,7168,0.5
grid,7169,0.5
grid,7170,0.5
grid,7171,0.5
grid,7172,0.5
grid,7173,0.5
grid,7174,0.5
grid,7175,0.5
grid,7176,0.5
grid,7177,0.5
grid,7178,0.5
grid,7179,0.5
grid,7180,0.5
grid,7181,0.5
grid,7182,0.5
grid,7183,0.5
grid,7184,0.5
grid,7185,0.5
grid,7186,0.5
grid,7187,0.5
grid,7188,0.5
grid,7189,0.5
grid,7190,0.5
grid,7191,0.5
grid,7192,0.5
grid,7193,0.5
grid,7194,0.5
grid,7195,0.5
grid,7196,0.5
grid,7197,0.5
grid,7198,0.5
grid,7199,0.5
grid,7200,0.5
grid,7201,0.5
grid,7202,0.5
grid,7203,0.5
grid,7204,0.5
grid,7205,0.5
grid,7206,0.5
grid,7207,0.5
grid,7208,0.5
grid,7209,0.5
grid,7210,0.5
grid,7211,0.5
grid,7212,0.5
grid,7213,0.5
grid,7214,0.5
grid,7215,0.5
grid,7216,0.5
grid,7217,0.5
grid,7218,0.5
grid,7219,0.5
grid,7220,0.5
grid,7221,0.5
grid,7222,0.5
grid,7223,0.5
grid,7224,0.5
grid,7225,0.5
grid,7226,0.5
grid,7227,0.5
grid,7228,0.5
grid,7229,0.5
grid,7230,0.5
grid,7231,0.5
grid,7232,0.5
grid,7233,0.5
grid,7234,0.5
grid,7235,0.5
grid,7236,0.5
grid,7237,0.5
grid,7238,0.5
grid,7239,0.5
grid,7240,0.5
grid,7241,0.5
grid,7242,0.5
grid,7243,0.5
grid,7244,0.5
grid,7245,0.5
grid,7246,0.5
grid,7247,0.5
grid,7248,0.5
grid,7249,0.5
grid,7250,0.5
grid,7251,0.5
grid,7252,0.5
grid,7253,0.5
grid,7254,0.5
grid,7255,0.5
grid,7256,0.5
grid,7257,0.5
grid,7258,0.5
grid,7259,0.5
grid,7260,0.5
grid,7261,0.5
grid,7262,0.5
grid,7263,0.5
grid,7264,0.5
grid,7265,0.5
grid,7266,0.5
grid,7267,0.5
grid,7268,0.5
grid,7269,0.5
grid,7270,0.5
grid,7271,0.5
grid,7272,0.5
grid,7273,0.5
grid,7274,0.5
grid,7275,0.5
grid,7276,0.5
grid,7277,0.5
grid,7278,0.5
grid,7279,0.5
grid,7280,0.5
grid,7281,0.5
grid,7282,0.5
grid,7283,0.5
grid,7284,0.5
grid,7285,0.5
grid,7286,0.5
grid,7287,0.5
grid,7288,0.5
grid,7289,0.5
grid,7290,0.5
grid,7291,0.5
grid,7292,0.5
grid,7293,0.5
grid,7294,0.5
grid,7295,0.5
grid,7296,0.5
grid,7297,0.5
grid,7298,0.5
grid,7299,0.5
grid,7300,0.5
grid,7301,0.5
grid,7302,0.5
grid,7303,0.5
grid,7304,0.5
grid,7305,0.5
grid,7306,0.5
grid,7307,0.5
grid,7308,0.5
grid,7309,0.5
grid,7310,0.5
grid,7311,0.5
grid,7312,0.5
grid,7313,0.5
grid,7314,0.5
grid,7315,0.5
grid,7316,0.5
grid,7317,0.5
grid,7318,0.5
grid,7319,0.5
grid,7320,0.5
grid,7321,0.5
grid,7322,0.5
grid,7323,0.5
grid,7324,0.5
grid,7325,0.5
grid,7326,0.5
grid,7327,0.5
grid,7328,0.5
grid,7329,0.5
grid,7330,0.5
grid,7331,0.5
grid,7332,0.5
grid,7333,0.5
grid,7334,0.5
grid,7335,0.5
grid,7336,0.5
grid,7337,0.5
grid,7338,0.5
grid,7339,0.5
grid,7340,0.5
grid,7341,0.5
grid,7342,0.5
grid,7343,0.5
grid,7344,0.5
grid,7345,0.5
grid,7346,0.5
grid,7347,0.5
grid,7348,0.5
grid,7349,0.5
grid,7350,0.5
grid,7351,0.5
grid,7352,0.5
grid,7353,0.5
grid,7354,0.5
grid,7355,0.5
grid,7356,0.5
grid,7357,0.5
grid,7358,0.5
grid,7359,0.5
grid,7360,0.5
grid,7361,0.5
grid,7362,0.5
grid,7363,0.5
grid,7364,0.5
grid,7365,0.5
grid,7366,0.5
grid,7367,0.5
grid,7368,0.5
grid,7369,0.5
grid,7370,0.5
grid,7371,0.5
grid,7372,0.5
grid,7373,0.5
grid,7374,0.5
grid,7375,0.5
grid,7376,0.5
grid,7377,0.5
grid,7378,0.5
grid,7379,0.5
grid,7380,0.5
grid,7381,0.5
grid,7382,0.5
grid,7383,0.5
grid,7384,0.5
grid,7385,0.5
grid,7386,0.5
grid,7387,0.5
grid,7388,0.5
grid,7389,0.5
grid,7390,0.5
grid,7391,0.5
grid,7392,0.5
grid,7393,0.5
grid,7394,0.5
grid,7395,0.5
grid,7396,0.5
grid,7397,0.5
grid,7398,0.5
grid,7399,0.5
grid,7400,0.5
grid,7401,0.5
grid,7402,0.5
grid,7403,0.5
grid,7404,0.5
grid,7405,0.5
grid,7406,0.5
grid,7407,0.5
grid,7408,0.5
grid,7409,0.5
grid,7410,0.5
grid,7411,0.5
grid,7412,0.5
grid,7413,0.5
grid,7414,0.5
grid,7415,0.5
grid,7416,0.5
grid,7417,0.5
grid,7418,0.5
grid,7419,0.5
grid,7420,0.5
grid,7421,0.5
grid,7422,0.5
grid,7423,0.5
grid,7424,0.5
grid,7425,0.5
grid,7426,0.5
grid,7427,0.5
grid,7428,0.5
grid,7429,0.5
grid,7430,0.5
grid,7431,0.5
grid,7432,0.5
grid,7433,0.5
grid,7434,0.5
grid,7435,0.5
grid,7436,0.5
grid,7437,0.5
grid,7438,0.5
grid,7439,0.5
grid,7440,0.5
grid,7441,0.5
grid,7442,0.5
grid,7443,0.5
grid,7444,0.5
grid,7445,0.5
grid,7446,0.5
grid,7447,0.5
grid,7448,0.5
grid,7449,0.5
grid,7450,0.5
grid,7451,0.5
grid,7452,0.5
grid,7453,0.5
grid,7454,0.5
grid,7455,0.5
grid,7456,0.5
grid,7457,0.5
grid,7458,0.5
grid,7459,0.5
grid,7460,0.5
grid,7461,0.5
grid,7462,0.5
grid,7463,0.5
grid,7464,0.5
grid,7465,0.5
grid,7466,0.5
grid,7467,0.5
grid,7468,0.5
grid,7469,0.5
grid,7470,0.5
grid,7471,0.5
grid,7472,0.5
grid,7473,0.5
grid,7474,0.5
grid,7475,0.5
grid,7476,0.5
grid,7477,0.5
grid,7478,0.5
grid,7479,0.5
grid,7480,0.5
grid,7481,0.5
grid,7482,0.5
grid,7483,0.5
grid,7484,0.5
grid,7485,0.5
grid,7486,0.5
grid,7487,0.5
grid,7488,0.5
grid,7489,0.5
grid,7490,0.5
grid,7491,0.5
grid,7492,0.5
grid,7493,0.5
grid,7494,0.5
grid,7495,0.5
grid,7496,0.5
grid,7497,0.5
grid,7498,0.5
grid,7499,0.5
grid,7500,0.5
grid,7501,0.5
grid,7502,0.5
grid,7503,0.5
grid,7504,0.5
grid,7505,0.5
grid,7506,0.5
grid,7507,0.5
grid,7508,0.5
grid,7509,0.5
grid,7510,0.5
grid,7511,0.5
grid,7512,0.5
grid,7513,0.5
grid,7514,0.5
grid,7515,0.5
grid,7516,0.5
grid,7517,0.5
grid,7518,0.5
grid,7519,0.5
grid,7520,0.5
grid,7521,0.5
grid,7522,0.5
grid,7523,0.5
grid,7524,0.5
grid,7525,0.5
grid,7526,0.5
grid,7527,0.5
grid,7528,0.5
grid,7529,0.5
grid,7530,0.5
grid,7531,0.5
grid,7532,0.5
grid,7533,0.5
grid,7534,0.5
grid,7535,0.5
grid,7536,0.5
grid,7537,0.5
grid,7538,0.5
grid,7539,0.5
grid,7540,0.5
grid,7541,0.5
grid,7542,0.5
grid,7543,0.5
grid,7544,0.5
grid,7545,0.5
grid,7546,0.5
grid,7547,0.5
grid,7548,0.5
grid,7549,0.5
grid,7550,0.5
grid,7551,0.5
grid,7552,0.5
grid,7553,0.5
grid,7554,0.5
grid,7555,0.5
grid,7556,0.5
grid,7557,0.5
grid,7558,0.5
grid,7559,0.5
grid,7560,0.5
grid,7561,0.5
grid,7562,0.5
grid,7563,0.5
grid,7564,0.5
grid,7565,0.5
grid,7566,0.5
grid,7567,0.5
grid,7568,0.5
grid,7569,0.5
grid,7570,0.5
grid,7571,0.5
grid,7572,0.5
grid,7573,0.5
grid,7574,0.5
grid,7575,0.5
grid,7576,0.5
grid,7577,0.5
grid,7578,0.5
grid,7579,0.5
grid,7580,0.5
grid,7581,0.5
grid,7582,0.5
grid,7583,0.5
grid,7584,0.5
grid,7585,0.5
grid,7586,0.5
grid,7587,0.5
grid,7588,0.5
grid,7589,0.5
grid,7590,0.5
grid,7591,0.5
grid,7592,0.5
grid,7593,0.5
grid,7594,0.5
grid,7595,0.5
grid,7596,0.5
grid,7597,0.5
grid,7598,0.5
grid,7599,0.5
grid,7600,0.5
grid,7601,0.5
grid,7602,0.5
grid,7603,0.5
grid,7604,0.5
grid,7605,0.5
grid,7606,0.5
grid,7607,0.5
grid,7608,0.5
grid,7609,0.5
grid,7610,0.5
grid,7611,0.5
grid,7612,0.5
grid,7613,0.5
grid,7614,0.5
grid,7615,0.5
grid,7616,0.5
grid,7617,0.5
grid,7618,0.5
grid,7619,0.5
grid,7620,0.5
grid,7621,0.5
grid,7622,0.5
grid,7623,0.5
grid,7624,0.5
grid,7625,0.5
grid,7626,0.5
grid,7627,0.5
grid,7628,0.5
grid,7629,0.5
grid,7630,0.5
grid,7631,0.5
grid,7632,0.5
grid,7633,0.5
grid,7634,0.5
grid,7635,0.5
grid,7636,0.5
grid,7637,0.5
grid,7638,0.5
grid,7639,0.5
grid,7640,0.5
grid,7641,0.5
grid,7642,0.5
grid,7643,0.5
grid,7644,0.5
grid,7645,0.5
grid,7646,0.5
grid,7647,0.5
grid,7648,0.5
grid,7649,0.5
grid,7650,0.5
grid,7651,0.5
grid,7652,0.5
grid,7653,0.5
grid,7654,0.5
grid,7655,0.5
grid,7656,0.5
grid,7657,0.5
grid,7658,0.5
grid,7659,0.5
grid,7660,0.5
grid,7661,0.5
grid,7662,0.5
grid,7663,0.5
grid,7664,0.5
grid,7665,0.5
grid,7666,0.5
grid,7667,0.5
grid,7668,0.5
grid,7669,0.5
grid,7670,0.5
grid,7671,0.5
grid,7672,0.5
grid,7673,0.5
grid,7674,0.5
grid,7675,0.5
grid,7676,0.5
grid,7677,0.5
grid,7678,0.5
grid,7679,0.5
grid,7680,0.5
grid,7681,0.5
grid,7682,0.5
grid,7683,0.5
grid,7684,0.5
grid,7685,0.5
grid,7686,0.5
grid,7687,0.5
grid,7688,0.5
grid,7689,0.5
grid,7690,0.5
grid,7691,0.5
grid,7692,0.5
grid,7693,0.5
grid,7694,0.5
grid,7695,0.5
grid,7696,0.5
grid,7697,0.5
grid,7698,0.5
grid,7699,0.5
grid,7700,0.5
grid,7701,0.5
grid,7702,0.5
grid,7703,0.5
grid,7704,0.5
grid,7705,0.5
grid,7706,0.5
grid,7707,0.5
grid,7708,0.5
grid,7709,0.5
grid,7710,0.5
grid,7711,0.5
grid,7712,0.5
grid,7713,0.5
grid,7714,0.5
grid,7715,0.5
grid,7716,0.5
grid,7717,0.5
grid,7718,0.5
grid,7719,0.5
grid,7720,0.5
grid,7721,0.5
grid,7722,0.5
grid,7723,0.5
grid,7724,0.5
grid,7725,0.5
grid,7726,0.5
grid,7727,0.5
grid,7728,0.5
grid,7729,0.5
grid,7730,0.5
grid,7731,0.5
grid,7732,0.5
grid,7733,0.5
grid,7734,0.5
grid,7735,0.5
grid,7736,0.5
grid,7737,0.5
grid,7738,0.5
grid,7739,0.5
grid,7740,0.5
grid,7741,0.5
grid,7742,0.5
grid,7743,0.5
grid,7744,0.5
grid,7745,0.5
grid,7746,0.5
grid,7747,0.5
grid,7748,0.5
grid,7749,0.5
grid,7750,0.5
grid,7751,0.5
grid,7752,0.5
grid,7753,0.5
grid,7754,0.5
grid,7755,0.5
grid,7756,0.5
grid,7757,0.5
grid,7758,0.5
grid,7759,0.5
grid,7760,0.5
grid,7761,0.5
grid,7762,0.5
grid,7763,0.5
grid,7764,0.5
grid,7765,0.5
grid,7766,0.5
grid,7767,0.5
grid,7768,0.5
grid,7769,0.5
grid,7770,0.5
grid,7771,0.5
grid,7772,0.5
grid,7773,0.5
grid,7774,0.5
grid,7775,0.5
grid,7776,0.5
grid,7777,0.5
grid,7778,0.5
grid,7779,0.5
grid,7780,0.5
grid,7781,0.5
grid,7782,0.5
grid,7783,0.5
grid,7784,0.5
grid,7785,0.5
grid,7786,0.5
grid,7787,0.5
grid,7788,0.5
grid,7789,0.5
grid,7790,0.5
grid,7791,0.5
grid,7792,0.5
grid,7793,0.5
grid,7794,0.5
grid,7795,0.5
grid,7796,0.5
grid,7797,0.5
grid,7798,0.5
grid,7799,0.5
grid,7800,0.5
grid,7801,0.5
grid,7802,0.5
grid,7803,0.5
grid,7804,0.5
grid,7805,0.5
grid,7806,0.5
grid,7807,0.5
grid,7808,0.5
grid,7809,0.5
grid,7810,0.5
grid,7811,0.5
grid,7812,0.5
grid,7813,0.5
grid,7814,0.5
grid,7815,0.5
grid,7816,0.5
grid,7817,0.5
grid,7818,0.5
grid,7819,0.5
grid,7820,0.5
grid,7821,0.5
grid,7822,0.5
grid,7823,0.5
grid,7824,0.5
grid,7825,0.5
grid,7826,0.5
grid,7827,0.5
grid,7828,0.5
grid,7829,0.5
grid,7830,0.5
grid,7831,0.5
grid,7832,0.5
grid,7833,0.5
grid,7834,0.5
grid,7835,0.5
grid,7836,0.5
grid,7837,0.5
grid,7838,0.5
grid,7839,0.5
grid,7840,0.5
grid,7841,0.5
grid,7842,0.5
grid,7843,0.5
grid,7844,0.5
grid,7845,0.5
grid,7846,0.5
grid,7847,0.5
grid,7848,0.5
grid,7849,0.5
grid,7850,0.5
grid,7851,0.5
grid,7852,0.5
grid,7853,0.5
grid,7854,0.5
grid,7855,0.5
grid,7856,0.5
grid,7857,0.5
grid,7858,0.5
grid,7859,0.5
grid,7860,0.5
grid,7861,0.5
grid,7862,0.5
grid,7863,0.5
grid,7864,0.5
grid,7865,0.5
grid,7866,0.5
grid,7867,0.5
grid,7868,0.5
grid,7869,0.5
grid,7870,0.5
grid,7871,0.5
grid,7872,0.5
grid,7873,0.5
grid,7874,0.5
grid,7875,0.5
grid,7876,0.5
grid,7877,0.5
grid,7878,0.5
grid,7879,0.5
grid,7880,0.5
grid,7881,0.5
grid,7882,0.5
grid,7883,0.5
grid,7884,0.5
grid,7885,0.5
grid,7886,0.5
grid,7887,0.5
grid,7888,0.5
grid,7889,0.5
grid,7890,0.5
grid,7891,0.5
grid,7892,0.5
grid,7893,0.5
grid,7894,0.5
grid,7895,0.5
grid,7896,0.5
grid,7897,0.5
grid,7898,0.5
grid,7899,0.5
grid,7900,0.5
grid,7901,0.5
grid,7902,0.5
grid,7903,0.5
grid,7904,0.5
grid,7905,0.5
grid,7906,0.5
grid,7907,0.5
grid,7908,0.5
grid,7909,0.5
grid,7910,0.5
grid,7911,0.5
grid,7912,0.5
grid,7913,0.5
grid,7914,0.5
grid,7915,0.5
grid,7916,0.5
grid,7917,0.5
grid,7918,0.5
grid,7919,0.5
grid,7920,0.5
grid,7921,0.5
grid,7922,0.5
grid,7923,0.5
grid,7924,0.5
grid,7925,0.5
grid,7926,0.5
grid,7927,0.5
grid,7928,0.5
grid,7929,0.5
grid,7930,0.5
grid,7931,0.5
grid,7932,0.5
grid,7933,0.5
grid,7934,0.5
grid,7935,0.5
grid,7936,0.5
grid,7937,0.5
grid,7938,0.5
grid,7939,0.5
grid,7940,0.5
grid,7941,0.5
grid,7942,0.5
grid,7943,0.5
grid,7944,0.5
grid,7945,0.5
grid,7946,0.5
grid,7947,0.5
grid,7948,0.5
grid,7949,0.5
grid,7950,0.5
grid,7951,0.5
grid,7952,0.5
grid,7953,0.5
grid,7954,0.5
grid,7955,0.5
grid,7956,0.5
grid,7957,0.5
grid,7958,0.5
grid,7959,0.5
grid,7960,0.5
grid,7961,0.5
grid,7962,0.5
grid,7963,0.5
grid,7964,0.5
grid,7965,0.5
grid,7966,0.5
grid,7967,0.5
grid,7968,0.5
grid,7969,0.5
grid,7970,0.5
grid,7971,0.5
grid,7972,0.5
grid,7973,0.5
grid,7974,0.5
grid,7975,0.5
grid,7976,0.5
grid,7977,0.5
grid,7978,0.5
grid,7979,0.5
grid,7980,0.5
grid,7981,0.5
grid,7982,0.5
grid,7983,0.5
grid,7984,0.5
grid,7985,0.5
grid,7986,0.5
grid,7987,0.5
grid,7988,0.5
grid,7989,0.5
grid,7990,0.5
grid,7991,0.5
grid,7992,0.5
grid,7993,0.5
grid,7994,0.5
grid,7995,0.5
grid,7996,0.5
grid,7997,0.5
grid,7998,0.5
grid,7999,0.5
grid,8000,0.5
grid,8001,0.5
grid,8002,0.5
grid,8003,0.5
grid,8004,0.5
grid,8005,0.5
grid,8006,0.5
grid,8007,0.5
grid,8008,0.5
grid,8009,0.5
grid,8010,0.5
grid,8011,0.5
grid,8012,0.5
grid,8013,0.5
grid,8014,0.5
grid,8015,0.5
grid,8016,0.5
grid,8017,0.5
grid,8018,0.5
grid,8019,0.5
grid,8020,0.5
grid,8021,0.5
grid,8022,0.5
grid,8023,0.5
grid,8024,0.5
grid,8025,0.5
grid,8026,0.5
grid,8027,0.5
grid,8028,0.5
grid,8029,0.5
grid,8030,0.5
grid,8031,0.5
grid,8032,0.5
grid,8033,0.5
grid,8034,0.5
grid,8035,0.5
grid,8036,0.5
grid,8037,0.5
grid,8038,0.5
grid,8039,0.5
grid,8040,0.5
grid,8041,0.5
grid,8042,0.5
grid,8043,0.5
grid,8044,0.5
grid,8045,0.5
grid,8046,0.5
grid,8047,0.5
grid,8048,0.5
grid,8049,0.5
grid,8050,0.5
grid,8051,0.5
grid,8052,0.5
grid,8053,0.5
grid,8054,0.5
grid,8055,0.5
grid,8056,0.5
grid,8057,0.5
grid,8058,0.5
grid,8059,0.5
grid,8060,0.5
grid,8061,0.5
grid,8062,0.5
grid,8063,0.5
grid,8064,0.5
grid,8065,0.5
grid,8066,0.5
grid,8067,0.5
grid,8068,0.5
grid,8069,0.5
grid,8070,0.5
grid,8071,0.5
grid,8072,0.5
grid,8073,0.5
grid,8074,0.5
grid,8075,0.5
grid,8076,0.5
grid,8077,0.5
grid,8078,0.5
grid,8079,0.5
grid,8080,0.5
grid,8081,0.5
grid,8082,0.5
grid,8083,0.5
grid,8084,0.5
grid,8085,0.5
grid,8086,0.5
grid,8087,0.5
grid,8088,0.5
grid,8089,0.5
grid,8090,0.5
grid,8091,0.5
grid,8092,0.5
grid,8093,0.5
grid,8094,0.5
grid,8095,0.5
grid,8096,0.5
grid,8097,0.5
grid,8098,0.5
grid,8099,0.5
grid,8100,0.5
grid,8101,0.5
grid,8102,0.5
grid,8103,0.5
grid,8104,0.5
grid,8105,0.5
grid,8106,0.5
grid,8107,0.5
grid,8108,0.5
grid,8109,0.5
grid,8110,0.5
grid,8111,0.5
grid,8112,0.5
grid,8113,0.5
grid,8114,0.5
grid,8115,0.5
grid,8116,0.5
grid,8117,0.5
grid,8118,0.5
grid,8119,0.5
grid,8120,0.5
grid,8121,0.5
grid,8122,0.5
grid,8123,0.5
grid,8124,0.5
grid,8125,0.5
grid,8126,0.5
grid,8127,0.5
grid,8128,0.5
grid,8129,0.5
grid,8130,0.5
grid,8131,0.5
grid,8132,0.5
grid,8133,0.5
grid,8134,0.5
grid,8135,0.5
grid,8136,0.5
grid,8137,0.5
grid,8138,0.5
grid,8139,0.5
grid,8140,0.5
grid,8141,0.5
grid,8142,0.5
grid,8143,0.5
grid,8144,0.5
grid,8145,0.5
grid,8146,0.5
grid,8147,0.5
grid,8148,0.5
grid,8149,0.5
grid,8150,0.5
grid,8151,0.5
grid,8152,0.5
grid,8153,0.5
grid,8154,0.5
grid,8155,0.5
grid,8156,0.5
grid,8157,0.5
grid,8158,0.5
grid,8159,0.5
grid,8160,0.5
grid,8161,0.5
grid,8162,0.5
grid,8163,0.5
grid,8164,0.5
grid,8165,0.5
grid,8166,0.5
grid,8167,0.5
grid,8168,0.5
grid,8169,0.5
grid,8170,0.5
grid,8171,0.5
grid,8172,0.5
grid,8173,0.5
grid,8174,0.5
grid,8175,0.5
grid,8176,0.5
grid,8177,0.5
grid,8178,0.5
grid,8179,0.5
grid,8180,0.5
grid,8181,0.5
grid,8182,0.5
grid,8183,0.5
grid,8184,0.5
grid,8185,0.5
grid,8186,0.5
grid,8187,0.5
grid,8188,0.5
grid,8189,0.5
grid,8190,0.5
grid,8191,0.5
grid,8192,0.5
grid,8193,0.5
grid,8194,0.5
grid,8195,0.5
grid,8196,0.5
grid,8197,0.5
grid,8198,0.5
grid,8199,0.5
grid,8200,0.5
grid,8201,0.5
grid,8202,0.5
grid,8203,0.5
grid,8204,0.5
grid,8205,0.5
grid,8206,0.5
grid,8207,0.5
grid,8208,0.5
grid,8209,0.5
grid,8210,0.5
grid,8211,0.5
grid,8212,0.5
grid,8213,0.5
grid,8214,0.5
grid,8215,0.5
grid,8216,0.5
grid,8217,0.5
grid,8218,0.5
grid,8219,0.5
grid,8220,0.5
grid,8221,0.5
grid,8222,0.5
grid,8223,0.5
grid,8224,0.5
grid,8225,0.5
grid,8226,0.5
grid,8227,0.5
grid,8228,0.5
grid,8229,0.5
grid,8230,0.5
grid,8231,0.5
grid,8232,0.5
grid,8233,0.5
grid,8234,0.5
grid,8235,0.5
grid,8236,0.5
grid,8237,0.5
grid,8238,0.5
grid,8239,0.5
grid,8240,0.5
grid,8241,0.5
grid,8242,0.5
grid,8243,0.5
grid,8244,0.5
grid,8245,0.5
grid,8246,0.5
grid,8247,0.5
grid,8248,0.5
grid,8249,0.5
grid,8250,0.5
grid,8251,0.5
grid,8252,0.5
grid,8253,0.5
grid,8254,0.5
grid,8255,0.5
grid,8256,0.5
grid,8257,0.5
grid,8258,0.5
grid,8259,0.5
grid,8260,0.5
grid,8261,0.5
grid,8262,0.5
grid,8263,0.5
grid,8264,0.5
grid,8265,0.5
grid,8266,0.5
grid,8267,0.5
grid,8268,0.5
grid,8269,0.5
grid,8270,0.5
grid,8271,0.5
grid,8272,0.5
grid,8273,0.5
grid,8274,0.5
grid,8275,0.5
grid,8276,0.5
grid,8277,0.5
grid,8278,0.5
grid,8279,0.5
grid,8280,0.5
grid,8281,0.5
grid,8282,0.5
grid,8283,0.5
grid,8284,0.5
grid,8285,0.5
grid,8286,0.5
grid,8287,0.5
grid,8288,0.5
grid,8289,0.5
grid,8290,0.5
grid,8291,0.5
grid,8292,0.5
grid,8293,0.5
grid,8294,0.5
grid,8295,0.5
grid,8296,0.5
grid,8297,0.5
grid,8298,0.5
grid,8299,0.5
grid,8300,0.5
grid,8301,0.5
grid,8302,0.5
grid,8303,0.5
grid,8304,0.5
grid,8305,0.5
grid,8306,0.5
grid,8307,0.5
grid,8308,0.5
grid,8309,0.5
grid,8310,0.5
grid,8311,0.5
grid,8312,0.5
grid,8313,0.5
grid,8314,0.5
grid,8315,0.5
grid,8316,0.5
grid,8317,0.5
grid,8318,0.5
grid,8319,0.5
grid,8320,0.5
grid,8321,0.5
grid,8322,0.5
grid,8323,0.5
grid,8324,0.5
grid,8325,0.5
grid,8326,0.5
grid,8327,0.5
grid,8328,0.5
grid,8329,0.5
grid,8330,0.5
grid,8331,0.5
grid,8332,0.5
grid,8333,0.5
grid,8334,0.5
grid,8335,0.5
grid,8336,0.5
grid,8337,0.5
grid,8338,0.5
grid,8339,0.5
grid,8340,0.5
grid,8341,0.5
grid,8342,0.5
grid,8343,0.5
grid,8344,0.5
grid,8345,0.5
grid,8346,0.5
grid,8347,0.5
grid,8348,0.5
grid,8349,0.5
grid,8350,0.5
grid,8351,0.5
grid,8352,0.5
grid,8353,0.5
grid,8354,0.5
grid,8355,0.5
grid,8356,0.5
grid,8357,0.5
grid,8358,0.5
grid,8359,0.5
grid,8360,0.5
grid,8361,0.5
grid,8362,0.5
grid,8363,0.5
grid,8364,0.5
grid,8365,0.5
grid,8366,0.5
grid,8367,0.5
grid,8368,0.5
grid,8369,0.5
grid,8370,0.5
grid,8371,0.5
grid,8372,0.5
grid,8373,0.5
grid,8374,0.5
grid,8375,0.5
grid,8376,0.5
grid,8377,0.5
grid,8378,0.5
grid,8379,0.5
grid,8380,0.5
grid,8381,0.5
grid,8382,0.5
grid,8383,0.5
grid,8384,0.5
grid,8385,0.5
grid,8386,0.5
grid,8387,0.5
grid,8388,0.5
grid,8389,0.5
grid,8390,0.5
grid,8391,0.5
grid,8392,0.5
grid,8393,0.5
grid,8394,0.5
grid,8395,0.5
grid,8396,0.5
grid,8397,0.5
grid,8398,0.5
grid,8399,0.5
grid,8400,0.5
grid,8401,0.5
grid,8402,0.5
grid,8403,0.5
grid,8404,0.5
grid,8405,0.5
grid,8406,0.5
grid,8407,0.5
grid,8408,0.5
grid,8409,0.5
grid,8410,0.5
grid,8411,0.5
grid,8412,0.5
grid,8413,0.5
grid,8414,0.5
grid,8415,0.5
grid,8416,0.5
grid,8417,0.5
grid,8418,0.5
grid,8419,0.5
grid,8420,0.5
grid,8421,0.5
grid,8422,0.5
grid,8423,0.5
grid,8424,0.5
grid,8425,0.5
grid,8426,0.5
grid,8427,0.5
grid,8428,0.5
grid,8429,0.5
grid,8430,0.5
grid,8431,0.5
grid,8432,0.5
grid,8433,0.5
grid,8434,0.5
grid,8435,0.5
grid,8436,0.5
grid,8437,0.5
grid,8438,0.5
grid,8439,0.5
grid,8440,0.5
grid,8441,0.5
grid,8442,0.5
grid,8443,0.5
grid,8444,0.5
grid,8445,0.5
grid,8446,0.5
grid,8447,0.5
grid,8448,0.5
grid,8449,0.5
grid,8450,0.5
grid,8451,0.5
grid,8452,0.5
grid,8453,0.5
grid,8454,0.5
grid,8455,0.5
grid,8456,0.5
grid,8457,0.5
grid,8458,0.5
grid,8459,0.5
grid,8460,0.5
grid,8461,0.5
grid,8462,0.5
grid,8463,0.5
grid,8464,0.5
grid,8465,0.5
grid,8466,0.5
grid,8467,0.5
grid,8468,0.5
grid,8469,0.5
grid,8470,0.5
grid,8471,0.5
grid,8472,0.5
grid,8473,0.5
grid,8474,0.5
grid,8475,0.5
grid,8476,0.5
grid,8477,0.5
grid,8478,0.5
grid,8479,0.5
grid,8480,0.5
grid,8481,0.5
grid,8482,0.5
grid,8483,0.5
grid,8484,0.5
grid,8485,0.5
grid,8486,0.5
grid,8487,0.5
grid,8488,0.5
grid,8489,0.5
grid,8490,0.5
grid,8491,0.5
grid,8492,0.5
grid,8493,0.5
grid,8494,0.5
grid,8495,0.5
grid,8496,0.5
grid,8497,0.5
grid,8498,0.5
grid,8499,0.5
grid,8500,0.5
grid,8501,0.5
grid,8502,0.5
grid,8503,0.5
grid,8504,0.5
grid,8505,0.5
grid,8506,0.5
grid,8507,0.5
grid,8508,0.5
grid,8509,0.5
grid,8510,0.5
grid,8511,0.5
grid,8512,0.5
grid,8513,0.5
grid,8514,0.5
grid,8515,0.5
grid,8516,0.5
grid,8517,0.5
grid,8518,0.5
grid,8519,0.5
grid,8520,0.5
grid,8521,0.5
grid,8522,0.5
grid,8523,0.5
grid,8524,0.5
grid,8525,0.5
grid,8526,0.5
grid,8527,0.5
grid,8528,0.5
grid,8529,0.5
grid,8530,0.5
grid,8531,0.5
grid,8532,0.5
grid,8533,0.5
grid,8534,0.5
grid,8535,0.5
grid,8536,0.5
grid,8537,0.5
grid,8538,0.5
grid,8539,0.5
grid,8540,0.5
grid,8541,0.5
grid,8542,0.5
grid,8543,0.5
grid,8544,0.5
grid,8545,0.5
grid,8546,0.5
grid,8547,0.5
grid,8548,0.5
grid,8549,0.5
grid,8550,0.5
grid,8551,0.5
grid,8552,0.5
grid,8553,0.5
grid,8554,0.5
grid,8555,0.5
grid,8556,0.5
grid,8557,0.5
grid,8558,0.5
grid,8559,0.5
grid,8560,0.5
grid,8561,0.5
grid,8562,0.5
grid,8563,0.5
grid,8564,0.5
grid,8565,0.5
grid,8566,0.5
grid,8567,0.5
grid,8568,0.5
grid,8569,0.5
grid,8570,0.5
grid,8571,0.5
grid,8572,0.5
grid,8573,0.5
grid,8574,0.5
grid,8575,0.5
grid,8576,0.5
grid,8577,0.5
grid,8578,0.5
grid,8579,0.5
grid,8580,0.5
grid,8581,0.5
grid,8582,0.5
grid,8583,0.5
grid,8584,0.5
grid,8585,0.5
grid,8586,0.5
grid,8587,0.5
grid,8588,0.5
grid,8589,0.5
grid,8590,0.5
grid,8591,0.5
grid,8592,0.5
grid,8593,0.5
grid,8594,0.5
grid,8595,0.5
grid,8596,0.5
grid,8597,0.5
grid,8598,0.5
grid,8599,0.5
grid,8600,0.5
grid,8601,0.5
grid,8602,0.5
grid,8603,0.5
grid,8604,0.5
grid,8605,0.5
grid,8606,0.5
grid,8607,0.5
grid,8608,0.5
grid,8609,0.5
grid,8610,0.5
grid,8611,0.5
grid,8612,0.5
grid,8613,0.5
grid,8614,0.5
grid,8615,0.5
grid,8616,0.5
grid,8617,0.5
grid,8618,0.5
grid,8619,0.5
grid,8620,0.5
grid,8621,0.5
grid,8622,0.5
grid,8623,0.5
grid,8624,0.5
grid,8625,0.5
grid,8626,0.5
grid,8627,0.5
grid,8628,0.5
grid,8629,0.5
grid,8630,0.5
grid,8631,0.5
grid,8632,0.5
grid,8633,0.5
grid,8634,0.5
grid,8635,0.5
grid,8636,0.5
grid,8637,0.5
grid,8638,0.5
grid,8639,0.5
grid,8640,0.5
grid,8641,0.5
grid,8642,0.5
grid,8643,0.5
grid,8644,0.5
grid,8645,0.5
grid,8646,0.5
grid,8647,0.5
grid,8648,0.5
grid,8649,0.5
grid,8650,0.5
grid,8651,0.5
grid,8652,0.5
grid,8653,0.5
grid,8654,0.5
grid,8655,0.5
grid,8656,0.5
grid,8657,0.5
grid,8658,0.5
grid,8659,0.5
grid,8660,0.5
grid,8661,0.5
grid,8662,0.5
grid,8663,0.5
grid,8664,0.5
grid,8665,0.5
grid,8666,0.5
grid,8667,0.5
grid,8668,0.5
grid,8669,0.5
grid,8670,0.5
grid,8671,0.5
grid,8672,0.5
grid,8673,0.5
grid,8674,0.5
grid,8675,0.5
grid,8676,0.5
grid,8677,0.5
grid,8678,0.5
grid,8679,0.5
grid,8680,0.5
grid,8681,0.5
grid,8682,0.5
grid,8683,0.5
grid,8684,0.5
grid,8685,0.5
grid,8686,0.5
grid,8687,0.5
grid,8688,0.5
grid,8689,0.5
grid,8690,0.5
grid,8691,0.5
grid,8692,0.5
grid,8693,0.5
grid,8694,0.5
grid,8695,0.5
grid,8696,0.5
grid,8697,0.5
grid,8698,0.5
grid,8699,0.5
grid,8700,0.5
grid,8701,0.5
grid,8702,0.5
grid,8703,0.5
grid,8704,0.5
grid,8705,0.5
grid,8706,0.5
grid,8707,0.5
grid,8708,0.5
grid,8709,0.5
grid,8710,0.5
grid,8711,0.5
grid,8712,0.5
grid,8713,0.5
grid,8714,0.5
grid,8715,0.5
grid,8716,0.5
grid,8717,0.5
grid,8718,0.5
grid,8719,0.5
grid,8720,0.5
grid,8721,0.5
grid,8722,0.5
grid,8723,0.5
grid,8724,0.5
grid,8725,0.5
grid,8726,0.5
grid,8727,0.5
grid,8728,0.5
grid,8729,0.5
grid,8730,0.5
grid,8731,0.5
grid,8732,0.5
grid,8733,0.5
grid,8734,0.5
grid,8735,0.5
grid,8736,0.5
grid,8737,0.5
grid,8738,0.5
grid,8739,0.5
grid,8740,0.5
grid,8741,0.5
grid,8742,0.5
grid,8743,0.5
grid,8744,0.5
grid,8745,0.5
grid,8746,0.5
grid,8747,0.5
grid,8748,0.5
grid,8749,0.5
grid,8750,0.5
grid,8751,0.5
grid,8752,0.5
grid,8753,0.5
grid,8754,0.5
grid,8755,0.5
grid,8756,0.5
grid,8757,0.5
grid,8758,0.5
grid,8759,0.5
grid,8760,0.5
grid,8761,0.5
grid,8762,0.5
grid,8763,0.5
grid,8764,0.5
grid,8765,0.5
grid,8766,0.5
grid,8767,0.5
grid,8768,0.5
grid,8769,0.5
grid,8770,0.5
grid,8771,0.5
grid,8772,0.5
grid,8773,0.5
grid,8774,0.5
grid,8775,0.5
grid,8776,0.5
grid,8777,0.5
grid,8778,0.5
grid,8779,0.5
grid,8780,0.5
grid,8781,0.5
grid,8782,0.5
grid,8783,0.5
grid,8784,0.5
grid,8785,0.5
grid,8786,0.5
grid,8787,0.5
grid,8788,0.5
grid,8789,0.5
grid,8790,0.5
grid,8791,0.5
grid,8792,0.5
grid,8793,0.5
grid,8794,0.5
grid,8795,0.5
grid,8796,0.5
grid,8797,0.5
grid,8798,0.5
grid,8799,0.5
grid,8800,0.5
grid,8801,0.5
grid,8802,0.5
grid,8803,0.5
grid,8804,0.5
grid,8805,0.5
grid,8806,0.5
grid,8807,0.5
grid,8808,0.5
grid,8809,0.5
grid,8810,0.5
grid,8811,0.5
grid,8812,0.5
grid,8813,0.5
grid,8814,0.5
grid,8815,0.5
grid,8816,0.5
grid,8817,0.5
grid,8818,0.5
grid,8819,0.5
grid,8820,0.5
grid,8821,0.5
grid,8822,0.5
grid,8823,0.5
grid,8824,0.5
grid,8825,0.5
grid,8826,0.5
grid,8827,0.5
grid,8828,0.5
grid,8829,0.5
grid,8830,0.5
grid,8831,0.5
grid,8832,0.5
grid,8833,0.5
grid,8834,0.5
grid,8835,0.5
grid,8836,0.5
grid,8837,0.5
grid,8838,0.5
grid,8839,0.5
grid,8840,0.5
grid,8841,0.5
grid,8842,0.5
grid,8843,0.5
grid,8844,0.5
grid,8845,0.5
grid,8846,0.5
grid,8847,0.5
grid,8848,0.5
grid,8849,0.5
grid,8850,0.5
grid,8851,0.5
grid,8852,0.5
grid,8853,0.5
grid,8854,0.5
grid,8855,0.5
grid,8856,0.5
grid,8857,0.5
grid,8858,0.5
grid,8859,0.5
grid,8860,0.5
grid,8861,0.5
grid,8862,0.5
grid,8863,0.5
grid,8864,0.5
grid,8865,0.5
grid,8866,0.5
grid,8867,0.5
grid,8868,0.5
grid,8869,0.5
grid,8870,0.5
grid,8871,0.5
grid,8872,0.5
grid,8873,0.5
grid,8874,0.5
grid,8875,0.5
grid,8876,0.5
grid,8877,0.5
grid,8878,0.5
grid,8879,0.5
grid,8880,0.5
grid,8881,0.5
grid,8882,0.5
grid,8883,0.5
grid,8884,0.5
grid,8885,0.5
grid,8886,0.5
grid,8887,0.5
grid,8888,0.5
grid,8889,0.5
grid,8890,0.5
grid,8891,0.5
grid,8892,0.5
grid,8893,0.5
grid,8894,0.5
grid,8895,0.5
grid,8896,0.5
grid,8897,0.5
grid,8898,0.5
grid,8899,0.5
grid,8900,0.5
grid,8901,0.5
grid,8902,0.5
grid,8903,0.5
grid,8904,0.5
grid,8905,0.5
grid,8906,0.5
grid,8907,0.5
grid,8908,0.5
grid,8909,0.5
grid,8910,0.5
grid,8911,0.5
grid,8912,0.5
grid,8913,0.5
grid,8914,0.5
grid,8915,0.5
grid,8916,0.5
grid,8917,0.5
grid,8918,0.5
grid,8919,0.5
grid,8920,0.5
grid,8921,0.5
grid,8922,0.5
grid,8923,0.5
grid,8924,0.5
grid,8925,0.5
grid,8926,0.5
grid,8927,0.5
grid,8928,0.5
grid,8929,0.5
grid,8930,0.5
grid,8931,0.5
grid,8932,0.5
grid,8933,0.5
grid,8934,0.5
grid,8935,0.5
grid,8936,0.5
grid,8937,0.5
grid,8938,0.5
grid,8939,0.5
grid,8940,0.5
grid,8941,0.5
grid,8942,0.5
grid,8943,0.5
grid,8944,0.5
grid,8945,0.5
grid,8946,0.5
grid,8947,0.5
grid,8948,0.5
grid,8949,0.5
grid,8950,0.5
grid,8951,0.5
grid,8952,0.5
grid,8953,0.5
grid,8954,0.5
grid,8955,0.5
grid,8956,0.5
grid,8957,0.5
grid,8958,0.5
grid,8959,0.5
grid,8960,0.5
grid,8961,0.5
grid,8962,0.5
grid,8963,0.5
grid,8964,0.5
grid,8965,0.5
grid,8966,0.5
grid,8967,0.5
grid,8968,0.5
grid,8969,0.5
grid,8970,0.5
grid,8971,0.5
grid,8972,0.5
grid,8973,0.5
grid,8974,0.5
grid,8975,0.5
grid,8976,0.5
grid,8977,0.5
grid,8978,0.5
grid,8979,0.5
grid,8980,0.5
grid,8981,0.5
grid,8982,0.5
grid,8983,0.5
grid,8984,0.5
grid,8985,0.5
grid,8986,0.5
grid,8987,0.5
grid,8988,0.5
grid,8989,0.5
grid,8990,0.5
grid,8991,0.5
grid,8992,0.5
grid,8993,0.5
grid,8994,0.5
grid,8995,0.5
grid,8996,0.5
grid,8997,0.5
grid,8998,0.5
grid,8999,0.5
grid,9000,0.5
grid,9001,0.5
grid,9002,0.5
grid,9003,0.5
grid,9004,0.5
grid,9005,0.5
grid,9006,0.5
grid,9007,0.5
grid,9008,0.5
grid,9009,0.5
grid,9010,0.5
grid,9011,0.5
grid,9012,0.5
grid,9013,0.5
grid,9014,0.5
grid,9015,0.5
grid,9016,0.5
grid,9017,0.5
grid,9018,0.5
grid,9019,0.5
grid,9020,0.5
grid,9021,0.5
grid,9022,0.5
grid,9023,0.5
grid,9024,0.5
grid,9025,0.5
grid,9026,0.5
grid,9027,0.5
grid,9028,0.5
grid,9029,0.5
grid,9030,0.5
grid,9031,0.5
grid,9032,0.5
grid,9033,0.5
grid,9034,0.5
grid,9035,0.5
grid,9036,0.5
grid,9037,0.5
grid,9038,0.5
grid,9039,0.5
grid,9040,0.5
grid,9041,0.5
grid,9042,0.5
grid,9043,0.5
grid,9044,0.5
grid,9045,0.5
grid,9046,0.5
grid,9047,0.5
grid,9048,0.5
grid,9049,0.5
grid,9050,0.5
grid,9051,0.5
grid,9052,0.5
grid,9053,0.5
grid,9054,0.5
grid,9055,0.5
grid,9056,0.5
grid,9057,0.5
grid,9058,0.5
grid,9059,0.5
grid,9060,0.5
grid,9061,0.5
grid,9062,0.5
grid,9063,0.5
grid,9064,0.5
grid,9065,0.5
grid,9066,0.5
grid,9067,0.5
grid,9068,0.5
grid,9069,0.5
grid,9070,0.5
grid,9071,0.5
grid,9072,0.5
grid,9073,0.5
grid,9074,0.5
grid,9075,0.5
grid,9076,0.5
grid,9077,0.5
grid,9078,0.5
grid,9079,0.5
grid,9080,0.5
grid,9081,0.5
grid,9082,0.5
grid,9083,0.5
grid,9084,0.5
grid,9085,0.5
grid,9086,0.5
grid,9087,0.5
grid,9088,0.5
grid,9089,0.5
grid,9090,0.5
grid,9091,0.5
grid,9092,0.5
grid,9093,0.5
grid,9094,0.5
grid,9095,0.5
grid,9096,0.5
grid,9097,0.5
grid,9098,0.5
grid,9099,0.5
grid,9100,0.5
grid,9101,0.5
grid,9102,0.5
grid,9103,0.5
grid,9104,0.5
grid,9105,0.5
grid,9106,0.5
grid,9107,0.5
grid,9108,0.5
grid,9109,0.5
grid,9110,0.5
grid,9111,0.5
grid,9112,0.5
grid,9113,0.5
grid,9114,0.5
grid,9115,0.5
grid,9116,0.5
grid,9117,0.5
grid,9118,0.5
grid,9119,0.5
grid,9120,0.5
grid,9121,0.5
grid,9122,0.5
grid,9123,0.5
grid,9124,0.5
grid,9125,0.5
grid,9126,0.5
grid,9127,0.5
grid,9128,0.5
grid,9129,0.5
grid,9130,0.5
grid,9131,0.5
grid,9132,0.5
grid,9133,0.5
grid,9134,0.5
grid,9135,0.5
grid,9136,0.5
grid,9137,0.5
grid,9138,0.5
grid,9139,0.5
grid,9140,0.5
grid,9141,0.5
grid,9142,0.5
grid,9143,0.5
grid,9144,0.5
grid,9145,0.5
grid,9146,0.5
grid,9147,0.5
grid,9148,0.5
grid,9149,0.5
grid,9150,0.5
grid,9151,0.5
grid,9152,0.5
grid,9153,0.5
grid,9154,0.5
grid,9155,0.5
grid,9156,0.5
grid,9157,0.5
grid,9158,0.5
grid,9159,0.5
grid,9160,0.5
grid,9161,0.5
grid,9162,0.5
grid,9163,0.5
grid,9164,0.5
grid,9165,0.5
grid,9166,0.5
grid,9167,0.5
grid,9168,0.5
grid,9169,0.5
grid,9170,0.5
grid,9171,0.5
grid,9172,0.5
grid,9173,0.5
grid,9174,0.5
grid,9175,0.5
grid,9176,0.5
grid,9177,0.5
grid,9178,0.5
grid,9179,0.5
grid,9180,0.5
grid,9181,0.5
grid,9182,0.5
grid,9183,0.5
grid,9184,0.5
grid,9185,0.5
grid,9186,0.5
grid,9187,0.5
grid,9188,0.5
grid,9189,0.5
grid,9190,0.5
grid,9191,0.5
grid,9192,0.5
grid,9193,0.5
grid,9194,0.5
grid,9195,0.5
grid,9196,0.5
grid,9197,0.5
grid,9198,0.5
grid,9199,0.5
grid,9200,0.5
grid,9201,0.5
grid,9202,0.5
grid,9203,0.5
grid,9204,0.5
grid,9205,0.5
grid,9206,0.5
grid,9207,0.5
grid,9208,0.5
grid,9209,0.5
grid,9210,0.5
grid,9211,0.5
grid,9212,0.5
grid,9213,0.5
grid,9214,0.5
grid,9215,0.5
grid,9216,0.5
grid,9217,0.5
grid,9218,0.5
grid,9219,0.5
grid,9220,0.5
grid,9221,0.5
grid,9222,0.5
grid,9223,0.5
grid,9224,0.5
grid,9225,0.5
grid,9226,0.5
grid,9227,0.5
grid,9228,0.5
grid,9229,0.5
grid,9230,0.5
grid,9231,0.5
grid,9232,0.5
grid,9233,0.5
grid,9234,0.5
grid,9235,0.5
grid,9236,0.5
grid,9237,0.5
grid,9238,0.5
grid,9239,0.5
grid,9240,0.5
grid,9241,0.5
grid,9242,0.5
grid,9243,0.5
grid,9244,0.5
grid,9245,0.5
grid,9246,0.5
grid,9247,0.5
grid,9248,0.5
grid,9249,0.5
grid,9250,0.5
grid,9251,0.5
grid,9252,0.5
grid,9253,0.5
grid,9254,0.5
grid,9255,0.5
grid,9256,0.5
grid,9257,0.5
grid,9258,0.5
grid,9259,0.5
grid,9260,0.5
grid,9261,0.5
grid,9262,0.5
grid,9263,0.5
grid,9264,0.5
grid,9265,0.5
grid,9266,0.5
grid,9267,0.5
grid,9268,0.5
grid,9269,0.5
grid,9270,0.5
grid,9271,0.5
grid,9272,0.5
grid,9273,0.5
grid,9274,0.5
grid,9275,0.5
grid,9276,0.5
grid,9277,0.5
grid,9278,0.5
grid,9279,0.5
grid,9280,0.5
grid,9281,0.5
grid,9282,0.5
grid,9283,0.5
grid,9284,0.5
grid,9285,0.5
grid,9286,0.5
grid,9287,0.5
grid,9288,0.5
grid,9289,0.5
grid,9290,0.5
grid,9291,0.5
grid,9292,0.5
grid,9293,0.5
grid,9294,0.5
grid,9295,0.5
grid,9296,0.5
grid,9297,0.5
grid,9298,0.5
grid,9299,0.5
grid,9300,0.5
grid,9301,0.5
grid,9302,0.5
grid,9303,0.5
grid,9304,0.5
grid,9305,0.5
grid,9306,0.5
grid,9307,0.5
grid,9308,0.5
grid,9309,0.5
grid,9310,0.5
grid,9311,0.5
grid,9312,0.5
grid,9313,0.5
grid,9314,0.5
grid,9315,0.5
grid,9316,0.5
grid,9317,0.5
grid,9318,0.5
grid,9319,0.5
grid,9320,0.5
grid,9321,0.5
grid,9322,0.5
grid,9323,0.5
grid,9324,0.5
grid,9325,0.5
grid,9326,0.5
grid,9327,0.5
grid,9328,0.5
grid,9329,0.5
grid,9330,0.5
grid,9331,0.5
grid,9332,0.5
grid,9333,0.5
grid,9334,0.5
grid,9335,0.5
grid,9336,0.5
grid,9337,0.5
grid,9338,0.5
grid,9339,0.5
grid,9340,0.5
grid,9341,0.5
grid,9342,0.5
grid,9343,0.5
grid,9344,0.5
grid,9345,0.5
grid,9346,0.5
grid,9347,0.5
grid,9348,0.5
grid,9349,0.5
grid,9350,0.5
grid,9351,0.5
grid,9352,0.5
grid,9353,0.5
grid,9354,0.5
grid,9355,0.5
grid,9356,0.5
grid,9357,0.5
grid,9358,0.5
grid,9359,0.5
grid,9360,0.5
grid,9361,0.5
grid,9362,0.5
grid,9363,0.5
grid,9364,0.5
grid,9365,0.5
grid,9366,0.5
grid,9367,0.5
grid,9368,0.5
grid,9369,0.5
grid,9370,0.5
grid,9371,0.5
grid,9372,0.5
grid,9373,0.5
grid,9374,0.5
grid,9375,0.5
grid,9376,0.5
grid,9377,0.5
grid,9378,0.5
grid,9379,0.5
grid,9380,0.5
grid,9381,0.5
grid,9382,0.5
grid,9383,0.5
grid,9384,0.5
grid,9385,0.5
grid,9386,0.5
grid,9387,0.5
grid,9388,0.5
grid,9389,0.5
grid,9390,0.5
grid,9391,0.5
grid,9392,0.5
grid,9393,0.5
grid,9394,0.5
grid,9395,0.5
grid,9396,0.5
grid,9397,0.5
grid,9398,0.5
grid,9399,0.5
grid,9400,0.5
grid,9401,0.5
grid,9402,0.5
grid,9403,0.5
grid,9404,0.5
grid,9405,0.5
grid,9406,0.5
grid,9407,0.5
grid,9408,0.5
grid,9409,0.5
grid,9410,0.5
grid,9411,0.5
grid,9412,0.5
grid,9413,0.5
grid,9414,0.5
grid,9415,0.5
grid,9416,0.5
grid,9417,0.5
grid,9418,0.5
grid,9419,0.5
grid,9420,0.5
grid,9421,0.5
grid,9422,0.5
grid,9423,0.5
grid,9424,0.5
grid,9425,0.5
grid,9426,0.5
grid,9427,0.5
grid,9428,0.5
grid,9429,0.5
grid,9430,0.5
grid,9431,0.5
grid,9432,0.5
grid,9433,0.5
grid,9434,0.5
grid,9435,0.5
grid,9436,0.5
grid,9437,0.5
grid,9438,0.5
grid,9439,0.5
grid,9440,0.5
grid,9441,0.5
grid,9442,0.5
grid,9443,0.5
grid,9444,0.5
grid,9445,0.5
grid,9446,0.5
grid,9447,0.5
grid,9448,0.5
grid,9449,0.5
grid,9450,0.5
grid,9451,0.5
grid,9452,0.5
grid,9453,0.5
grid,9454,0.5
grid,9455,0.5
grid,9456,0.5
grid,9457,0.5
grid,9458,0.5
grid,9459,0.5
grid,9460,0.5
grid,9461,0.5
grid,9462,0.5
grid,9463,0.5
grid,9464,0.5
grid,9465,0.5
grid,9466,0.5
grid,9467,0.5
grid,9468,0.5
grid,9469,0.5
grid,9470,0.5
grid,9471,0.5
grid,9472,0.5
grid,9473,0.5
grid,9474,0.5
grid,9475,0.5
grid,9476,0.5
grid,9477,0.5
grid,9478,0.5
grid,9479,0.5
grid,9480,0.5
grid,9481,0.5
grid,9482,0.5
grid,9483,0.5
grid,9484,0.5
grid,9485,0.5
grid,9486,0.5
grid,9487,0.5
grid,9488,0.5
grid,9489,0.5
grid,9490,0.5
grid,9491,0.5
grid,9492,0.5
grid,9493,0.5
grid,9494,0.5
grid,9495,0.5
grid,9496,0.5
grid,9497,0.5
grid,9498,0.5
grid,9499,0.5
grid,9500,0.5
grid,9501,0.5
grid,9502,0.5
grid,9503,0.5
grid,9504,0.5
grid,9505,0.5
grid,9506,0.5
grid,9507,0.5
grid,9508,0.5
grid,9509,0.5
grid,9510,0.5
grid,9511,0.5
grid,9512,0.5
grid,9513,0.5
grid,9514,0.5
grid,9515,0.5
grid,9516,0.5
grid,9517,0.5
grid,9518,0.5
grid,9519,0.5
grid,9520,0.5
grid,9521,0.5
grid,9522,0.5
grid,9523,0.5
grid,9524,0.5
grid,9525,0.5
grid,9526,0.5
grid,9527,0.5
grid,9528,0.5
grid,9529,0.5
grid,9530,0.5
grid,9531,0.5
grid,9532,0.5
grid,9533,0.5
grid,9534,0.5
grid,9535,0.5
grid,9536,0.5
grid,9537,0.5
grid,9538,0.5
grid,9539,0.5
grid,9540,0.5
grid,9541,0.5
grid,9542,0.5
grid,9543,0.5
grid,9544,0.5
grid,9545,0.5
grid,9546,0.5
grid,9547,0.5
grid,9548,0.5
grid,9549,0.5
grid,9550,0.5
grid,9551,0.5
grid,9552,0.5
grid,9553,0.5
grid,9554,0.5
grid,9555,0.5
grid,9556,0.5
grid,9557,0.5
grid,9558,0.5
grid,9559,0.5
grid,9560,0.5
grid,9561,0.5
grid,9562,0.5
grid,9563,0.5
grid,9564,0.5
grid,9565,0.5
grid,9566,0.5
grid,9567,0.5
grid,9568,0.5
grid,9569,0.5
grid,9570,0.5
grid,9571,0.5
grid,9572,0.5
grid,9573,0.5
grid,9574,0.5
grid,9575,0.5
grid,9576,0.5
grid,9577,0.5
grid,9578,0.5
grid,9579,0.5
grid,9580,0.5
grid,9581,0.5
grid,9582,0.5
grid,9583,0.5
grid,9584,0.5
grid,9585,0.5
grid,9586,0.5
grid,9587,0.5
grid,9588,0.5
grid,9589,0.5
grid,9590,0.5
grid,9591,0.5
grid,9592,0.5
grid,9593,0.5
grid,9594,0.5
grid,9595,0.5
grid,9596,0.5
grid,9597,0.5
grid,9598,0.5
grid,9599,0.5
grid,9600,0.5
grid,9601,0.5
grid,9602,0.5
grid,9603,0.5
grid,9604,0.5
grid,9605,0.5
grid,9606,0.5
grid,9607,0.5
grid,9608,0.5
grid,9609,0.5
grid,9610,0.5
grid,9611,0.5
grid,9612,0.5
grid,9613,0.5
grid,9614,0.5
grid,9615,0.5
grid,9616,0.5
grid,9617,0.5
grid,9618,0.5
grid,9619,0.5
grid,9620,0.5
grid,9621,0.5
grid,9622,0.5
grid,9623,0.5
grid,9624,0.5
grid,9625,0.5
grid,9626,0.5
grid,9627,0.5
grid,9628,0.5
grid,9629,0.5
grid,9630,0.5
grid,9631,0.5
grid,9632,0.5
grid,9633,0.5
grid,9634,0.5
grid,9635,0.5
grid,9636,0.5
grid,9637,0.5
grid,9638,0.5
grid,9639,0.5
grid,9640,0.5
grid,9641,0.5
grid,9642,0.5
grid,9643,0.5
grid,9644,0.5
grid,9645,0.5
grid,9646,0.5
grid,9647,0.5
grid,9648,0.5
grid,9649,0.5
grid,9650,0.5
grid,9651,0.5
grid,9652,0.5
grid,9653,0.5
grid,9654,0.5
grid,9655,0.5
grid,9656,0.5
grid,9657,0.5
grid,9658,0.5
grid,9659,0.5
grid,9660,0.5
grid,9661,0.5
grid,9662,0.5
grid,9663,0.5
grid,9664,0.5
grid,9665,0.5
grid,9666,0.5
grid,9667,0.5
grid,9668,0.5
grid,9669,0.5
grid,9670,0.5
grid,9671,0.5
grid,9672,0.5
grid,9673,0.5
grid,9674,0.5
grid,9675,0.5
grid,9676,0.5
grid,9677,0.5
grid,9678,0.5
grid,9679,0.5
grid,9680,0.5
grid,9681,0.5
grid,9682,0.5
grid,9683,0.5
grid,9684,0.5
grid,9685,0.5
grid,9686,0.5
grid,9687,0.5
grid,9688,0.5
grid,9689,0.5
grid,9690,0.5
grid,9691,0.5
grid,9692,0.5
grid,9693,0.5
grid,9694,0.5
grid,9695,0.5
grid,9696,0.5
grid,9697,0.5
grid,9698,0.5
grid,9699,0.5
grid,9700,0.5
grid,9701,0.5
grid,9702,0.5
grid,9703,0.5
grid,9704,0.5
grid,9705,0.5
grid,9706,0.5
grid,9707,0.5
grid,9708,0.5
grid,9709,0.5
grid,9710,0.5
grid,9711,0.5
grid,9712,0.5
grid,9713,0.5
grid,9714,0.5
grid,9715,0.5
grid,9716,0.5
grid,9717,0.5
grid,9718,0.5
grid,9719,0.5
grid,9720,0.5
grid,9721,0.5
grid,9722,0.5
grid,9723,0.5
grid,9724,0.5
grid,9725,0.5
grid,9726,0.5
grid,9727,0.5
grid,9728,0.5
grid,9729,0.5
grid,9730,0.5
grid,9731,0.5
grid,9732,0.5
grid,9733,0.5
grid,9734,0.5
grid,9735,0.5
grid,9736,0.5
grid,9737,0.5
grid,9738,0.5
grid,9739,0.5
grid,9740,0.5
grid,9741,0.5
grid,9742,0.5
grid,9743,0.5
grid,9744,0.5
grid,9745,0.5
grid,9746,0.5
grid,9747,0.5
grid,9748,0.5
grid,9749,0.5
grid,9750,0.5
grid,9751,0.5
grid,9752,0.5
grid,9753,0.5
grid,9754,0.5
grid,9755,0.5
grid,9756,0.5
grid,9757,0.5
grid,9758,0.5
grid,9759,0.5
grid,9760,0.5
grid,9761,0.5
grid,9762,0.5
grid,9763,0.5
grid,9764,0.5
grid,9765,0.5
grid,9766,0.5
grid,9767,0.5
grid,9768,0.5
grid,9769,0.5
grid,9770,0.5
grid,9771,0.5
grid,9772,0.5
grid,9773,0.5
grid,9774,0.5
grid,9775,0.5
grid,9776,0.5
grid,9777,0.5
grid,9778,0.5
grid,9779,0.5
grid,9780,0.5
grid,9781,0.5
grid,9782,0.5
grid,9783,0.5
grid,9784,0.5
grid,9785,0.5
grid,9786,0.5
grid,9787,0.5
grid,9788,0.5
grid,9789,0.5
grid,9790,0.5
grid,9791,0.5
grid,9792,0.5
grid,9793,0.5
grid,9794,0.5
grid,9795,0.5
grid,9796,0.5
grid,9797,0.5
grid,9798,0.5
grid,9799,0.5
grid,9800,0.5
grid,9801,0.5
grid,9802,0.5
grid,9803,0.5
grid,9804,0.5
grid,9805,0.5
grid,9806,0.5
grid,9807,0.5
grid,9808,0.5
grid,9809,0.5
grid,9810,0.5
grid,9811,0.5
grid,9812,0.5
grid,9813,0.5
grid,9814,0.5
grid,9815,0.5
grid,9816,0.5
grid,9817,0.5
grid,9818,0.5
grid,9819,0.5
grid,9820,0.5
grid,9821,0.5
grid,9822,0.5
grid,9823,0.5
grid,9824,0.5
grid,9825,0.5
grid,9826,0.5
grid,9827,0.5
grid,9828,0.5
grid,9829,0.5
grid,9830,0.5
grid,9831,0.5
grid,9832,0.5
grid,9833,0.5
grid,9834,0.5
grid,9835,0.5
grid,9836,0.5
grid,9837,0.5
grid,9838,0.5
grid,9839,0.5
grid,9840,0.5
grid,9841,0.5
grid,9842,0.5
grid,9843,0.5
grid,9844,0.5
grid,9845,0.5
grid,9846,0.5
grid,9847,0.5
grid,9848,0.5
grid,9849,0.5
grid,9850,0.5
grid,9851,0.5
grid,9852,0.5
grid,9853,0.5
grid,9854,0.5
grid,9855,0.5
grid,9856,0.5
grid,9857,0.5
grid,9858,0.5
grid,9859,0.5
grid,9860,0.5
grid,9861,0.5
grid,9862,0.5
grid,9863,0.5
grid,9864,0.5
grid,9865,0.5
grid,9866,0.5
grid,9867,0.5
grid,9868,0.5
grid,9869,0.5
grid,9870,0.5
grid,9871,0.5
grid,9872,0.5
grid,9873,0.5
grid,9874,0.5
grid,9875,0.5
grid,9876,0.5
grid,9877,0.5
grid,9878,0.5
grid,9879,0.5
grid,9880,0.5
grid,9881,0.5
grid,9882,0.5
grid,9883,0.5
grid,9884,0.5
grid,9885,0.5
grid,9886,0.5
grid,9887,0.5
grid,9888,0.5
grid,9889,0.5
grid,9890,0.5
grid,9891,0.5
grid,9892,0.5
grid,9893,0.5
grid,9894,0.5
grid,9895,0.5
grid,9896,0.5
grid,9897,0.5
grid,9898,0.5
grid,9899,0.5
grid,9900,0.5
grid,9901,0.5
grid,9902,0.5
grid,9903,0.5
grid,9904,0.5
grid,9905,0.5
grid,9906,0.5
grid,9907,0.5
grid,9908,0.5
grid,9909,0.5
grid,9910,0.5
grid,9911,0.5
grid,9912,0.5
grid,9913,0.5
grid,9914,0.5
grid,9915,0.5
grid,9916,0.5
grid,9917,0.5
grid,9918,0.5
grid,9919,0.5
grid,9920,0.5
grid,9921,0.5
grid,9922,0.5
grid,9923,0.5
grid,9924,0.5
grid,9925,0.5
grid,9926,0.5
grid,9927,0.5
grid,9928,0.5
grid,9929,0.5
grid,9930,0.5
grid,9931,0.5
grid,9932,0.5
grid,9933,0.5
grid,9934,0.5
grid,9935,0.5
grid,9936,0.5
grid,9937,0.5
grid,9938,0.5
grid,9939,0.5
grid,9940,0.5
grid,9941,0.5
grid,9942,0.5
grid,9943,0.5
grid,9944,0.5
grid,9945,0.5
grid,9946,0.5
grid,9947,0.5
grid,9948,0.5
grid,9949,0.5
grid,9950,0.5
grid,9951,0.5
grid,9952,0.5
grid,9953,0.5
grid,9954,0.5
grid,9955,0.5
grid,9956,0.5
grid,9957,0.5
grid,9958,0.5
grid,9959,0.5
grid,9960,0.5
grid,9961,0.5
grid,9962,0.5
grid,9963,0.5
grid,9964,0.5
grid,9965,0.5
grid,9966,0.5
grid,9967,0.5
grid,9968,0.5
grid,9969,0.5
grid,9970,0.5
grid,9971,0.5
grid,9972,0.5
grid,9973,0.5
grid,9974,0.5
grid,9975,0.5
grid,9976,0.5
grid,9977,0.5
grid,9978,0.5
grid,9979,0.5
grid,9980,0.5
grid,9981,0.5
grid,9982,0.5
grid,9983,0.5
grid,9984,0.5
grid,9985,0.5
grid,9986,0.5
grid,9987,0.5
grid,9988,0.5
grid,9989,0.5
grid,9990,0.5
grid,9991,0.5
grid,9992,0.5
grid,9993,0.5
grid,9994,0.5
grid,9995,0.5
grid,9996,0.5
grid,9997,0.5
grid,9998,0.5
grid,9999,0.5
