id,x1,x2
0,-1.750000,-1.250000
1,-1.704545,-1.250000
2,-1.659091,-1.250000
3,-1.613636,-1.250000
4,-1.568182,-1.250000
5,-1.522727,-1.250000
6,-1.477273,-1.250000
7,-1.431818,-1.250000
8,-1.386364,-1.250000
9,-1.340909,-1.250000
10,-1.295455,-1.250000
11,-1.250000,-1.250000
12,-1.204545,-1.250000
13,-1.159091,-1.250000
14,-1.113636,-1.250000
15,-1.068182,-1.250000
16,-1.022727,-1.250000
17,-0.977273,-1.250000
18,-0.931818,-1.250000
19,-0.886364,-1.250000
20,-0.840909,-1.250000
21,-0.795455,-1.250000
22,-0.750000,-1.250000
23,-0.704545,-1.250000
24,-0.659091,-1.250000
25,-0.613636,-1.250000
26,-0.568182,-1.250000
27,-0.522727,-1.250000
28,-0.477273,-1.250000
29,-0.431818,-1.250000
30,-0.386364,-1.250000
31,-0.340909,-1.250000
32,-0.295455,-1.250000
33,-0.250000,-1.250000
34,-0.204545,-1.250000
35,-0.159091,-1.250000
36,-0.113636,-1.250000
37,-0.068182,-1.250000
38,-0.022727,-1.250000
39,0.022727,-1.250000
40,0.068182,-1.250000
41,0.113636,-1.250000
42,0.159091,-1.250000
43,0.204545,-1.250000
44,0.250000,-1.250000
45,0.295455,-1.250000
46,0.340909,-1.250000
47,0.386364,-1.250000
48,0.431818,-1.250000
49,0.477273,-1.250000
50,0.522727,-1.250000
51,0.568182,-1.250000
52,0.613636,-1.250000
53,0.659091,-1.250000
54,0.704545,-1.250000
55,0.750000,-1.250000
56,0.795455,-1.250000
57,0.840909,-1.250000
58,0.886364,-1.250000
59,0.931818,-1.250000
60,0.977273,-1.250000
61,1.022727,-1.250000
62,1.068182,-1.250000
63,1.113636,-1.250000
64,1.159091,-1.250000
65,1.204545,-1.250000
66,1.250000,-1.250000
67,1.295455,-1.250000
68,1.340909,-1.250000
69,1.386364,-1.250000
70,1.431818,-1.250000
71,1.477273,-1.250000
72,1.522727,-1.250000
73,1.568182,-1.250000
74,1.613636,-1.250000
75,1.659091,-1.250000
76,1.704545,-1.250000
77,1.750000,-1.250000
78,1.795455,-1.250000
79,1.840909,-1.250000
80,1.886364,-1.250000
81,1.931818,-1.250000
82,1.977273,-1.250000
83,2.022727,-1.250000
84,2.068182,-1.250000
85,2.113636,-1.250000
86,2.159091,-1.250000
87,2.204545,-1.250000
88,2.250000,-1.250000
89,2.295455,-1.250000
90,2.340909,-1.250000
91,2.386364,-1.250000
92,2.431818,-1.250000
93,2.477273,-1.250000
94,2.522727,-1.250000
95,2.568182,-1.250000
96,2.613636,-1.250000
97,2.659091,-1.250000
98,2.704545,-1.250000
99,2.750000,-1.250000
100,-1.750000,-1.219697
101,-1.704545,-1.219697
102,-1.659091,-1.219697
103,-1.613636,-1.219697
104,-1.568182,-1.219697
105,-1.522727,-1.219697
106,-1.477273,-1.219697
107,-1.431818,-1.219697
108,-1.386364,-1.219697
109,-1.340909,-1.219697
110,-1.295455,-1.219697
111,-1.250000,-1.219697
112,-1.204545,-1.219697
113,-1.159091,-1.219697
114,-1.113636,-1.219697
115,-1.068182,-1.219697
116,-1.022727,-1.219697
117,-0.977273,-1.219697
118,-0.931818,-1.219697
119,-0.886364,-1.219697
120,-0.840909,-1.219697
121,-0.795455,-1.219697
122,-0.750000,-1.219697
123,-0.704545,-1.219697
124,-0.659091,-1.219697
125,-0.613636,-1.219697
126,-0.568182,-1.219697
127,-0.522727,-1.219697
128,-0.477273,-1.219697
129,-0.431818,-1.219697
130,-0.386364,-1.219697
131,-0.340909,-1.219697
132,-0.295455,-1.219697
133,-0.250000,-1.219697
134,-0.204545,-1.219697
135,-0.159091,-1.219697
136,-0.113636,-1.219697
137,-0.068182,-1.219697
138,-0.022727,-1.219697
139,0.022727,-1.219697
140,0.068182,-1.219697
141,0.113636,-1.219697
142,0.159091,-1.219697
143,0.204545,-1.219697
144,0.250000,-1.219697
145,0.295455,-1.219697
146,0.340909,-1.219697
147,0.386364,-1.219697
148,0.431818,-1.219697
149,0.477273,-1.219697
150,0.522727,-1.219697
151,0.568182,-1.219697
152,0.613636,-1.219697
153,0.659091,-1.219697
154,0.704545,-1.219697
155,0.750000,-1.219697
156,0.795455,-1.219697
157,0.840909,-1.219697
158,0.886364,-1.219697
159,0.931818,-1.219697
160,0.977273,-1.219697
161,1.022727,-1.219697
162,1.068182,-1.219697
163,1.113636,-1.219697
164,1.159091,-1.219697
165,1.204545,-1.219697
166,1.250000,-1.219697
167,1.295455,-1.219697
168,1.340909,-1.219697
169,1.386364,-1.219697
170,1.431818,-1.219697
171,1.477273,-1.219697
172,1.522727,-1.219697
173,1.568182,-1.219697
174,1.613636,-1.219697
175,1.659091,-1.219697
176,1.704545,-1.219697
177,1.750000,-1.219697
178,1.795455,-1.219697
179,1.840909,-1.219697
180,1.886364,-1.219697
181,1.931818,-1.219697
182,1.977273,-1.219697
183,2.022727,-1.219697
184,2.068182,-1.219697
185,2.113636,-1.219697
186,2.159091,-1.219697
187,2.204545,-1.219697
188,2.250000,-1.219697
189,2.295455,-1.219697
190,2.340909,-1.219697
191,2.386364,-1.219697
192,2.431818,-1.219697
193,2.477273,-1.219697
194,2.522727,-1.219697
195,2.568182,-1.219697
196,2.613636,-1.219697
197,2.659091,-1.219697
198,2.704545,-1.219697
199,2.750000,-1.219697
200,-1.750000,-1.189394
201,-1.704545,-1.189394
202,-1.659091,-1.189394
203,-1.613636,-1.189394
204,-1.568182,-1.189394
205,-1.522727,-1.189394
206,-1.477273,-1.189394
207,-1.431818,-1.189394
208,-1.386364,-1.189394
209,-1.340909,-1.189394
210,-1.295455,-1.189394
211,-1.250000,-1.189394
212,-1.204545,-1.189394
213,-1.159091,-1.189394
214,-1.113636,-1.189394
215,-1.068182,-1.189394
216,-1.022727,-1.189394
217,-0.977273,-1.189394
218,-0.931818,-1.189394
219,-0.886364,-1.189394
220,-0.840909,-1.189394
221,-0.795455,-1.189394
222,-0.750000,-1.189394
223,-0.704545,-1.189394
224,-0.659091,-1.189394
225,-0.613636,-1.189394
226,-0.568182,-1.189394
227,-0.522727,-1.189394
228,-0.477273,-1.189394
229,-0.431818,-1.189394
230,-0.386364,-1.189394
231,-0.340909,-1.189394
232,-0.295455,-1.189394
233,-0.250000,-1.189394
234,-0.204545,-1.189394
235,-0.159091,-1.189394
236,-0.113636,-1.189394
237,-0.068182,-1.189394
238,-0.022727,-1.189394
239,0.022727,-1.189394
240,0.068182,-1.189394
241,0.113636,-1.189394
242,0.159091,-1.189394
243,0.204545,-1.189394
244,0.250000,-1.189394
245,0.295455,-1.189394
246,0.340909,-1.189394
247,0.386364,-1.189394
248,0.431818,-1.189394
249,0.477273,-1.189394
250,0.522727,-1.189394
251,0.568182,-1.189394
252,0.613636,-1.189394
253,0.659091,-1.189394
254,0.704545,-1.189394
255,0.750000,-1.189394
256,0.795455,-1.189394
257,0.840909,-1.189394
258,0.886364,-1.189394
259,0.931818,-1.189394
260,0.977273,-1.189394
261,1.022727,-1.189394
262,1.068182,-1.189394
263,1.113636,-1.189394
264,1.159091,-1.189394
265,1.204545,-1.189394
266,1.250000,-1.189394
267,1.295455,-1.189394
268,1.340909,-1.189394
269,1.386364,-1.189394
270,1.431818,-1.189394
271,1.477273,-1.189394
272,1.522727,-1.189394
273,1.568182,-1.189394
274,1.613636,-1.189394
275,1.659091,-1.189394
276,1.704545,-1.189394
277,1.750000,-1.189394
278,1.795455,-1.189394
279,1.840909,-1.189394
280,1.886364,-1.189394
281,1.931818,-1.189394
282,1.977273,-1.189394
283,2.022727,-1.189394
284,2.068182,-1.189394
285,2.113636,-1.189394
286,2.159091,-1.189394
287,2.204545,-1.189394
288,2.250000,-1.189394
289,2.295455,-1.189394
290,2.340909,-1.189394
291,2.386364,-1.189394
292,2.431818,-1.189394
293,2.477273,-1.189394
294,2.522727,-1.189394
295,2.568182,-1.189394
296,2.613636,-1.189394
297,2.659091,-1.189394
298,2.704545,-1.189394
299,2.750000,-1.189394
300,-1.750000,-1.159091
301,-1.704545,-1.159091
302,-1.659091,-1.159091
303,-1.613636,-1.159091
304,-1.568182,-1.159091
305,-1.522727,-1.159091
306,-1.477273,-1.159091
307,-1.431818,-1.159091
308,-1.386364,-1.159091
309,-1.340909,-1.159091
310,-1.295455,-1.159091
311,-1.250000,-1.159091
312,-1.204545,-1.159091
313,-1.159091,-1.159091
314,-1.113636,-1.159091
315,-1.068182,-1.159091
316,-1.022727,-1.159091
317,-0.977273,-1.159091
318,-0.931818,-1.159091
319,-0.886364,-1.159091
320,-0.840909,-1.159091
321,-0.795455,-1.159091
322,-0.750000,-1.159091
323,-0.704545,-1.159091
324,-0.659091,-1.159091
325,-0.613636,-1.159091
326,-0.568182,-1.159091
327,-0.522727,-1.159091
328,-0.477273,-1.159091
329,-0.431818,-1.159091
330,-0.386364,-1.159091
331,-0.340909,-1.159091
332,-0.295455,-1.159091
333,-0.250000,-1.159091
334,-0.204545,-1.159091
335,-0.159091,-1.159091
336,-0.113636,-1.159091
337,-0.068182,-1.159091
338,-0.022727,-1.159091
339,0.022727,-1.159091
340,0.068182,-1.159091
341,0.113636,-1.159091
342,0.159091,-1.159091
343,0.204545,-1.159091
344,0.250000,-1.159091
345,0.295455,-1.159091
346,0.340909,-1.159091
347,0.386364,-1.159091
348,0.431818,-1.159091
349,0.477273,-1.159091
350,0.522727,-1.159091
351,0.568182,-1.159091
352,0.613636,-1.159091
353,0.659091,-1.159091
354,0.704545,-1.159091
355,0.750000,-1.159091
356,0.795455,-1.159091
357,0.840909,-1.159091
358,0.886364,-1.159091
359,0.931818,-1.159091
360,0.977273,-1.159091
361,1.022727,-1.159091
362,1.068182,-1.159091
363,1.113636,-1.159091
364,1.159091,-1.159091
365,1.204545,-1.159091
366,1.250000,-1.159091
367,1.295455,-1.159091
368,1.340909,-1.159091
369,1.386364,-1.159091
370,1.431818,-1.159091
371,1.477273,-1.159091
372,1.522727,-1.159091
373,1.568182,-1.159091
374,1.613636,-1.159091
375,1.659091,-1.159091
376,1.704545,-1.159091
377,1.750000,-1.159091
378,1.795455,-1.159091
379,1.840909,-1.159091
380,1.886364,-1.159091
381,1.931818,-1.159091
382,1.977273,-1.159091
383,2.022727,-1.159091
384,2.068182,-1.159091
385,2.113636,-1.159091
386,2.159091,-1.159091
387,2.204545,-1.159091
388,2.250000,-1.159091
389,2.295455,-1.159091
390,2.340909,-1.159091
391,2.386364,-1.159091
392,2.431818,-1.159091
393,2.477273,-1.159091
394,2.522727,-1.159091
395,2.568182,-1.159091
396,2.613636,-1.159091
397,2.659091,-1.159091
398,2.704545,-1.159091
399,2.750000,-1.159091
400,-1.750000,-1.128788
401,-1.704545,-1.128788
402,-1.659091,-1.128788
403,-1.613636,-1.128788
404,-1.568182,-1.128788
405,-1.522727,-1.128788
406,-1.477273,-1.128788
407,-1.431818,-1.128788
408,-1.386364,-1.128788
409,-1.340909,-1.128788
410,-1.295455,-1.128788
411,-1.250000,-1.128788
412,-1.204545,-1.128788
413,-1.159091,-1.128788
414,-1.113636,-1.128788
415,-1.068182,-1.128788
416,-1.022727,-1.128788
417,-0.977273,-1.128788
418,-0.931818,-1.128788
419,-0.886364,-1.128788
420,-0.840909,-1.128788
421,-0.795455,-1.128788
422,-0.750000,-1.128788
423,-0.704545,-1.128788
424,-0.659091,-1.128788
425,-0.613636,-1.128788
426,-0.568182,-1.128788
427,-0.522727,-1.128788
428,-0.477273,-1.128788
429,-0.431818,-1.128788
430,-0.386364,-1.128788
431,-0.340909,-1.128788
432,-0.295455,-1.128788
433,-0.250000,-1.128788
434,-0.204545,-1.128788
435,-0.159091,-1.128788
436,-0.113636,-1.128788
437,-0.068182,-1.128788
438,-0.022727,-1.128788
439,0.022727,-1.128788
440,0.068182,-1.128788
441,0.113636,-1.128788
442,0.159091,-1.128788
443,0.204545,-1.128788
444,0.250000,-1.128788
445,0.295455,-1.128788
446,0.340909,-1.128788
447,0.386364,-1.128788
448,0.431818,-1.128788
449,0.477273,-1.128788
450,0.522727,-1.128788
451,0.568182,-1.128788
452,0.613636,-1.128788
453,0.659091,-1.128788
454,0.704545,-1.128788
455,0.750000,-1.128788
456,0.795455,-1.128788
457,0.840909,-1.128788
458,0.886364,-1.128788
459,0.931818,-1.128788
460,0.977273,-1.128788
461,1.022727,-1.128788
462,1.068182,-1.128788
463,1.113636,-1.128788
464,1.159091,-1.128788
465,1.204545,-1.128788
466,1.250000,-1.128788
467,1.295455,-1.128788
468,1.340909,-1.128788
469,1.386364,-1.128788
470,1.431818,-1.128788
471,1.477273,-1.128788
472,1.522727,-1.128788
473,1.568182,-1.128788
474,1.613636,-1.128788
475,1.659091,-1.128788
476,1.704545,-1.128788
477,1.750000,-1.128788
478,1.795455,-1.128788
479,1.840909,-1.128788
480,1.886364,-1.128788
481,1.931818,-1.128788
482,1.977273,-1.128788
483,2.022727,-1.128788
484,2.068182,-1.128788
485,2.113636,-1.128788
486,2.159091,-1.128788
487,2.204545,-1.128788
488,2.250000,-1.128788
489,2.295455,-1.128788
490,2.340909,-1.128788
491,2.386364,-1.128788
492,2.431818,-1.128788
493,2.477273,-1.128788
494,2.522727,-1.128788
495,2.568182,-1.128788
496,2.613636,-1.128788
497,2.659091,-1.128788
498,2.704545,-1.128788
499,2.750000,-1.128788
500,-1.750000,-1.098485
501,-1.704545,-1.098485
502,-1.659091,-1.098485
503,-1.613636,-1.098485
504,-1.568182,-1.098485
505,-1.522727,-1.098485
506,-1.477273,-1.098485
507,-1.431818,-1.098485
508,-1.386364,-1.098485
509,-1.340909,-1.098485
510,-1.295455,-1.098485
511,-1.250000,-1.098485
512,-1.204545,-1.098485
513,-1.159091,-1.098485
514,-1.113636,-1.098485
515,-1.068182,-1.098485
516,-1.022727,-1.098485
517,-0.977273,-1.098485
518,-0.931818,-1.098485
519,-0.886364,-1.098485
520,-0.840909,-1.098485
521,-0.795455,-1.098485
522,-0.750000,-1.098485
523,-0.704545,-1.098485
524,-0.659091,-1.098485
525,-0.613636,-1.098485
526,-0.568182,-1.098485
527,-0.522727,-1.098485
528,-0.477273,-1.098485
529,-0.431818,-1.098485
530,-0.386364,-1.098485
531,-0.340909,-1.098485
532,-0.295455,-1.098485
533,-0.250000,-1.098485
534,-0.204545,-1.098485
535,-0.159091,-1.098485
536,-0.113636,-1.098485
537,-0.068182,-1.098485
538,-0.022727,-1.098485
539,0.022727,-1.098485
540,0.068182,-1.098485
541,0.113636,-1.098485
542,0.159091,-1.098485
543,0.204545,-1.098485
544,0.250000,-1.098485
545,0.295455,-1.098485
546,0.340909,-1.098485
547,0.386364,-1.098485
548,0.431818,-1.098485
549,0.477273,-1.098485
550,0.522727,-1.098485
551,0.568182,-1.098485
552,0.613636,-1.098485
553,0.659091,-1.098485
554,0.704545,-1.098485
555,0.750000,-1.098485
556,0.795455,-1.098485
557,0.840909,-1.098485
558,0.886364,-1.098485
559,0.931818,-1.098485
560,0.977273,-1.098485
561,1.022727,-1.098485
562,1.068182,-1.098485
563,1.113636,-1.098485
564,1.159091,-1.098485
565,1.204545,-1.098485
566,1.250000,-1.098485
567,1.295455,-1.098485
568,1.340909,-1.098485
569,1.386364,-1.098485
570,1.431818,-1.098485
571,1.477273,-1.098485
572,1.522727,-1.098485
573,1.568182,-1.098485
574,1.613636,-1.098485
575,1.659091,-1.098485
576,1.704545,-1.098485
577,1.750000,-1.098485
578,1.795455,-1.098485
579,1.840909,-1.098485
580,1.886364,-1.098485
581,1.931818,-1.098485
582,1.977273,-1.098485
583,2.022727,-1.098485
584,2.068182,-1.098485
585,2.113636,-1.098485
586,2.159091,-1.098485
587,2.204545,-1.098485
588,2.250000,-1.098485
589,2.295455,-1.098485
590,2.340909,-1.098485
591,2.386364,-1.098485
592,2.431818,-1.098485
593,2.477273,-1.098485
594,2.522727,-1.098485
595,2.568182,-1.098485
596,2.613636,-1.098485
597,2.659091,-1.098485
598,2.704545,-1.098485
599,2.750000,-1.098485
600,-1.750000,-1.068182
601,-1.704545,-1.068182
602,-1.659091,-1.068182
603,-1.613636,-1.068182
604,-1.568182,-1.068182
605,-1.522727,-1.068182
606,-1.477273,-1.068182
607,-1.431818,-1.068182
608,-1.386364,-1.068182
609,-1.340909,-1.068182
610,-1.295455,-1.068182
611,-1.250000,-1.068182
612,-1.204545,-1.068182
613,-1.159091,-1.068182
614,-1.113636,-1.068182
615,-1.068182,-1.068182
616,-1.022727,-1.068182
617,-0.977273,-1.068182
618,-0.931818,-1.068182
619,-0.886364,-1.068182
620,-0.840909,-1.068182
621,-0.795455,-1.068182
622,-0.750000,-1.068182
623,-0.704545,-1.068182
624,-0.659091,-1.068182
625,-0.613636,-1.068182
626,-0.568182,-1.068182
627,-0.522727,-1.068182
628,-0.477273,-1.068182
629,-0.431818,-1.068182
630,-0.386364,-1.068182
631,-0.340909,-1.068182
632,-0.295455,-1.068182
633,-0.250000,-1.068182
634,-0.204545,-1.068182
635,-0.159091,-1.068182
636,-0.113636,-1.068182
637,-0.068182,-1.068182
638,-0.022727,-1.068182
639,0.022727,-1.068182
640,0.068182,-1.068182
641,0.113636,-1.068182
642,0.159091,-1.068182
643,0.204545,-1.068182
644,0.250000,-1.068182
645,0.295455,-1.068182
646,0.340909,-1.068182
647,0.386364,-1.068182
648,0.431818,-1.068182
649,0.477273,-1.068182
650,0.522727,-1.068182
651,0.568182,-1.068182
652,0.613636,-1.068182
653,0.659091,-1.068182
654,0.704545,-1.068182
655,0.750000,-1.068182
656,0.795455,-1.068182
657,0.840909,-1.068182
658,0.886364,-1.068182
659,0.931818,-1.068182
660,0.977273,-1.068182
661,1.022727,-1.068182
662,1.068182,-1.068182
663,1.113636,-1.068182
664,1.159091,-1.068182
665,1.204545,-1.068182
666,1.250000,-1.068182
667,1.295455,-1.068182
668,1.340909,-1.068182
669,1.386364,-1.068182
670,1.431818,-1.068182
671,1.477273,-1.068182
672,1.522727,-1.068182
673,1.568182,-1.068182
674,1.613636,-1.068182
675,1.659091,-1.068182
676,1.704545,-1.068182
677,1.750000,-1.068182
678,1.795455,-1.068182
679,1.840909,-1.068182
680,1.886364,-1.068182
681,1.931818,-1.068182
682,1.977273,-1.068182
683,2.022727,-1.068182
684,2.068182,-1.068182
685,2.113636,-1.068182
686,2.159091,-1.068182
687,2.204545,-1.068182
688,2.250000,-1.068182
689,2.295455,-1.068182
690,2.340909,-1.068182
691,2.386364,-1.068182
692,2.431818,-1.068182
693,2.477273,-1.068182
694,2.522727,-1.068182
695,2.568182,-1.068182
696,2.613636,-1.068182
697,2.659091,-1.068182
698,2.704545,-1.068182
699,2.750000,-1.068182
700,-1.750000,-1.037879
701,-1.704545,-1.037879
702,-1.659091,-1.037879
703,-1.613636,-1.037879
704,-1.568182,-1.037879
705,-1.522727,-1.037879
706,-1.477273,-1.037879
707,-1.431818,-1.037879
708,-1.386364,-1.037879
709,-1.340909,-1.037879
710,-1.295455,-1.037879
711,-1.250000,-1.037879
712,-1.204545,-1.037879
713,-1.159091,-1.037879
714,-1.113636,-1.037879
715,-1.068182,-1.037879
716,-1.022727,-1.037879
717,-0.977273,-1.037879
718,-0.931818,-1.037879
719,-0.886364,-1.037879
720,-0.840909,-1.037879
721,-0.795455,-1.037879
722,-0.750000,-1.037879
723,-0.704545,-1.037879
724,-0.659091,-1.037879
725,-0.613636,-1.037879
726,-0.568182,-1.037879
727,-0.522727,-1.037879
728,-0.477273,-1.037879
729,-0.431818,-1.037879
730,-0.386364,-1.037879
731,-0.340909,-1.037879
732,-0.295455,-1.037879
733,-0.250000,-1.037879
734,-0.204545,-1.037879
735,-0.159091,-1.037879
736,-0.113636,-1.037879
737,-0.068182,-1.037879
738,-0.022727,-1.037879
739,0.022727,-1.037879
740,0.068182,-1.037879
741,0.113636,-1.037879
742,0.159091,-1.037879
743,0.204545,-1.037879
744,0.250000,-1.037879
745,0.295455,-1.037879
746,0.340909,-1.037879
747,0.386364,-1.037879
748,0.431818,-1.037879
749,0.477273,-1.037879
750,0.522727,-1.037879
751,0.568182,-1.037879
752,0.613636,-1.037879
753,0.659091,-1.037879
754,0.704545,-1.037879
755,0.750000,-1.037879
756,0.795455,-1.037879
757,0.840909,-1.037879
758,0.886364,-1.037879
759,0.931818,-1.037879
760,0.977273,-1.037879
761,1.022727,-1.037879
762,1.068182,-1.037879
763,1.113636,-1.037879
764,1.159091,-1.037879
765,1.204545,-1.037879
766,1.250000,-1.037879
767,1.295455,-1.037879
768,1.340909,-1.037879
769,1.386364,-1.037879
770,1.431818,-1.037879
771,1.477273,-1.037879
772,1.522727,-1.037879
773,1.568182,-1.037879
774,1.613636,-1.037879
775,1.659091,-1.037879
776,1.704545,-1.037879
777,1.750000,-1.037879
778,1.795455,-1.037879
779,1.840909,-1.037879
780,1.886364,-1.037879
781,1.931818,-1.037879
782,1.977273,-1.037879
783,2.022727,-1.037879
784,2.068182,-1.037879
785,2.113636,-1.037879
786,2.159091,-1.037879
787,2.204545,-1.037879
788,2.250000,-1.037879
789,2.295455,-1.037879
790,2.340909,-1.037879
791,2.386364,-1.037879
792,2.431818,-1.037879
793,2.477273,-1.037879
794,2.522727,-1.037879
795,2.568182,-1.037879
796,2.613636,-1.037879
797,2.659091,-1.037879
798,2.704545,-1.037879
799,2.750000,-1.037879
800,-1.750000,-1.007576
801,-1.704545,-1.007576
802,-1.659091,-1.007576
803,-1.613636,-1.007576
804,-1.568182,-1.007576
805,-1.522727,-1.007576
806,-1.477273,-1.007576
807,-1.431818,-1.007576
808,-1.386364,-1.007576
809,-1.340909,-1.007576
810,-1.295455,-1.007576
811,-1.250000,-1.007576
812,-1.204545,-1.007576
813,-1.159091,-1.007576
814,-1.113636,-1.007576
815,-1.068182,-1.007576
816,-1.022727,-1.007576
817,-0.977273,-1.007576
818,-0.931818,-1.007576
819,-0.886364,-1.007576
820,-0.840909,-1.007576
821,-0.795455,-1.007576
822,-0.750000,-1.007576
823,-0.704545,-1.007576
824,-0.659091,-1.007576
825,-0.613636,-1.007576
826,-0.568182,-1.007576
827,-0.522727,-1.007576
828,-0.477273,-1.007576
829,-0.431818,-1.007576
830,-0.386364,-1.007576
831,-0.340909,-1.007576
832,-0.295455,-1.007576
833,-0.250000,-1.007576
834,-0.204545,-1.007576
835,-0.159091,-1.007576
836,-0.113636,-1.007576
837,-0.068182,-1.007576
838,-0.022727,-1.007576
839,0.022727,-1.007576
840,0.068182,-1.007576
841,0.113636,-1.007576
842,0.159091,-1.007576
843,0.204545,-1.007576
844,0.250000,-1.007576
845,0.295455,-1.007576
846,0.340909,-1.007576
847,0.386364,-1.007576
848,0.431818,-1.007576
849,0.477273,-1.007576
850,0.522727,-1.007576
851,0.568182,-1.007576
852,0.613636,-1.007576
853,0.659091,-1.007576
854,0.704545,-1.007576
855,0.750000,-1.007576
856,0.795455,-1.007576
857,0.840909,-1.007576
858,0.886364,-1.007576
859,0.931818,-1.007576
860,0.977273,-1.007576
861,1.022727,-1.007576
862,1.068182,-1.007576
863,1.113636,-1.007576
864,1.159091,-1.007576
865,1.204545,-1.007576
866,1.250000,-1.007576
867,1.295455,-1.007576
868,1.340909,-1.007576
869,1.386364,-1.007576
870,1.431818,-1.007576
871,1.477273,-1.007576
872,1.522727,-1.007576
873,1.568182,-1.007576
874,1.613636,-1.007576
875,1.659091,-1.007576
876,1.704545,-1.007576
877,1.750000,-1.007576
878,1.795455,-1.007576
879,1.840909,-1.007576
880,1.886364,-1.007576
881,1.931818,-1.007576
882,1.977273,-1.007576
883,2.022727,-1.007576
884,2.068182,-1.007576
885,2.113636,-1.007576
886,2.159091,-1.007576
887,2.204545,-1.007576
888,2.250000,-1.007576
889,2.295455,-1.007576
890,2.340909,-1.007576
891,2.386364,-1.007576
892,2.431818,-1.007576
893,2.477273,-1.007576
894,2.522727,-1.007576
895,2.568182,-1.007576
896,2.613636,-1.007576
897,2.659091,-1.007576
898,2.704545,-1.007576
899,2.750000,-1.007576
900,-1.750000,-0.977273
901,-1.704545,-0.977273
902,-1.659091,-0.977273
903,-1.613636,-0.977273
904,-1.568182,-0.977273
905,-1.522727,-0.977273
906,-1.477273,-0.977273
907,-1.431818,-0.977273
908,-1.386364,-0.977273
909,-1.340909,-0.977273
910,-1.295455,-0.977273
911,-1.250000,-0.977273
912,-1.204545,-0.977273
913,-1.159091,-0.977273
914,-1.113636,-0.977273
915,-1.068182,-0.977273
916,-1.022727,-0.977273
917,-0.977273,-0.977273
918,-0.931818,-0.977273
919,-0.886364,-0.977273
920,-0.840909,-0.977273
921,-0.795455,-0.977273
922,-0.750000,-0.977273
923,-0.704545,-0.977273
924,-0.659091,-0.977273
925,-0.613636,-0.977273
926,-0.568182,-0.977273
927,-0.522727,-0.977273
928,-0.477273,-0.977273
929,-0.431818,-0.977273
930,-0.386364,-0.977273
931,-0.340909,-0.977273
932,-0.295455,-0.977273
933,-0.250000,-0.977273
934,-0.204545,-0.977273
935,-0.159091,-0.977273
936,-0.113636,-0.977273
937,-0.068182,-0.977273
938,-0.022727,-0.977273
939,0.022727,-0.977273
940,0.068182,-0.977273
941,0.113636,-0.977273
942,0.159091,-0.977273
943,0.204545,-0.977273
944,0.250000,-0.977273
945,0.295455,-0.977273
946,0.340909,-0.977273
947,0.386364,-0.977273
948,0.431818,-0.977273
949,0.477273,-0.977273
950,0.522727,-0.977273
951,0.568182,-0.977273
952,0.613636,-0.977273
953,0.659091,-0.977273
954,0.704545,-0.977273
955,0.750000,-0.977273
956,0.795455,-0.977273
957,0.840909,-0.977273
958,0.886364,-0.977273
959,0.931818,-0.977273
960,0.977273,-0.977273
961,1.022727,-0.977273
962,1.068182,-0.977273
963,1.113636,-0.977273
964,1.159091,-0.977273
965,1.204545,-0.977273
966,1.250000,-0.977273
967,1.295455,-0.977273
968,1.340909,-0.977273
969,1.386364,-0.977273
970,1.431818,-0.977273
971,1.477273,-0.977273
972,1.522727,-0.977273
973,1.568182,-0.977273
974,1.613636,-0.977273
975,1.659091,-0.977273
976,1.704545,-0.977273
977,1.750000,-0.977273
978,1.795455,-0.977273
979,1.840909,-0.977273
980,1.886364,-0.977273
981,1.931818,-0.977273
982,1.977273,-0.977273
983,2.022727,-0.977273
984,2.068182,-0.977273
985,2.113636,-0.977273
986,2.159091,-0.977273
987,2.204545,-0.977273
988,2.250000,-0.977273
989,2.295455,-0.977273
990,2.340909,-0.977273
991,2.386364,-0.977273
992,2.431818,-0.977273
993,2.477273,-0.977273
994,2.522727,-0.977273
995,2.568182,-0.977273
996,2.613636,-0.977273
997,2.659091,-0.977273
998,2.704545,-0.977273
999,2.750000,-0.977273
1000,-1.750000,-0.946970
1001,-1.704545,-0.946970
1002,-1.659091,-0.946970
1003,-1.613636,-0.946970
1004,-1.568182,-0.946970
1005,-1.522727,-0.946970
1006,-1.477273,-0.946970
1007,-1.431818,-0.946970
1008,-1.386364,-0.946970
1009,-1.340909,-0.946970
1010,-1.295455,-0.946970
1011,-1.250000,-0.946970
1012,-1.204545,-0.946970
1013,-1.159091,-0.946970
1014,-1.113636,-0.946970
1015,-1.068182,-0.946970
1016,-1.022727,-0.946970
1017,-0.977273,-0.946970
1018,-0.931818,-0.946970
1019,-0.886364,-0.946970
1020,-0.840909,-0.946970
1021,-0.795455,-0.946970
1022,-0.750000,-0.946970
1023,-0.704545,-0.946970
1024,-0.659091,-0.946970
1025,-0.613636,-0.946970
1026,-0.568182,-0.946970
1027,-0.522727,-0.946970
1028,-0.477273,-0.946970
1029,-0.431818,-0.946970
1030,-0.386364,-0.946970
1031,-0.340909,-0.946970
1032,-0.295455,-0.946970
1033,-0.250000,-0.946970
1034,-0.204545,-0.946970
1035,-0.159091,-0.946970
1036,-0.113636,-0.946970
1037,-0.068182,-0.946970
1038,-0.022727,-0.946970
1039,0.022727,-0.946970
1040,0.068182,-0.946970
1041,0.113636,-0.946970
1042,0.159091,-0.946970
1043,0.204545,-0.946970
1044,0.250000,-0.946970
1045,0.295455,-0.946970
1046,0.340909,-0.946970
1047,0.386364,-0.946970
1048,0.431818,-0.946970
1049,0.477273,-0.946970
1050,0.522727,-0.946970
1051,0.568182,-0.946970
1052,0.613636,-0.946970
1053,0.659091,-0.946970
1054,0.704545,-0.946970
1055,0.750000,-0.946970
1056,0.795455,-0.946970
1057,0.840909,-0.946970
1058,0.886364,-0.946970
1059,0.931818,-0.946970
1060,0.977273,-0.946970
1061,1.022727,-0.946970
1062,1.068182,-0.946970
1063,1.113636,-0.946970
1064,1.159091,-0.946970
1065,1.204545,-0.946970
1066,1.250000,-0.946970
1067,1.295455,-0.946970
1068,1.340909,-0.946970
1069,1.386364,-0.946970
1070,1.431818,-0.946970
1071,1.477273,-0.946970
1072,1.522727,-0.946970
1073,1.568182,-0.946970
1074,1.613636,-0.946970
1075,1.659091,-0.946970
1076,1.704545,-0.946970
1077,1.750000,-0.946970
1078,1.795455,-0.946970
1079,1.840909,-0.946970
1080,1.886364,-0.946970
1081,1.931818,-0.946970
1082,1.977273,-0.946970
1083,2.022727,-0.946970
1084,2.068182,-0.946970
1085,2.113636,-0.946970
1086,2.159091,-0.946970
1087,2.204545,-0.946970
1088,2.250000,-0.946970
1089,2.295455,-0.946970
1090,2.340909,-0.946970
1091,2.386364,-0.946970
1092,2.431818,-0.946970
1093,2.477273,-0.946970
1094,2.522727,-0.946970
1095,2.568182,-0.946970
1096,2.613636,-0.946970
1097,2.659091,-0.946970
1098,2.704545,-0.946970
1099,2.750000,-0.946970
1100,-1.750000,-0.916667
1101,-1.704545,-0.916667
1102,-1.659091,-0.916667
1103,-1.613636,-0.916667
1104,-1.568182,-0.916667
1105,-1.522727,-0.916667
1106,-1.477273,-0.916667
1107,-1.431818,-0.916667
1108,-1.386364,-0.916667
1109,-1.340909,-0.916667
1110,-1.295455,-0.916667
1111,-1.250000,-0.916667
1112,-1.204545,-0.916667
1113,-1.159091,-0.916667
1114,-1.113636,-0.916667
1115,-1.068182,-0.916667
1116,-1.022727,-0.916667
1117,-0.977273,-0.916667
1118,-0.931818,-0.916667
1119,-0.886364,-0.916667
1120,-0.840909,-0.916667
1121,-0.795455,-0.916667
1122,-0.750000,-0.916667
1123,-0.704545,-0.916667
1124,-0.659091,-0.916667
1125,-0.613636,-0.916667
1126,-0.568182,-0.916667
1127,-0.522727,-0.916667
1128,-0.477273,-0.916667
1129,-0.431818,-0.916667
1130,-0.386364,-0.916667
1131,-0.340909,-0.916667
1132,-0.295455,-0.916667
1133,-0.250000,-0.916667
1134,-0.204545,-0.916667
1135,-0.159091,-0.916667
1136,-0.113636,-0.916667
1137,-0.068182,-0.916667
1138,-0.022727,-0.916667
1139,0.022727,-0.916667
1140,0.068182,-0.916667
1141,0.113636,-0.916667
1142,0.159091,-0.916667
1143,0.204545,-0.916667
1144,0.250000,-0.916667
1145,0.295455,-0.916667
1146,0.340909,-0.916667
1147,0.386364,-0.916667
1148,0.431818,-0.916667
1149,0.477273,-0.916667
1150,0.522727,-0.916667
1151,0.568182,-0.916667
1152,0.613636,-0.916667
1153,0.659091,-0.916667
1154,0.704545,-0.916667
1155,0.750000,-0.916667
1156,0.795455,-0.916667
1157,0.840909,-0.916667
1158,0.886364,-0.916667
1159,0.931818,-0.916667
1160,0.977273,-0.916667
1161,1.022727,-0.916667
1162,1.068182,-0.916667
1163,1.113636,-0.916667
1164,1.159091,-0.916667
1165,1.204545,-0.916667
1166,1.250000,-0.916667
1167,1.295455,-0.916667
1168,1.340909,-0.916667
1169,1.386364,-0.916667
1170,1.431818,-0.916667
1171,1.477273,-0.916667
1172,1.522727,-0.916667
1173,1.568182,-0.916667
1174,1.613636,-0.916667
1175,1.659091,-0.916667
1176,1.704545,-0.916667
1177,1.750000,-0.916667
1178,1.795455,-0.916667
1179,1.840909,-0.916667
1180,1.886364,-0.916667
1181,1.931818,-0.916667
1182,1.977273,-0.916667
1183,2.022727,-0.916667
1184,2.068182,-0.916667
1185,2.113636,-0.916667
1186,2.159091,-0.916667
1187,2.204545,-0.916667
1188,2.250000,-0.916667
1189,2.295455,-0.916667
1190,2.340909,-0.916667
1191,2.386364,-0.916667
1192,2.431818,-0.916667
1193,2.477273,-0.916667
1194,2.522727,-0.916667
1195,2.568182,-0.916667
1196,2.613636,-0.916667
1197,2.659091,-0.916667
1198,2.704545,-0.916667
1199,2.750000,-0.916667
1200,-1.750000,-0.886364
1201,-1.704545,-0.886364
1202,-1.659091,-0.886364
1203,-1.613636,-0.886364
1204,-1.568182,-0.886364
1205,-1.522727,-0.886364
1206,-1.477273,-0.886364
1207,-1.431818,-0.886364
1208,-1.386364,-0.886364
1209,-1.340909,-0.886364
1210,-1.295455,-0.886364
1211,-1.250000,-0.886364
1212,-1.204545,-0.886364
1213,-1.159091,-0.886364
1214,-1.113636,-0.886364
1215,-1.068182,-0.886364
1216,-1.022727,-0.886364
1217,-0.977273,-0.886364
1218,-0.931818,-0.886364
1219,-0.886364,-0.886364
1220,-0.840909,-0.886364
1221,-0.795455,-0.886364
1222,-0.750000,-0.886364
1223,-0.704545,-0.886364
1224,-0.659091,-0.886364
1225,-0.613636,-0.886364
1226,-0.568182,-0.886364
1227,-0.522727,-0.886364
1228,-0.477273,-0.886364
1229,-0.431818,-0.886364
1230,-0.386364,-0.886364
1231,-0.340909,-0.886364
1232,-0.295455,-0.886364
1233,-0.250000,-0.886364
1234,-0.204545,-0.886364
1235,-0.159091,-0.886364
1236,-0.113636,-0.886364
1237,-0.068182,-0.886364
1238,-0.022727,-0.886364
1239,0.022727,-0.886364
1240,0.068182,-0.886364
1241,0.113636,-0.886364
1242,0.159091,-0.886364
1243,0.204545,-0.886364
1244,0.250000,-0.886364
1245,0.295455,-0.886364
1246,0.340909,-0.886364
1247,0.386364,-0.886364
1248,0.431818,-0.886364
1249,0.477273,-0.886364
1250,0.522727,-0.886364
1251,0.568182,-0.886364
1252,0.613636,-0.886364
1253,0.659091,-0.886364
1254,0.704545,-0.886364
1255,0.750000,-0.886364
1256,0.795455,-0.886364
1257,0.840909,-0.886364
1258,0.886364,-0.886364
1259,0.931818,-0.886364
1260,0.977273,-0.886364
1261,1.022727,-0.886364
1262,1.068182,-0.886364
1263,1.113636,-0.886364
1264,1.159091,-0.886364
1265,1.204545,-0.886364
1266,1.250000,-0.886364
1267,1.295455,-0.886364
1268,1.340909,-0.886364
1269,1.386364,-0.886364
1270,1.431818,-0.886364
1271,1.477273,-0.886364
1272,1.522727,-0.886364
1273,1.568182,-0.886364
1274,1.613636,-0.886364
1275,1.659091,-0.886364
1276,1.704545,-0.886364
1277,1.750000,-0.886364
1278,1.795455,-0.886364
1279,1.840909,-0.886364
1280,1.886364,-0.886364
1281,1.931818,-0.886364
1282,1.977273,-0.886364
1283,2.022727,-0.886364
1284,2.068182,-0.886364
1285,2.113636,-0.886364
1286,2.159091,-0.886364
1287,2.204545,-0.886364
1288,2.250000,-0.886364
1289,2.295455,-0.886364
1290,2.340909,-0.886364
1291,2.386364,-0.886364
1292,2.431818,-0.886364
1293,2.477273,-0.886364
1294,2.522727,-0.886364
1295,2.568182,-0.886364
1296,2.613636,-0.886364
1297,2.659091,-0.886364
1298,2.704545,-0.886364
1299,2.750000,-0.886364
1300,-1.750000,-0.856061
1301,-1.704545,-0.856061
1302,-1.659091,-0.856061
1303,-1.613636,-0.856061
1304,-1.568182,-0.856061
1305,-1.522727,-0.856061
1306,-1.477273,-0.856061
1307,-1.431818,-0.856061
1308,-1.386364,-0.856061
1309,-1.340909,-0.856061
1310,-1.295455,-0.856061
1311,-1.250000,-0.856061
1312,-1.204545,-0.856061
1313,-1.159091,-0.856061
1314,-1.113636,-0.856061
1315,-1.068182,-0.856061
1316,-1.022727,-0.856061
1317,-0.977273,-0.856061
1318,-0.931818,-0.856061
1319,-0.886364,-0.856061
1320,-0.840909,-0.856061
1321,-0.795455,-0.856061
1322,-0.750000,-0.856061
1323,-0.704545,-0.856061
1324,-0.659091,-0.856061
1325,-0.613636,-0.856061
1326,-0.568182,-0.856061
1327,-0.522727,-0.856061
1328,-0.477273,-0.856061
1329,-0.431818,-0.856061
1330,-0.386364,-0.856061
1331,-0.340909,-0.856061
1332,-0.295455,-0.856061
1333,-0.250000,-0.856061
1334,-0.204545,-0.856061
1335,-0.159091,-0.856061
1336,-0.113636,-0.856061
1337,-0.068182,-0.856061
1338,-0.022727,-0.856061
1339,0.022727,-0.856061
1340,0.068182,-0.856061
1341,0.113636,-0.856061
1342,0.159091,-0.856061
1343,0.204545,-0.856061
1344,0.250000,-0.856061
1345,0.295455,-0.856061
1346,0.340909,-0.856061
1347,0.386364,-0.856061
1348,0.431818,-0.856061
1349,0.477273,-0.856061
1350,0.522727,-0.856061
1351,0.568182,-0.856061
1352,0.613636,-0.856061
1353,0.659091,-0.856061
1354,0.704545,-0.856061
1355,0.750000,-0.856061
1356,0.795455,-0.856061
1357,0.840909,-0.856061
1358,0.886364,-0.856061
1359,0.931818,-0.856061
1360,0.977273,-0.856061
1361,1.022727,-0.856061
1362,1.068182,-0.856061
1363,1.113636,-0.856061
1364,1.159091,-0.856061
1365,1.204545,-0.856061
1366,1.250000,-0.856061
1367,1.295455,-0.856061
1368,1.340909,-0.856061
1369,1.386364,-0.856061
1370,1.431818,-0.856061
1371,1.477273,-0.856061
1372,1.522727,-0.856061
1373,1.568182,-0.856061
1374,1.613636,-0.856061
1375,1.659091,-0.856061
1376,1.704545,-0.856061
1377,1.750000,-0.856061
1378,1.795455,-0.856061
1379,1.840909,-0.856061
1380,1.886364,-0.856061
1381,1.931818,-0.856061
1382,1.977273,-0.856061
1383,2.022727,-0.856061
1384,2.068182,-0.856061
1385,2.113636,-0.856061
1386,2.159091,-0.856061
1387,2.204545,-0.856061
1388,2.250000,-0.856061
1389,2.295455,-0.856061
1390,2.340909,-0.856061
1391,2.386364,-0.856061
1392,2.431818,-0.856061
1393,2.477273,-0.856061
1394,2.522727,-0.856061
1395,2.568182,-0.856061
1396,2.613636,-0.856061
1397,2.659091,-0.856061
1398,2.704545,-0.856061
1399,2.750000,-0.856061
1400,-1.750000,-0.825758
1401,-1.704545,-0.825758
1402,-1.659091,-0.825758
1403,-1.613636,-0.825758
1404,-1.568182,-0.825758
1405,-1.522727,-0.825758
1406,-1.477273,-0.825758
1407,-1.431818,-0.825758
1408,-1.386364,-0.825758
1409,-1.340909,-0.825758
1410,-1.295455,-0.825758
1411,-1.250000,-0.825758
1412,-1.204545,-0.825758
1413,-1.159091,-0.825758
1414,-1.113636,-0.825758
1415,-1.068182,-0.825758
1416,-1.022727,-0.825758
1417,-0.977273,-0.825758
1418,-0.931818,-0.825758
1419,-0.886364,-0.825758
1420,-0.840909,-0.825758
1421,-0.795455,-0.825758
1422,-0.750000,-0.825758
1423,-0.704545,-0.825758
1424,-0.659091,-0.825758
1425,-0.613636,-0.825758
1426,-0.568182,-0.825758
1427,-0.522727,-0.825758
1428,-0.477273,-0.825758
1429,-0.431818,-0.825758
1430,-0.386364,-0.825758
1431,-0.340909,-0.825758
1432,-0.295455,-0.825758
1433,-0.250000,-0.825758
1434,-0.204545,-0.825758
1435,-0.159091,-0.825758
1436,-0.113636,-0.825758
1437,-0.068182,-0.825758
1438,-0.022727,-0.825758
1439,0.022727,-0.825758
1440,0.068182,-0.825758
1441,0.113636,-0.825758
1442,0.159091,-0.825758
1443,0.204545,-0.825758
1444,0.250000,-0.825758
1445,0.295455,-0.825758
1446,0.340909,-0.825758
1447,0.386364,-0.825758
1448,0.431818,-0.825758
1449,0.477273,-0.825758
1450,0.522727,-0.825758
1451,0.568182,-0.825758
1452,0.613636,-0.825758
1453,0.659091,-0.825758
1454,0.704545,-0.825758
1455,0.750000,-0.825758
1456,0.795455,-0.825758
1457,0.840909,-0.825758
1458,0.886364,-0.825758
1459,0.931818,-0.825758
1460,0.977273,-0.825758
1461,1.022727,-0.825758
1462,1.068182,-0.825758
1463,1.113636,-0.825758
1464,1.159091,-0.825758
1465,1.204545,-0.825758
1466,1.250000,-0.825758
1467,1.295455,-0.825758
1468,1.340909,-0.825758
1469,1.386364,-0.825758
1470,1.431818,-0.825758
1471,1.477273,-0.825758
1472,1.522727,-0.825758
1473,1.568182,-0.825758
1474,1.613636,-0.825758
1475,1.659091,-0.825758
1476,1.704545,-0.825758
1477,1.750000,-0.825758
1478,1.795455,-0.825758
1479,1.840909,-0.825758
1480,1.886364,-0.825758
1481,1.931818,-0.825758
1482,1.977273,-0.825758
1483,2.022727,-0.825758
1484,2.068182,-0.825758
1485,2.113636,-0.825758
1486,2.159091,-0.825758
1487,2.204545,-0.825758
1488,2.250000,-0.825758
1489,2.295455,-0.825758
1490,2.340909,-0.825758
1491,2.386364,-0.825758
1492,2.431818,-0.825758
1493,2.477273,-0.825758
1494,2.522727,-0.825758
1495,2.568182,-0.825758
1496,2.613636,-0.825758
1497,2.659091,-0.825758
1498,2.704545,-0.825758
1499,2.750000,-0.825758
1500,-1.750000,-0.795455
1501,-1.704545,-0.795455
1502,-1.659091,-0.795455
1503,-1.613636,-0.795455
1504,-1.568182,-0.795455
1505,-1.522727,-0.795455
1506,-1.477273,-0.795455
1507,-1.431818,-0.795455
1508,-1.386364,-0.795455
1509,-1.340909,-0.795455
1510,-1.295455,-0.795455
1511,-1.250000,-0.795455
1512,-1.204545,-0.795455
1513,-1.159091,-0.795455
1514,-1.113636,-0.795455
1515,-1.068182,-0.795455
1516,-1.022727,-0.795455
1517,-0.977273,-0.795455
1518,-0.931818,-0.795455
1519,-0.886364,-0.795455
1520,-0.840909,-0.795455
1521,-0.795455,-0.795455
1522,-0.750000,-0.795455
1523,-0.704545,-0.795455
1524,-0.659091,-0.795455
1525,-0.613636,-0.795455
1526,-0.568182,-0.795455
1527,-0.522727,-0.795455
1528,-0.477273,-0.795455
1529,-0.431818,-0.795455
1530,-0.386364,-0.795455
1531,-0.340909,-0.795455
1532,-0.295455,-0.795455
1533,-0.250000,-0.795455
1534,-0.204545,-0.795455
1535,-0.159091,-0.795455
1536,-0.113636,-0.795455
1537,-0.068182,-0.795455
1538,-0.022727,-0.795455
1539,0.022727,-0.795455
1540,0.068182,-0.795455
1541,0.113636,-0.795455
1542,0.159091,-0.795455
1543,0.204545,-0.795455
1544,0.250000,-0.795455
1545,0.295455,-0.795455
1546,0.340909,-0.795455
1547,0.386364,-0.795455
1548,0.431818,-0.795455
1549,0.477273,-0.795455
1550,0.522727,-0.795455
1551,0.568182,-0.795455
1552,0.613636,-0.795455
1553,0.659091,-0.795455
1554,0.704545,-0.795455
1555,0.750000,-0.795455
1556,0.795455,-0.795455
1557,0.840909,-0.795455
1558,0.886364,-0.795455
1559,0.931818,-0.795455
1560,0.977273,-0.795455
1561,1.022727,-0.795455
1562,1.068182,-0.795455
1563,1.113636,-0.795455
1564,1.159091,-0.795455
1565,1.204545,-0.795455
1566,1.250000,-0.795455
1567,1.295455,-0.795455
1568,1.340909,-0.795455
1569,1.386364,-0.795455
1570,1.431818,-0.795455
1571,1.477273,-0.795455
1572,1.522727,-0.795455
1573,1.568182,-0.795455
1574,1.613636,-0.795455
1575,1.659091,-0.795455
1576,1.704545,-0.795455
1577,1.750000,-0.795455
1578,1.795455,-0.795455
1579,1.840909,-0.795455
1580,1.886364,-0.795455
1581,1.931818,-0.795455
1582,1.977273,-0.795455
1583,2.022727,-0.795455
1584,2.068182,-0.795455
1585,2.113636,-0.795455
1586,2.159091,-0.795455
1587,2.204545,-0.795455
1588,2.250000,-0.795455
1589,2.295455,-0.795455
1590,2.340909,-0.795455
1591,2.386364,-0.795455
1592,2.431818,-0.795455
1593,2.477273,-0.795455
1594,2.522727,-0.795455
1595,2.568182,-0.795455
1596,2.613636,-0.795455
1597,2.659091,-0.795455
1598,2.704545,-0.795455
1599,2.750000,-0.795455
1600,-1.750000,-0.765152
1601,-1.704545,-0.765152
1602,-1.659091,-0.765152
1603,-1.613636,-0.765152
1604,-1.568182,-0.765152
1605,-1.522727,-0.765152
1606,-1.477273,-0.765152
1607,-1.431818,-0.765152
1608,-1.386364,-0.765152
1609,-1.340909,-0.765152
1610,-1.295455,-0.765152
1611,-1.250000,-0.765152
1612,-1.204545,-0.765152
1613,-1.159091,-0.765152
1614,-1.113636,-0.765152
1615,-1.068182,-0.765152
1616,-1.022727,-0.765152
1617,-0.977273,-0.765152
1618,-0.931818,-0.765152
1619,-0.886364,-0.765152
1620,-0.840909,-0.765152
1621,-0.795455,-0.765152
1622,-0.750000,-0.765152
1623,-0.704545,-0.765152
1624,-0.659091,-0.765152
1625,-0.613636,-0.765152
1626,-0.568182,-0.765152
1627,-0.522727,-0.765152
1628,-0.477273,-0.765152
1629,-0.431818,-0.765152
1630,-0.386364,-0.765152
1631,-0.340909,-0.765152
1632,-0.295455,-0.765152
1633,-0.250000,-0.765152
1634,-0.204545,-0.765152
1635,-0.159091,-0.765152
1636,-0.113636,-0.765152
1637,-0.068182,-0.765152
1638,-0.022727,-0.765152
1639,0.022727,-0.765152
1640,0.068182,-0.765152
1641,0.113636,-0.765152
1642,0.159091,-0.765152
1643,0.204545,-0.765152
1644,0.250000,-0.765152
1645,0.295455,-0.765152
1646,0.340909,-0.765152
1647,0.386364,-0.765152
1648,0.431818,-0.765152
1649,0.477273,-0.765152
1650,0.522727,-0.765152
1651,0.568182,-0.765152
1652,0.613636,-0.765152
1653,0.659091,-0.765152
1654,0.704545,-0.765152
1655,0.750000,-0.765152
1656,0.795455,-0.765152
1657,0.840909,-0.765152
1658,0.886364,-0.765152
1659,0.931818,-0.765152
1660,0.977273,-0.765152
1661,1.022727,-0.765152
1662,1.068182,-0.765152
1663,1.113636,-0.765152
1664,1.159091,-0.765152
1665,1.204545,-0.765152
1666,1.250000,-0.765152
1667,1.295455,-0.765152
1668,1.340909,-0.765152
1669,1.386364,-0.765152
1670,1.431818,-0.765152
1671,1.477273,-0.765152
1672,1.522727,-0.765152
1673,1.568182,-0.765152
1674,1.613636,-0.765152
1675,1.659091,-0.765152
1676,1.704545,-0.765152
1677,1.750000,-0.765152
1678,1.795455,-0.765152
1679,1.840909,-0.765152
1680,1.886364,-0.765152
1681,1.931818,-0.765152
1682,1.977273,-0.765152
1683,2.022727,-0.765152
1684,2.068182,-0.765152
1685,2.113636,-0.765152
1686,2.159091,-0.765152
1687,2.204545,-0.765152
1688,2.250000,-0.765152
1689,2.295455,-0.765152
1690,2.340909,-0.765152
1691,2.386364,-0.765152
1692,2.431818,-0.765152
1693,2.477273,-0.765152
1694,2.522727,-0.765152
1695,2.568182,-0.765152
1696,2.613636,-0.765152
1697,2.659091,-0.765152
1698,2.704545,-0.765152
1699,2.750000,-0.765152
1700,-1.750000,-0.734848
1701,-1.704545,-0.734848
1702,-1.659091,-0.734848
1703,-1.613636,-0.734848
1704,-1.568182,-0.734848
1705,-1.522727,-0.734848
1706,-1.477273,-0.734848
1707,-1.431818,-0.734848
1708,-1.386364,-0.734848
1709,-1.340909,-0.734848
1710,-1.295455,-0.734848
1711,-1.250000,-0.734848
1712,-1.204545,-0.734848
1713,-1.159091,-0.734848
1714,-1.113636,-0.734848
1715,-1.068182,-0.734848
1716,-1.022727,-0.734848
1717,-0.977273,-0.734848
1718,-0.931818,-0.734848
1719,-0.886364,-0.734848
1720,-0.840909,-0.734848
1721,-0.795455,-0.734848
1722,-0.750000,-0.734848
1723,-0.704545,-0.734848
1724,-0.659091,-0.734848
1725,-0.613636,-0.734848
1726,-0.568182,-0.734848
1727,-0.522727,-0.734848
1728,-0.477273,-0.734848
1729,-0.431818,-0.734848
1730,-0.386364,-0.734848
1731,-0.340909,-0.734848
1732,-0.295455,-0.734848
1733,-0.250000,-0.734848
1734,-0.204545,-0.734848
1735,-0.159091,-0.734848
1736,-0.113636,-0.734848
1737,-0.068182,-0.734848
1738,-0.022727,-0.734848
1739,0.022727,-0.734848
1740,0.068182,-0.734848
1741,0.113636,-0.734848
1742,0.159091,-0.734848
1743,0.204545,-0.734848
1744,0.250000,-0.734848
1745,0.295455,-0.734848
1746,0.340909,-0.734848
1747,0.386364,-0.734848
1748,0.431818,-0.734848
1749,0.477273,-0.734848
1750,0.522727,-0.734848
1751,0.568182,-0.734848
1752,0.613636,-0.734848
1753,0.659091,-0.734848
1754,0.704545,-0.734848
1755,0.750000,-0.734848
1756,0.795455,-0.734848
1757,0.840909,-0.734848
1758,0.886364,-0.734848
1759,0.931818,-0.734848
1760,0.977273,-0.734848
1761,1.022727,-0.734848
1762,1.068182,-0.734848
1763,1.113636,-0.734848
1764,1.159091,-0.734848
1765,1.204545,-0.734848
1766,1.250000,-0.734848
1767,1.295455,-0.734848
1768,1.340909,-0.734848
1769,1.386364,-0.734848
1770,1.431818,-0.734848
1771,1.477273,-0.734848
1772,1.522727,-0.734848
1773,1.568182,-0.734848
1774,1.613636,-0.734848
1775,1.659091,-0.734848
1776,1.704545,-0.734848
1777,1.750000,-0.734848
1778,1.795455,-0.734848
1779,1.840909,-0.734848
1780,1.886364,-0.734848
1781,1.931818,-0.734848
1782,1.977273,-0.734848
1783,2.022727,-0.734848
1784,2.068182,-0.734848
1785,2.113636,-0.734848
1786,2.159091,-0.734848
1787,2.204545,-0.734848
1788,2.250000,-0.734848
1789,2.295455,-0.734848
1790,2.340909,-0.734848
1791,2.386364,-0.734848
1792,2.431818,-0.734848
1793,2.477273,-0.734848
1794,2.522727,-0.734848
1795,2.568182,-0.734848
1796,2.613636,-0.734848
1797,2.659091,-0.734848
1798,2.704545,-0.734848
1799,2.750000,-0.734848
1800,-1.750000,-0.704545
1801,-1.704545,-0.704545
1802,-1.659091,-0.704545
1803,-1.613636,-0.704545
1804,-1.568182,-0.704545
1805,-1.522727,-0.704545
1806,-1.477273,-0.704545
1807,-1.431818,-0.704545
1808,-1.386364,-0.704545
1809,-1.340909,-0.704545
1810,-1.295455,-0.704545
1811,-1.250000,-0.704545
1812,-1.204545,-0.704545
1813,-1.159091,-0.704545
1814,-1.113636,-0.704545
1815,-1.068182,-0.704545
1816,-1.022727,-0.704545
1817,-0.977273,-0.704545
1818,-0.931818,-0.704545
1819,-0.886364,-0.704545
1820,-0.840909,-0.704545
1821,-0.795455,-0.704545
1822,-0.750000,-0.704545
1823,-0.704545,-0.704545
1824,-0.659091,-0.704545
1825,-0.613636,-0.704545
1826,-0.568182,-0.704545
1827,-0.522727,-0.704545
1828,-0.477273,-0.704545
1829,-0.431818,-0.704545
1830,-0.386364,-0.704545
1831,-0.340909,-0.704545
1832,-0.295455,-0.704545
1833,-0.250000,-0.704545
1834,-0.204545,-0.704545
1835,-0.159091,-0.704545
1836,-0.113636,-0.704545
1837,-0.068182,-0.704545
1838,-0.022727,-0.704545
1839,0.022727,-0.704545
1840,0.068182,-0.704545
1841,0.113636,-0.704545
1842,0.159091,-0.704545
1843,0.204545,-0.704545
1844,0.250000,-0.704545
1845,0.295455,-0.704545
1846,0.340909,-0.704545
1847,0.386364,-0.704545
1848,0.431818,-0.704545
1849,0.477273,-0.704545
1850,0.522727,-0.704545
1851,0.568182,-0.704545
1852,0.613636,-0.704545
1853,0.659091,-0.704545
1854,0.704545,-0.704545
1855,0.750000,-0.704545
1856,0.795455,-0.704545
1857,0.840909,-0.704545
1858,0.886364,-0.704545
1859,0.931818,-0.704545
1860,0.977273,-0.704545
1861,1.022727,-0.704545
1862,1.068182,-0.704545
1863,1.113636,-0.704545
1864,1.159091,-0.704545
1865,1.204545,-0.704545
1866,1.250000,-0.704545
1867,1.295455,-0.704545
1868,1.340909,-0.704545
1869,1.386364,-0.704545
1870,1.431818,-0.704545
1871,1.477273,-0.704545
1872,1.522727,-0.704545
1873,1.568182,-0.704545
1874,1.613636,-0.704545
1875,1.659091,-0.704545
1876,1.704545,-0.704545
1877,1.750000,-0.704545
1878,1.795455,-0.704545
1879,1.840909,-0.704545
1880,1.886364,-0.704545
1881,1.931818,-0.704545
1882,1.977273,-0.704545
1883,2.022727,-0.704545
1884,2.068182,-0.704545
1885,2.113636,-0.704545
1886,2.159091,-0.704545
1887,2.204545,-0.704545
1888,2.250000,-0.704545
1889,2.295455,-0.704545
1890,2.340909,-0.704545
1891,2.386364,-0.704545
1892,2.431818,-0.704545
1893,2.477273,-0.704545
1894,2.522727,-0.704545
1895,2.568182,-0.704545
1896,2.613636,-0.704545
1897,2.659091,-0.704545
1898,2.704545,-0.704545
1899,2.750000,-0.704545
1900,-1.750000,-0.674242
1901,-1.704545,-0.674242
1902,-1.659091,-0.674242
1903,-1.613636,-0.674242
1904,-1.568182,-0.674242
1905,-1.522727,-0.674242
1906,-1.477273,-0.674242
1907,-1.431818,-0.674242
1908,-1.386364,-0.674242
1909,-1.340909,-0.674242
1910,-1.295455,-0.674242
1911,-1.250000,-0.674242
1912,-1.204545,-0.674242
1913,-1.159091,-0.674242
1914,-1.113636,-0.674242
1915,-1.068182,-0.674242
1916,-1.022727,-0.674242
1917,-0.977273,-0.674242
1918,-0.931818,-0.674242
1919,-0.886364,-0.674242
1920,-0.840909,-0.674242
1921,-0.795455,-0.674242
1922,-0.750000,-0.674242
1923,-0.704545,-0.674242
1924,-0.659091,-0.674242
1925,-0.613636,-0.674242
1926,-0.568182,-0.674242
1927,-0.522727,-0.674242
1928,-0.477273,-0.674242
1929,-0.431818,-0.674242
1930,-0.386364,-0.674242
1931,-0.340909,-0.674242
1932,-0.295455,-0.674242
1933,-0.250000,-0.674242
1934,-0.204545,-0.674242
1935,-0.159091,-0.674242
1936,-0.113636,-0.674242
1937,-0.068182,-0.674242
1938,-0.022727,-0.674242
1939,0.022727,-0.674242
1940,0.068182,-0.674242
1941,0.113636,-0.674242
1942,0.159091,-0.674242
1943,0.204545,-0.674242
1944,0.250000,-0.674242
1945,0.295455,-0.674242
1946,0.340909,-0.674242
1947,0.386364,-0.674242
1948,0.431818,-0.674242
1949,0.477273,-0.674242
1950,0.522727,-0.674242
1951,0.568182,-0.674242
1952,0.613636,-0.674242
1953,0.659091,-0.674242
1954,0.704545,-0.674242
1955,0.750000,-0.674242
1956,0.795455,-0.674242
1957,0.840909,-0.674242
1958,0.886364,-0.674242
1959,0.931818,-0.674242
1960,0.977273,-0.674242
1961,1.022727,-0.674242
1962,1.068182,-0.674242
1963,1.113636,-0.674242
1964,1.159091,-0.674242
1965,1.204545,-0.674242
1966,1.250000,-0.674242
1967,1.295455,-0.674242
1968,1.340909,-0.674242
1969,1.386364,-0.674242
1970,1.431818,-0.674242
1971,1.477273,-0.674242
1972,1.522727,-0.674242
1973,1.568182,-0.674242
1974,1.613636,-0.674242
1975,1.659091,-0.674242
1976,1.704545,-0.674242
1977,1.750000,-0.674242
1978,1.795455,-0.674242
1979,1.840909,-0.674242
1980,1.886364,-0.674242
1981,1.931818,-0.674242
1982,1.977273,-0.674242
1983,2.022727,-0.674242
1984,2.068182,-0.674242
1985,2.113636,-0.674242
1986,2.159091,-0.674242
1987,2.204545,-0.674242
1988,2.250000,-0.674242
1989,2.295455,-0.674242
1990,2.340909,-0.674242
1991,2.386364,-0.674242
1992,2.431818,-0.674242
1993,2.477273,-0.674242
1994,2.522727,-0.674242
1995,2.568182,-0.674242
1996,2.613636,-0.674242
1997,2.659091,-0.674242
1998,2.704545,-0.674242
1999,2.750000,-0.674242
2000,-1.750000,-0.643939
2001,-1.704545,-0.643939
2002,-1.659091,-0.643939
2003,-1.613636,-0.643939
2004,-1.568182,-0.643939
2005,-1.522727,-0.643939
2006,-1.477273,-0.643939
2007,-1.431818,-0.643939
2008,-1.386364,-0.643939
2009,-1.340909,-0.643939
2010,-1.295455,-0.643939
2011,-1.250000,-0.643939
2012,-1.204545,-0.643939
2013,-1.159091,-0.643939
2014,-1.113636,-0.643939
2015,-1.068182,-0.643939
2016,-1.022727,-0.643939
2017,-0.977273,-0.643939
2018,-0.931818,-0.643939
2019,-0.886364,-0.643939
2020,-0.840909,-0.643939
2021,-0.795455,-0.643939
2022,-0.750000,-0.643939
2023,-0.704545,-0.643939
2024,-0.659091,-0.643939
2025,-0.613636,-0.643939
2026,-0.568182,-0.643939
2027,-0.522727,-0.643939
2028,-0.477273,-0.643939
2029,-0.431818,-0.643939
2030,-0.386364,-0.643939
2031,-0.340909,-0.643939
2032,-0.295455,-0.643939
2033,-0.250000,-0.643939
2034,-0.204545,-0.643939
2035,-0.159091,-0.643939
2036,-0.113636,-0.643939
2037,-0.068182,-0.643939
2038,-0.022727,-0.643939
2039,0.022727,-0.643939
2040,0.068182,-0.643939
2041,0.113636,-0.643939
2042,0.159091,-0.643939
2043,0.204545,-0.643939
2044,0.250000,-0.643939
2045,0.295455,-0.643939
2046,0.340909,-0.643939
2047,0.386364,-0.643939
2048,0.431818,-0.643939
2049,0.477273,-0.643939
2050,0.522727,-0.643939
2051,0.568182,-0.643939
2052,0.613636,-0.643939
2053,0.659091,-0.643939
2054,0.704545,-0.643939
2055,0.750000,-0.643939
2056,0.795455,-0.643939
2057,0.840909,-0.643939
2058,0.886364,-0.643939
2059,0.931818,-0.643939
2060,0.977273,-0.643939
2061,1.022727,-0.643939
2062,1.068182,-0.643939
2063,1.113636,-0.643939
2064,1.159091,-0.643939
2065,1.204545,-0.643939
2066,1.250000,-0.643939
2067,1.295455,-0.643939
2068,1.340909,-0.643939
2069,1.386364,-0.643939
2070,1.431818,-0.643939
2071,1.477273,-0.643939
2072,1.522727,-0.643939
2073,1.568182,-0.643939
2074,1.613636,-0.643939
2075,1.659091,-0.643939
2076,1.704545,-0.643939
2077,1.750000,-0.643939
2078,1.795455,-0.643939
2079,1.840909,-0.643939
2080,1.886364,-0.643939
2081,1.931818,-0.643939
2082,1.977273,-0.643939
2083,2.022727,-0.643939
2084,2.068182,-0.643939
2085,2.113636,-0.643939
2086,2.159091,-0.643939
2087,2.204545,-0.643939
2088,2.250000,-0.643939
2089,2.295455,-0.643939
2090,2.340909,-0.643939
2091,2.386364,-0.643939
2092,2.431818,-0.643939
2093,2.477273,-0.643939
2094,2.522727,-0.643939
2095,2.568182,-0.643939
2096,2.613636,-0.643939
2097,2.659091,-0.643939
2098,2.704545,-0.643939
2099,2.750000,-0.643939
2100,-1.750000,-0.613636
2101,-1.704545,-0.613636
2102,-1.659091,-0.613636
2103,-1.613636,-0.613636
2104,-1.568182,-0.613636
2105,-1.522727,-0.613636
2106,-1.477273,-0.613636
2107,-1.431818,-0.613636
2108,-1.386364,-0.613636
2109,-1.340909,-0.613636
2110,-1.295455,-0.613636
2111,-1.250000,-0.613636
2112,-1.204545,-0.613636
2113,-1.159091,-0.613636
2114,-1.113636,-0.613636
2115,-1.068182,-0.613636
2116,-1.022727,-0.613636
2117,-0.977273,-0.613636
2118,-0.931818,-0.613636
2119,-0.886364,-0.613636
2120,-0.840909,-0.613636
2121,-0.795455,-0.613636
2122,-0.750000,-0.613636
2123,-0.704545,-0.613636
2124,-0.659091,-0.613636
2125,-0.613636,-0.613636
2126,-0.568182,-0.613636
2127,-0.522727,-0.613636
2128,-0.477273,-0.613636
2129,-0.431818,-0.613636
2130,-0.386364,-0.613636
2131,-0.340909,-0.613636
2132,-0.295455,-0.613636
2133,-0.250000,-0.613636
2134,-0.204545,-0.613636
2135,-0.159091,-0.613636
2136,-0.113636,-0.613636
2137,-0.068182,-0.613636
2138,-0.022727,-0.613636
2139,0.022727,-0.613636
2140,0.068182,-0.613636
2141,0.113636,-0.613636
2142,0.159091,-0.613636
2143,0.204545,-0.613636
2144,0.250000,-0.613636
2145,0.295455,-0.613636
2146,0.340909,-0.613636
2147,0.386364,-0.613636
2148,0.431818,-0.613636
2149,0.477273,-0.613636
2150,0.522727,-0.613636
2151,0.568182,-0.613636
2152,0.613636,-0.613636
2153,0.659091,-0.613636
2154,0.704545,-0.613636
2155,0.750000,-0.613636
2156,0.795455,-0.613636
2157,0.840909,-0.613636
2158,0.886364,-0.613636
2159,0.931818,-0.613636
2160,0.977273,-0.613636
2161,1.022727,-0.613636
2162,1.068182,-0.613636
2163,1.113636,-0.613636
2164,1.159091,-0.613636
2165,1.204545,-0.613636
2166,1.250000,-0.613636
2167,1.295455,-0.613636
2168,1.340909,-0.613636
2169,1.386364,-0.613636
2170,1.431818,-0.613636
2171,1.477273,-0.613636
2172,1.522727,-0.613636
2173,1.568182,-0.613636
2174,1.613636,-0.613636
2175,1.659091,-0.613636
2176,1.704545,-0.613636
2177,1.750000,-0.613636
2178,1.795455,-0.613636
2179,1.840909,-0.613636
2180,1.886364,-0.613636
2181,1.931818,-0.613636
2182,1.977273,-0.613636
2183,2.022727,-0.613636
2184,2.068182,-0.613636
2185,2.113636,-0.613636
2186,2.159091,-0.613636
2187,2.204545,-0.613636
2188,2.250000,-0.613636
2189,2.295455,-0.613636
2190,2.340909,-0.613636
2191,2.386364,-0.613636
2192,2.431818,-0.613636
2193,2.477273,-0.613636
2194,2.522727,-0.613636
2195,2.568182,-0.613636
2196,2.613636,-0.613636
2197,2.659091,-0.613636
2198,2.704545,-0.613636
2199,2.750000,-0.613636
2200,-1.750000,-0.583333
2201,-1.704545,-0.583333
2202,-1.659091,-0.583333
2203,-1.613636,-0.583333
2204,-1.568182,-0.583333
2205,-1.522727,-0.583333
2206,-1.477273,-0.583333
2207,-1.431818,-0.583333
2208,-1.386364,-0.583333
2209,-1.340909,-0.583333
2210,-1.295455,-0.583333
2211,-1.250000,-0.583333
2212,-1.204545,-0.583333
2213,-1.159091,-0.583333
2214,-1.113636,-0.583333
2215,-1.068182,-0.583333
2216,-1.022727,-0.583333
2217,-0.977273,-0.583333
2218,-0.931818,-0.583333
2219,-0.886364,-0.583333
2220,-0.840909,-0.583333
2221,-0.795455,-0.583333
2222,-0.750000,-0.583333
2223,-0.704545,-0.583333
2224,-0.659091,-0.583333
2225,-0.613636,-0.583333
2226,-0.568182,-0.583333
2227,-0.522727,-0.583333
2228,-0.477273,-0.583333
2229,-0.431818,-0.583333
2230,-0.386364,-0.583333
2231,-0.340909,-0.583333
2232,-0.295455,-0.583333
2233,-0.250000,-0.583333
2234,-0.204545,-0.583333
2235,-0.159091,-0.583333
2236,-0.113636,-0.583333
2237,-0.068182,-0.583333
2238,-0.022727,-0.583333
2239,0.022727,-0.583333
2240,0.068182,-0.583333
2241,0.113636,-0.583333
2242,0.159091,-0.583333
2243,0.204545,-0.583333
2244,0.250000,-0.583333
2245,0.295455,-0.583333
2246,0.340909,-0.583333
2247,0.386364,-0.583333
2248,0.431818,-0.583333
2249,0.477273,-0.583333
2250,0.522727,-0.583333
2251,0.568182,-0.583333
2252,0.613636,-0.583333
2253,0.659091,-0.583333
2254,0.704545,-0.583333
2255,0.750000,-0.583333
2256,0.795455,-0.583333
2257,0.840909,-0.583333
2258,0.886364,-0.583333
2259,0.931818,-0.583333
2260,0.977273,-0.583333
2261,1.022727,-0.583333
2262,1.068182,-0.583333
2263,1.113636,-0.583333
2264,1.159091,-0.583333
2265,1.204545,-0.583333
2266,1.250000,-0.583333
2267,1.295455,-0.583333
2268,1.340909,-0.583333
2269,1.386364,-0.583333
2270,1.431818,-0.583333
2271,1.477273,-0.583333
2272,1.522727,-0.583333
2273,1.568182,-0.583333
2274,1.613636,-0.583333
2275,1.659091,-0.583333
2276,1.704545,-0.583333
2277,1.750000,-0.583333
2278,1.795455,-0.583333
2279,1.840909,-0.583333
2280,1.886364,-0.583333
2281,1.931818,-0.583333
2282,1.977273,-0.583333
2283,2.022727,-0.583333
2284,2.068182,-0.583333
2285,2.113636,-0.583333
2286,2.159091,-0.583333
2287,2.204545,-0.583333
2288,2.250000,-0.583333
2289,2.295455,-0.583333
2290,2.340909,-0.583333
2291,2.386364,-0.583333
2292,2.431818,-0.583333
2293,2.477273,-0.583333
2294,2.522727,-0.583333
2295,2.568182,-0.583333
2296,2.613636,-0.583333
2297,2.659091,-0.583333
2298,2.704545,-0.583333
2299,2.750000,-0.583333
2300,-1.750000,-0.553030
2301,-1.704545,-0.553030
2302,-1.659091,-0.553030
2303,-1.613636,-0.553030
2304,-1.568182,-0.553030
2305,-1.522727,-0.553030
2306,-1.477273,-0.553030
2307,-1.431818,-0.553030
2308,-1.386364,-0.553030
2309,-1.340909,-0.553030
2310,-1.295455,-0.553030
2311,-1.250000,-0.553030
2312,-1.204545,-0.553030
2313,-1.159091,-0.553030
2314,-1.113636,-0.553030
2315,-1.068182,-0.553030
2316,-1.022727,-0.553030
2317,-0.977273,-0.553030
2318,-0.931818,-0.553030
2319,-0.886364,-0.553030
2320,-0.840909,-0.553030
2321,-0.795455,-0.553030
2322,-0.750000,-0.553030
2323,-0.704545,-0.553030
2324,-0.659091,-0.553030
2325,-0.613636,-0.553030
2326,-0.568182,-0.553030
2327,-0.522727,-0.553030
2328,-0.477273,-0.553030
2329,-0.431818,-0.553030
2330,-0.386364,-0.553030
2331,-0.340909,-0.553030
2332,-0.295455,-0.553030
2333,-0.250000,-0.553030
2334,-0.204545,-0.553030
2335,-0.159091,-0.553030
2336,-0.113636,-0.553030
2337,-0.068182,-0.553030
2338,-0.022727,-0.553030
2339,0.022727,-0.553030
2340,0.068182,-0.553030
2341,0.113636,-0.553030
2342,0.159091,-0.553030
2343,0.204545,-0.553030
2344,0.250000,-0.553030
2345,0.295455,-0.553030
2346,0.340909,-0.553030
2347,0.386364,-0.553030
2348,0.431818,-0.553030
2349,0.477273,-0.553030
2350,0.522727,-0.553030
2351,0.568182,-0.553030
2352,0.613636,-0.553030
2353,0.659091,-0.553030
2354,0.704545,-0.553030
2355,0.750000,-0.553030
2356,0.795455,-0.553030
2357,0.840909,-0.553030
2358,0.886364,-0.553030
2359,0.931818,-0.553030
2360,0.977273,-0.553030
2361,1.022727,-0.553030
2362,1.068182,-0.553030
2363,1.113636,-0.553030
2364,1.159091,-0.553030
2365,1.204545,-0.553030
2366,1.250000,-0.553030
2367,1.295455,-0.553030
2368,1.340909,-0.553030
2369,1.386364,-0.553030
2370,1.431818,-0.553030
2371,1.477273,-0.553030
2372,1.522727,-0.553030
2373,1.568182,-0.553030
2374,1.613636,-0.553030
2375,1.659091,-0.553030
2376,1.704545,-0.553030
2377,1.750000,-0.553030
2378,1.795455,-0.553030
2379,1.840909,-0.553030
2380,1.886364,-0.553030
2381,1.931818,-0.553030
2382,1.977273,-0.553030
2383,2.022727,-0.553030
2384,2.068182,-0.553030
2385,2.113636,-0.553030
2386,2.159091,-0.553030
2387,2.204545,-0.553030
2388,2.250000,-0.553030
2389,2.295455,-0.553030
2390,2.340909,-0.553030
2391,2.386364,-0.553030
2392,2.431818,-0.553030
2393,2.477273,-0.553030
2394,2.522727,-0.553030
2395,2.568182,-0.553030
2396,2.613636,-0.553030
2397,2.659091,-0.553030
2398,2.704545,-0.553030
2399,2.750000,-0.553030
2400,-1.750000,-0.522727
2401,-1.704545,-0.522727
2402,-1.659091,-0.522727
2403,-1.613636,-0.522727
2404,-1.568182,-0.522727
2405,-1.522727,-0.522727
2406,-1.477273,-0.522727
2407,-1.431818,-0.522727
2408,-1.386364,-0.522727
2409,-1.340909,-0.522727
2410,-1.295455,-0.522727
2411,-1.250000,-0.522727
2412,-1.204545,-0.522727
2413,-1.159091,-0.522727
2414,-1.113636,-0.522727
2415,-1.068182,-0.522727
2416,-1.022727,-0.522727
2417,-0.977273,-0.522727
2418,-0.931818,-0.522727
2419,-0.886364,-0.522727
2420,-0.840909,-0.522727
2421,-0.795455,-0.522727
2422,-0.750000,-0.522727
2423,-0.704545,-0.522727
2424,-0.659091,-0.522727
2425,-0.613636,-0.522727
2426,-0.568182,-0.522727
2427,-0.522727,-0.522727
2428,-0.477273,-0.522727
2429,-0.431818,-0.522727
2430,-0.386364,-0.522727
2431,-0.340909,-0.522727
2432,-0.295455,-0.522727
2433,-0.250000,-0.522727
2434,-0.204545,-0.522727
2435,-0.159091,-0.522727
2436,-0.113636,-0.522727
2437,-0.068182,-0.522727
2438,-0.022727,-0.522727
2439,0.022727,-0.522727
2440,0.068182,-0.522727
2441,0.113636,-0.522727
2442,0.159091,-0.522727
2443,0.204545,-0.522727
2444,0.250000,-0.522727
2445,0.295455,-0.522727
2446,0.340909,-0.522727
2447,0.386364,-0.522727
2448,0.431818,-0.522727
2449,0.477273,-0.522727
2450,0.522727,-0.522727
2451,0.568182,-0.522727
2452,0.613636,-0.522727
2453,0.659091,-0.522727
2454,0.704545,-0.522727
2455,0.750000,-0.522727
2456,0.795455,-0.522727
2457,0.840909,-0.522727
2458,0.886364,-0.522727
2459,0.931818,-0.522727
2460,0.977273,-0.522727
2461,1.022727,-0.522727
2462,1.068182,-0.522727
2463,1.113636,-0.522727
2464,1.159091,-0.522727
2465,1.204545,-0.522727
2466,1.250000,-0.522727
2467,1.295455,-0.522727
2468,1.340909,-0.522727
2469,1.386364,-0.522727
2470,1.431818,-0.522727
2471,1.477273,-0.522727
2472,1.522727,-0.522727
2473,1.568182,-0.522727
2474,1.613636,-0.522727
2475,1.659091,-0.522727
2476,1.704545,-0.522727
2477,1.750000,-0.522727
2478,1.795455,-0.522727
2479,1.840909,-0.522727
2480,1.886364,-0.522727
2481,1.931818,-0.522727
2482,1.977273,-0.522727
2483,2.022727,-0.522727
2484,2.068182,-0.522727
2485,2.113636,-0.522727
2486,2.159091,-0.522727
2487,2.204545,-0.522727
2488,2.250000,-0.522727
2489,2.295455,-0.522727
2490,2.340909,-0.522727
2491,2.386364,-0.522727
2492,2.431818,-0.522727
2493,2.477273,-0.522727
2494,2.522727,-0.522727
2495,2.568182,-0.522727
2496,2.613636,-0.522727
2497,2.659091,-0.522727
2498,2.704545,-0.522727
2499,2.750000,-0.522727
2500,-1.750000,-0.492424
2501,-1.704545,-0.492424
2502,-1.659091,-0.492424
2503,-1.613636,-0.492424
2504,-1.568182,-0.492424
2505,-1.522727,-0.492424
2506,-1.477273,-0.492424
2507,-1.431818,-0.492424
2508,-1.386364,-0.492424
2509,-1.340909,-0.492424
2510,-1.295455,-0.492424
2511,-1.250000,-0.492424
2512,-1.204545,-0.492424
2513,-1.159091,-0.492424
2514,-1.113636,-0.492424
2515,-1.068182,-0.492424
2516,-1.022727,-0.492424
2517,-0.977273,-0.492424
2518,-0.931818,-0.492424
2519,-0.886364,-0.492424
2520,-0.840909,-0.492424
2521,-0.795455,-0.492424
2522,-0.750000,-0.492424
2523,-0.704545,-0.492424
2524,-0.659091,-0.492424
2525,-0.613636,-0.492424
2526,-0.568182,-0.492424
2527,-0.522727,-0.492424
2528,-0.477273,-0.492424
2529,-0.431818,-0.492424
2530,-0.386364,-0.492424
2531,-0.340909,-0.492424
2532,-0.295455,-0.492424
2533,-0.250000,-0.492424
2534,-0.204545,-0.492424
2535,-0.159091,-0.492424
2536,-0.113636,-0.492424
2537,-0.068182,-0.492424
2538,-0.022727,-0.492424
2539,0.022727,-0.492424
2540,0.068182,-0.492424
2541,0.113636,-0.492424
2542,0.159091,-0.492424
2543,0.204545,-0.492424
2544,0.250000,-0.492424
2545,0.295455,-0.492424
2546,0.340909,-0.492424
2547,0.386364,-0.492424
2548,0.431818,-0.492424
2549,0.477273,-0.492424
2550,0.522727,-0.492424
2551,0.568182,-0.492424
2552,0.613636,-0.492424
2553,0.659091,-0.492424
2554,0.704545,-0.492424
2555,0.750000,-0.492424
2556,0.795455,-0.492424
2557,0.840909,-0.492424
2558,0.886364,-0.492424
2559,0.931818,-0.492424
2560,0.977273,-0.492424
2561,1.022727,-0.492424
2562,1.068182,-0.492424
2563,1.113636,-0.492424
2564,1.159091,-0.492424
2565,1.204545,-0.492424
2566,1.250000,-0.492424
2567,1.295455,-0.492424
2568,1.340909,-0.492424
2569,1.386364,-0.492424
2570,1.431818,-0.492424
2571,1.477273,-0.492424
2572,1.522727,-0.492424
2573,1.568182,-0.492424
2574,1.613636,-0.492424
2575,1.659091,-0.492424
2576,1.704545,-0.492424
2577,1.750000,-0.492424
2578,1.795455,-0.492424
2579,1.840909,-0.492424
2580,1.886364,-0.492424
2581,1.931818,-0.492424
2582,1.977273,-0.492424
2583,2.022727,-0.492424
2584,2.068182,-0.492424
2585,2.113636,-0.492424
2586,2.159091,-0.492424
2587,2.204545,-0.492424
2588,2.250000,-0.492424
2589,2.295455,-0.492424
2590,2.340909,-0.492424
2591,2.386364,-0.492424
2592,2.431818,-0.492424
2593,2.477273,-0.492424
2594,2.522727,-0.492424
2595,2.568182,-0.492424
2596,2.613636,-0.492424
2597,2.659091,-0.492424
2598,2.704545,-0.492424
2599,2.750000,-0.492424
2600,-1.750000,-0.462121
2601,-1.704545,-0.462121
2602,-1.659091,-0.462121
2603,-1.613636,-0.462121
2604,-1.568182,-0.462121
2605,-1.522727,-0.462121
2606,-1.477273,-0.462121
2607,-1.431818,-0.462121
2608,-1.386364,-0.462121
2609,-1.340909,-0.462121
2610,-1.295455,-0.462121
2611,-1.250000,-0.462121
2612,-1.204545,-0.462121
2613,-1.159091,-0.462121
2614,-1.113636,-0.462121
2615,-1.068182,-0.462121
2616,-1.022727,-0.462121
2617,-0.977273,-0.462121
2618,-0.931818,-0.462121
2619,-0.886364,-0.462121
2620,-0.840909,-0.462121
2621,-0.795455,-0.462121
2622,-0.750000,-0.462121
2623,-0.704545,-0.462121
2624,-0.659091,-0.462121
2625,-0.613636,-0.462121
2626,-0.568182,-0.462121
2627,-0.522727,-0.462121
2628,-0.477273,-0.462121
2629,-0.431818,-0.462121
2630,-0.386364,-0.462121
2631,-0.340909,-0.462121
2632,-0.295455,-0.462121
2633,-0.250000,-0.462121
2634,-0.204545,-0.462121
2635,-0.159091,-0.462121
2636,-0.113636,-0.462121
2637,-0.068182,-0.462121
2638,-0.022727,-0.462121
2639,0.022727,-0.462121
2640,0.068182,-0.462121
2641,0.113636,-0.462121
2642,0.159091,-0.462121
2643,0.204545,-0.462121
2644,0.250000,-0.462121
2645,0.295455,-0.462121
2646,0.340909,-0.462121
2647,0.386364,-0.462121
2648,0.431818,-0.462121
2649,0.477273,-0.462121
2650,0.522727,-0.462121
2651,0.568182,-0.462121
2652,0.613636,-0.462121
2653,0.659091,-0.462121
2654,0.704545,-0.462121
2655,0.750000,-0.462121
2656,0.795455,-0.462121
2657,0.840909,-0.462121
2658,0.886364,-0.462121
2659,0.931818,-0.462121
2660,0.977273,-0.462121
2661,1.022727,-0.462121
2662,1.068182,-0.462121
2663,1.113636,-0.462121
2664,1.159091,-0.462121
2665,1.204545,-0.462121
2666,1.250000,-0.462121
2667,1.295455,-0.462121
2668,1.340909,-0.462121
2669,1.386364,-0.462121
2670,1.431818,-0.462121
2671,1.477273,-0.462121
2672,1.522727,-0.462121
2673,1.568182,-0.462121
2674,1.613636,-0.462121
2675,1.659091,-0.462121
2676,1.704545,-0.462121
2677,1.750000,-0.462121
2678,1.795455,-0.462121
2679,1.840909,-0.462121
2680,1.886364,-0.462121
2681,1.931818,-0.462121
2682,1.977273,-0.462121
2683,2.022727,-0.462121
2684,2.068182,-0.462121
2685,2.113636,-0.462121
2686,2.159091,-0.462121
2687,2.204545,-0.462121
2688,2.250000,-0.462121
2689,2.295455,-0.462121
2690,2.340909,-0.462121
2691,2.386364,-0.462121
2692,2.431818,-0.462121
2693,2.477273,-0.462121
2694,2.522727,-0.462121
2695,2.568182,-0.462121
2696,2.613636,-0.462121
2697,2.659091,-0.462121
2698,2.704545,-0.462121
2699,2.750000,-0.462121
2700,-1.750000,-0.431818
2701,-1.704545,-0.431818
2702,-1.659091,-0.431818
2703,-1.613636,-0.431818
2704,-1.568182,-0.431818
2705,-1.522727,-0.431818
2706,-1.477273,-0.431818
2707,-1.431818,-0.431818
2708,-1.386364,-0.431818
2709,-1.340909,-0.431818
2710,-1.295455,-0.431818
2711,-1.250000,-0.431818
2712,-1.204545,-0.431818
2713,-1.159091,-0.431818
2714,-1.113636,-0.431818
2715,-1.068182,-0.431818
2716,-1.022727,-0.431818
2717,-0.977273,-0.431818
2718,-0.931818,-0.431818
2719,-0.886364,-0.431818
2720,-0.840909,-0.431818
2721,-0.795455,-0.431818
2722,-0.750000,-0.431818
2723,-0.704545,-0.431818
2724,-0.659091,-0.431818
2725,-0.613636,-0.431818
2726,-0.568182,-0.431818
2727,-0.522727,-0.431818
2728,-0.477273,-0.431818
2729,-0.431818,-0.431818
2730,-0.386364,-0.431818
2731,-0.340909,-0.431818
2732,-0.295455,-0.431818
2733,-0.250000,-0.431818
2734,-0.204545,-0.431818
2735,-0.159091,-0.431818
2736,-0.113636,-0.431818
2737,-0.068182,-0.431818
2738,-0.022727,-0.431818
2739,0.022727,-0.431818
2740,0.068182,-0.431818
2741,0.113636,-0.431818
2742,0.159091,-0.431818
2743,0.204545,-0.431818
2744,0.250000,-0.431818
2745,0.295455,-0.431818
2746,0.340909,-0.431818
2747,0.386364,-0.431818
2748,0.431818,-0.431818
2749,0.477273,-0.431818
2750,0.522727,-0.431818
2751,0.568182,-0.431818
2752,0.613636,-0.431818
2753,0.659091,-0.431818
2754,0.704545,-0.431818
2755,0.750000,-0.431818
2756,0.795455,-0.431818
2757,0.840909,-0.431818
2758,0.886364,-0.431818
2759,0.931818,-0.431818
2760,0.977273,-0.431818
2761,1.022727,-0.431818
2762,1.068182,-0.431818
2763,1.113636,-0.431818
2764,1.159091,-0.431818
2765,1.204545,-0.431818
2766,1.250000,-0.431818
2767,1.295455,-0.431818
2768,1.340909,-0.431818
2769,1.386364,-0.431818
2770,1.431818,-0.431818
2771,1.477273,-0.431818
2772,1.522727,-0.431818
2773,1.568182,-0.431818
2774,1.613636,-0.431818
2775,1.659091,-0.431818
2776,1.704545,-0.431818
2777,1.750000,-0.431818
2778,1.795455,-0.431818
2779,1.840909,-0.431818
2780,1.886364,-0.431818
2781,1.931818,-0.431818
2782,1.977273,-0.431818
2783,2.022727,-0.431818
2784,2.068182,-0.431818
2785,2.113636,-0.431818
2786,2.159091,-0.431818
2787,2.204545,-0.431818
2788,2.250000,-0.431818
2789,2.295455,-0.431818
2790,2.340909,-0.431818
2791,2.386364,-0.431818
2792,2.431818,-0.431818
2793,2.477273,-0.431818
2794,2.522727,-0.431818
2795,2.568182,-0.431818
2796,2.613636,-0.431818
2797,2.659091,-0.431818
2798,2.704545,-0.431818
2799,2.750000,-0.431818
2800,-1.750000,-0.401515
2801,-1.704545,-0.401515
2802,-1.659091,-0.401515
2803,-1.613636,-0.401515
2804,-1.568182,-0.401515
2805,-1.522727,-0.401515
2806,-1.477273,-0.401515
2807,-1.431818,-0.401515
2808,-1.386364,-0.401515
2809,-1.340909,-0.401515
2810,-1.295455,-0.401515
2811,-1.250000,-0.401515
2812,-1.204545,-0.401515
2813,-1.159091,-0.401515
2814,-1.113636,-0.401515
2815,-1.068182,-0.401515
2816,-1.022727,-0.401515
2817,-0.977273,-0.401515
2818,-0.931818,-0.401515
2819,-0.886364,-0.401515
2820,-0.840909,-0.401515
2821,-0.795455,-0.401515
2822,-0.750000,-0.401515
2823,-0.704545,-0.401515
2824,-0.659091,-0.401515
2825,-0.613636,-0.401515
2826,-0.568182,-0.401515
2827,-0.522727,-0.401515
2828,-0.477273,-0.401515
2829,-0.431818,-0.401515
2830,-0.386364,-0.401515
2831,-0.340909,-0.401515
2832,-0.295455,-0.401515
2833,-0.250000,-0.401515
2834,-0.204545,-0.401515
2835,-0.159091,-0.401515
2836,-0.113636,-0.401515
2837,-0.068182,-0.401515
2838,-0.022727,-0.401515
2839,0.022727,-0.401515
2840,0.068182,-0.401515
2841,0.113636,-0.401515
2842,0.159091,-0.401515
2843,0.204545,-0.401515
2844,0.250000,-0.401515
2845,0.295455,-0.401515
2846,0.340909,-0.401515
2847,0.386364,-0.401515
2848,0.431818,-0.401515
2849,0.477273,-0.401515
2850,0.522727,-0.401515
2851,0.568182,-0.401515
2852,0.613636,-0.401515
2853,0.659091,-0.401515
2854,0.704545,-0.401515
2855,0.750000,-0.401515
2856,0.795455,-0.401515
2857,0.840909,-0.401515
2858,0.886364,-0.401515
2859,0.931818,-0.401515
2860,0.977273,-0.401515
2861,1.022727,-0.401515
2862,1.068182,-0.401515
2863,1.113636,-0.401515
2864,1.159091,-0.401515
2865,1.204545,-0.401515
2866,1.250000,-0.401515
2867,1.295455,-0.401515
2868,1.340909,-0.401515
2869,1.386364,-0.401515
2870,1.431818,-0.401515
2871,1.477273,-0.401515
2872,1.522727,-0.401515
2873,1.568182,-0.401515
2874,1.613636,-0.401515
2875,1.659091,-0.401515
2876,1.704545,-0.401515
2877,1.750000,-0.401515
2878,1.795455,-0.401515
2879,1.840909,-0.401515
2880,1.886364,-0.401515
2881,1.931818,-0.401515
2882,1.977273,-0.401515
2883,2.022727,-0.401515
2884,2.068182,-0.401515
2885,2.113636,-0.401515
2886,2.159091,-0.401515
2887,2.204545,-0.401515
2888,2.250000,-0.401515
2889,2.295455,-0.401515
2890,2.340909,-0.401515
2891,2.386364,-0.401515
2892,2.431818,-0.401515
2893,2.477273,-0.401515
2894,2.522727,-0.401515
2895,2.568182,-0.401515
2896,2.613636,-0.401515
2897,2.659091,-0.401515
2898,2.704545,-0.401515
2899,2.750000,-0.401515
2900,-1.750000,-0.371212
2901,-1.704545,-0.371212
2902,-1.659091,-0.371212
2903,-1.613636,-0.371212
2904,-1.568182,-0.371212
2905,-1.522727,-0.371212
2906,-1.477273,-0.371212
2907,-1.431818,-0.371212
2908,-1.386364,-0.371212
2909,-1.340909,-0.371212
2910,-1.295455,-0.371212
2911,-1.250000,-0.371212
2912,-1.204545,-0.371212
2913,-1.159091,-0.371212
2914,-1.113636,-0.371212
2915,-1.068182,-0.371212
2916,-1.022727,-0.371212
2917,-0.977273,-0.371212
2918,-0.931818,-0.371212
2919,-0.886364,-0.371212
2920,-0.840909,-0.371212
2921,-0.795455,-0.371212
2922,-0.750000,-0.371212
2923,-0.704545,-0.371212
2924,-0.659091,-0.371212
2925,-0.613636,-0.371212
2926,-0.568182,-0.371212
2927,-0.522727,-0.371212
2928,-0.477273,-0.371212
2929,-0.431818,-0.371212
2930,-0.386364,-0.371212
2931,-0.340909,-0.371212
2932,-0.295455,-0.371212
2933,-0.250000,-0.371212
2934,-0.204545,-0.371212
2935,-0.159091,-0.371212
2936,-0.113636,-0.371212
2937,-0.068182,-0.371212
2938,-0.022727,-0.371212
2939,0.022727,-0.371212
2940,0.068182,-0.371212
2941,0.113636,-0.371212
2942,0.159091,-0.371212
2943,0.204545,-0.371212
2944,0.250000,-0.371212
2945,0.295455,-0.371212
2946,0.340909,-0.371212
2947,0.386364,-0.371212
2948,0.431818,-0.371212
2949,0.477273,-0.371212
2950,0.522727,-0.371212
2951,0.568182,-0.371212
2952,0.613636,-0.371212
2953,0.659091,-0.371212
2954,0.704545,-0.371212
2955,0.750000,-0.371212
2956,0.795455,-0.371212
2957,0.840909,-0.371212
2958,0.886364,-0.371212
2959,0.931818,-0.371212
2960,0.977273,-0.371212
2961,1.022727,-0.371212
2962,1.068182,-0.371212
2963,1.113636,-0.371212
2964,1.159091,-0.371212
2965,1.204545,-0.371212
2966,1.250000,-0.371212
2967,1.295455,-0.371212
2968,1.340909,-0.371212
2969,1.386364,-0.371212
2970,1.431818,-0.371212
2971,1.477273,-0.371212
2972,1.522727,-0.371212
2973,1.568182,-0.371212
2974,1.613636,-0.371212
2975,1.659091,-0.371212
2976,1.704545,-0.371212
2977,1.750000,-0.371212
2978,1.795455,-0.371212
2979,1.840909,-0.371212
2980,1.886364,-0.371212
2981,1.931818,-0.371212
2982,1.977273,-0.371212
2983,2.022727,-0.371212
2984,2.068182,-0.371212
2985,2.113636,-0.371212
2986,2.159091,-0.371212
2987,2.204545,-0.371212
2988,2.250000,-0.371212
2989,2.295455,-0.371212
2990,2.340909,-0.371212
2991,2.386364,-0.371212
2992,2.431818,-0.371212
2993,2.477273,-0.371212
2994,2.522727,-0.371212
2995,2.568182,-0.371212
2996,2.613636,-0.371212
2997,2.659091,-0.371212
2998,2.704545,-0.371212
2999,2.750000,-0.371212
3000,-1.750000,-0.340909
3001,-1.704545,-0.340909
3002,-1.659091,-0.340909
3003,-1.613636,-0.340909
3004,-1.568182,-0.340909
3005,-1.522727,-0.340909
3006,-1.477273,-0.340909
3007,-1.431818,-0.340909
3008,-1.386364,-0.340909
3009,-1.340909,-0.340909
3010,-1.295455,-0.340909
3011,-1.250000,-0.340909
3012,-1.204545,-0.340909
3013,-1.159091,-0.340909
3014,-1.113636,-0.340909
3015,-1.068182,-0.340909
3016,-1.022727,-0.340909
3017,-0.977273,-0.340909
3018,-0.931818,-0.340909
3019,-0.886364,-0.340909
3020,-0.840909,-0.340909
3021,-0.795455,-0.340909
3022,-0.750000,-0.340909
3023,-0.704545,-0.340909
3024,-0.659091,-0.340909
3025,-0.613636,-0.340909
3026,-0.568182,-0.340909
3027,-0.522727,-0.340909
3028,-0.477273,-0.340909
3029,-0.431818,-0.340909
3030,-0.386364,-0.340909
3031,-0.340909,-0.340909
3032,-0.295455,-0.340909
3033,-0.250000,-0.340909
3034,-0.204545,-0.340909
3035,-0.159091,-0.340909
3036,-0.113636,-0.340909
3037,-0.068182,-0.340909
3038,-0.022727,-0.340909
3039,0.022727,-0.340909
3040,0.068182,-0.340909
3041,0.113636,-0.340909
3042,0.159091,-0.340909
3043,0.204545,-0.340909
3044,0.250000,-0.340909
3045,0.295455,-0.340909
3046,0.340909,-0.340909
3047,0.386364,-0.340909
3048,0.431818,-0.340909
3049,0.477273,-0.340909
3050,0.522727,-0.340909
3051,0.568182,-0.340909
3052,0.613636,-0.340909
3053,0.659091,-0.340909
3054,0.704545,-0.340909
3055,0.750000,-0.340909
3056,0.795455,-0.340909
3057,0.840909,-0.340909
3058,0.886364,-0.340909
3059,0.931818,-0.340909
3060,0.977273,-0.340909
3061,1.022727,-0.340909
3062,1.068182,-0.340909
3063,1.113636,-0.340909
3064,1.159091,-0.340909
3065,1.204545,-0.340909
3066,1.250000,-0.340909
3067,1.295455,-0.340909
3068,1.340909,-0.340909
3069,1.386364,-0.340909
3070,1.431818,-0.340909
3071,1.477273,-0.340909
3072,1.522727,-0.340909
3073,1.568182,-0.340909
3074,1.613636,-0.340909
3075,1.659091,-0.340909
3076,1.704545,-0.340909
3077,1.750000,-0.340909
3078,1.795455,-0.340909
3079,1.840909,-0.340909
3080,1.886364,-0.340909
3081,1.931818,-0.340909
3082,1.977273,-0.340909
3083,2.022727,-0.340909
3084,2.068182,-0.340909
3085,2.113636,-0.340909
3086,2.159091,-0.340909
3087,2.204545,-0.340909
3088,2.250000,-0.340909
3089,2.295455,-0.340909
3090,2.340909,-0.340909
3091,2.386364,-0.340909
3092,2.431818,-0.340909
3093,2.477273,-0.340909
3094,2.522727,-0.340909
3095,2.568182,-0.340909
3096,2.613636,-0.340909
3097,2.659091,-0.340909
3098,2.704545,-0.340909
3099,2.750000,-0.340909
3100,-1.750000,-0.310606
3101,-1.704545,-0.310606
3102,-1.659091,-0.310606
3103,-1.613636,-0.310606
3104,-1.568182,-0.310606
3105,-1.522727,-0.310606
3106,-1.477273,-0.310606
3107,-1.431818,-0.310606
3108,-1.386364,-0.310606
3109,-1.340909,-0.310606
3110,-1.295455,-0.310606
3111,-1.250000,-0.310606
3112,-1.204545,-0.310606
3113,-1.159091,-0.310606
3114,-1.113636,-0.310606
3115,-1.068182,-0.310606
3116,-1.022727,-0.310606
3117,-0.977273,-0.310606
3118,-0.931818,-0.310606
3119,-0.886364,-0.310606
3120,-0.840909,-0.310606
3121,-0.795455,-0.310606
3122,-0.750000,-0.310606
3123,-0.704545,-0.310606
3124,-0.659091,-0.310606
3125,-0.613636,-0.310606
3126,-0.568182,-0.310606
3127,-0.522727,-0.310606
3128,-0.477273,-0.310606
3129,-0.431818,-0.310606
3130,-0.386364,-0.310606
3131,-0.340909,-0.310606
3132,-0.295455,-0.310606
3133,-0.250000,-0.310606
3134,-0.204545,-0.310606
3135,-0.159091,-0.310606
3136,-0.113636,-0.310606
3137,-0.068182,-0.310606
3138,-0.022727,-0.310606
3139,0.022727,-0.310606
3140,0.068182,-0.310606
3141,0.113636,-0.310606
3142,0.159091,-0.310606
3143,0.204545,-0.310606
3144,0.250000,-0.310606
3145,0.295455,-0.310606
3146,0.340909,-0.310606
3147,0.386364,-0.310606
3148,0.431818,-0.310606
3149,0.477273,-0.310606
3150,0.522727,-0.310606
3151,0.568182,-0.310606
3152,0.613636,-0.310606
3153,0.659091,-0.310606
3154,0.704545,-0.310606
3155,0.750000,-0.310606
3156,0.795455,-0.310606
3157,0.840909,-0.310606
3158,0.886364,-0.310606
3159,0.931818,-0.310606
3160,0.977273,-0.310606
3161,1.022727,-0.310606
3162,1.068182,-0.310606
3163,1.113636,-0.310606
3164,1.159091,-0.310606
3165,1.204545,-0.310606
3166,1.250000,-0.310606
3167,1.295455,-0.310606
3168,1.340909,-0.310606
3169,1.386364,-0.310606
3170,1.431818,-0.310606
3171,1.477273,-0.310606
3172,1.522727,-0.310606
3173,1.568182,-0.310606
3174,1.613636,-0.310606
3175,1.659091,-0.310606
3176,1.704545,-0.310606
3177,1.750000,-0.310606
3178,1.795455,-0.310606
3179,1.840909,-0.310606
3180,1.886364,-0.310606
3181,1.931818,-0.310606
3182,1.977273,-0.310606
3183,2.022727,-0.310606
3184,2.068182,-0.310606
3185,2.113636,-0.310606
3186,2.159091,-0.310606
3187,2.204545,-0.310606
3188,2.250000,-0.310606
3189,2.295455,-0.310606
3190,2.340909,-0.310606
3191,2.386364,-0.310606
3192,2.431818,-0.310606
3193,2.477273,-0.310606
3194,2.522727,-0.310606
3195,2.568182,-0.310606
3196,2.613636,-0.310606
3197,2.659091,-0.310606
3198,2.704545,-0.310606
3199,2.750000,-0.310606
3200,-1.750000,-0.280303
3201,-1.704545,-0.280303
3202,-1.659091,-0.280303
3203,-1.613636,-0.280303
3204,-1.568182,-0.280303
3205,-1.522727,-0.280303
3206,-1.477273,-0.280303
3207,-1.431818,-0.280303
3208,-1.386364,-0.280303
3209,-1.340909,-0.280303
3210,-1.295455,-0.280303
3211,-1.250000,-0.280303
3212,-1.204545,-0.280303
3213,-1.159091,-0.280303
3214,-1.113636,-0.280303
3215,-1.068182,-0.280303
3216,-1.022727,-0.280303
3217,-0.977273,-0.280303
3218,-0.931818,-0.280303
3219,-0.886364,-0.280303
3220,-0.840909,-0.280303
3221,-0.795455,-0.280303
3222,-0.750000,-0.280303
3223,-0.704545,-0.280303
3224,-0.659091,-0.280303
3225,-0.613636,-0.280303
3226,-0.568182,-0.280303
3227,-0.522727,-0.280303
3228,-0.477273,-0.280303
3229,-0.431818,-0.280303
3230,-0.386364,-0.280303
3231,-0.340909,-0.280303
3232,-0.295455,-0.280303
3233,-0.250000,-0.280303
3234,-0.204545,-0.280303
3235,-0.159091,-0.280303
3236,-0.113636,-0.280303
3237,-0.068182,-0.280303
3238,-0.022727,-0.280303
3239,0.022727,-0.280303
3240,0.068182,-0.280303
3241,0.113636,-0.280303
3242,0.159091,-0.280303
3243,0.204545,-0.280303
3244,0.250000,-0.280303
3245,0.295455,-0.280303
3246,0.340909,-0.280303
3247,0.386364,-0.280303
3248,0.431818,-0.280303
3249,0.477273,-0.280303
3250,0.522727,-0.280303
3251,0.568182,-0.280303
3252,0.613636,-0.280303
3253,0.659091,-0.280303
3254,0.704545,-0.280303
3255,0.750000,-0.280303
3256,0.795455,-0.280303
3257,0.840909,-0.280303
3258,0.886364,-0.280303
3259,0.931818,-0.280303
3260,0.977273,-0.280303
3261,1.022727,-0.280303
3262,1.068182,-0.280303
3263,1.113636,-0.280303
3264,1.159091,-0.280303
3265,1.204545,-0.280303
3266,1.250000,-0.280303
3267,1.295455,-0.280303
3268,1.340909,-0.280303
3269,1.386364,-0.280303
3270,1.431818,-0.280303
3271,1.477273,-0.280303
3272,1.522727,-0.280303
3273,1.568182,-0.280303
3274,1.613636,-0.280303
3275,1.659091,-0.280303
3276,1.704545,-0.280303
3277,1.750000,-0.280303
3278,1.795455,-0.280303
3279,1.840909,-0.280303
3280,1.886364,-0.280303
3281,1.931818,-0.280303
3282,1.977273,-0.280303
3283,2.022727,-0.280303
3284,2.068182,-0.280303
3285,2.113636,-0.280303
3286,2.159091,-0.280303
3287,2.204545,-0.280303
3288,2.250000,-0.280303
3289,2.295455,-0.280303
3290,2.340909,-0.280303
3291,2.386364,-0.280303
3292,2.431818,-0.280303
3293,2.477273,-0.280303
3294,2.522727,-0.280303
3295,2.568182,-0.280303
3296,2.613636,-0.280303
3297,2.659091,-0.280303
3298,2.704545,-0.280303
3299,2.750000,-0.280303
3300,-1.750000,-0.250000
3301,-1.704545,-0.250000
3302,-1.659091,-0.250000
3303,-1.613636,-0.250000
3304,-1.568182,-0.250000
3305,-1.522727,-0.250000
3306,-1.477273,-0.250000
3307,-1.431818,-0.250000
3308,-1.386364,-0.250000
3309,-1.340909,-0.250000
3310,-1.295455,-0.250000
3311,-1.250000,-0.250000
3312,-1.204545,-0.250000
3313,-1.159091,-0.250000
3314,-1.113636,-0.250000
3315,-1.068182,-0.250000
3316,-1.022727,-0.250000
3317,-0.977273,-0.250000
3318,-0.931818,-0.250000
3319,-0.886364,-0.250000
3320,-0.840909,-0.250000
3321,-0.795455,-0.250000
3322,-0.750000,-0.250000
3323,-0.704545,-0.250000
3324,-0.659091,-0.250000
3325,-0.613636,-0.250000
3326,-0.568182,-0.250000
3327,-0.522727,-0.250000
3328,-0.477273,-0.250000
3329,-0.431818,-0.250000
3330,-0.386364,-0.250000
3331,-0.340909,-0.250000
3332,-0.295455,-0.250000
3333,-0.250000,-0.250000
3334,-0.204545,-0.250000
3335,-0.159091,-0.250000
3336,-0.113636,-0.250000
3337,-0.068182,-0.250000
3338,-0.022727,-0.250000
3339,0.022727,-0.250000
3340,0.068182,-0.250000
3341,0.113636,-0.250000
3342,0.159091,-0.250000
3343,0.204545,-0.250000
3344,0.250000,-0.250000
3345,0.295455,-0.250000
3346,0.340909,-0.250000
3347,0.386364,-0.250000
3348,0.431818,-0.250000
3349,0.477273,-0.250000
3350,0.522727,-0.250000
3351,0.568182,-0.250000
3352,0.613636,-0.250000
3353,0.659091,-0.250000
3354,0.704545,-0.250000
3355,0.750000,-0.250000
3356,0.795455,-0.250000
3357,0.840909,-0.250000
3358,0.886364,-0.250000
3359,0.931818,-0.250000
3360,0.977273,-0.250000
3361,1.022727,-0.250000
3362,1.068182,-0.250000
3363,1.113636,-0.250000
3364,1.159091,-0.250000
3365,1.204545,-0.250000
3366,1.250000,-0.250000
3367,1.295455,-0.250000
3368,1.340909,-0.250000
3369,1.386364,-0.250000
3370,1.431818,-0.250000
3371,1.477273,-0.250000
3372,1.522727,-0.250000
3373,1.568182,-0.250000
3374,1.613636,-0.250000
3375,1.659091,-0.250000
3376,1.704545,-0.250000
3377,1.750000,-0.250000
3378,1.795455,-0.250000
3379,1.840909,-0.250000
3380,1.886364,-0.250000
3381,1.931818,-0.250000
3382,1.977273,-0.250000
3383,2.022727,-0.250000
3384,2.068182,-0.250000
3385,2.113636,-0.250000
3386,2.159091,-0.250000
3387,2.204545,-0.250000
3388,2.250000,-0.250000
3389,2.295455,-0.250000
3390,2.340909,-0.250000
3391,2.386364,-0.250000
3392,2.431818,-0.250000
3393,2.477273,-0.250000
3394,2.522727,-0.250000
3395,2.568182,-0.250000
3396,2.613636,-0.250000
3397,2.659091,-0.250000
3398,2.704545,-0.250000
3399,2.750000,-0.250000
3400,-1.750000,-0.219697
3401,-1.704545,-0.219697
3402,-1.659091,-0.219697
3403,-1.613636,-0.219697
3404,-1.568182,-0.219697
3405,-1.522727,-0.219697
3406,-1.477273,-0.219697
3407,-1.431818,-0.219697
3408,-1.386364,-0.219697
3409,-1.340909,-0.219697
3410,-1.295455,-0.219697
3411,-1.250000,-0.219697
3412,-1.204545,-0.219697
3413,-1.159091,-0.219697
3414,-1.113636,-0.219697
3415,-1.068182,-0.219697
3416,-1.022727,-0.219697
3417,-0.977273,-0.219697
3418,-0.931818,-0.219697
3419,-0.886364,-0.219697
3420,-0.840909,-0.219697
3421,-0.795455,-0.219697
3422,-0.750000,-0.219697
3423,-0.704545,-0.219697
3424,-0.659091,-0.219697
3425,-0.613636,-0.219697
3426,-0.568182,-0.219697
3427,-0.522727,-0.219697
3428,-0.477273,-0.219697
3429,-0.431818,-0.219697
3430,-0.386364,-0.219697
3431,-0.340909,-0.219697
3432,-0.295455,-0.219697
3433,-0.250000,-0.219697
3434,-0.204545,-0.219697
3435,-0.159091,-0.219697
3436,-0.113636,-0.219697
3437,-0.068182,-0.219697
3438,-0.022727,-0.219697
3439,0.022727,-0.219697
3440,0.068182,-0.219697
3441,0.113636,-0.219697
3442,0.159091,-0.219697
3443,0.204545,-0.219697
3444,0.250000,-0.219697
3445,0.295455,-0.219697
3446,0.340909,-0.219697
3447,0.386364,-0.219697
3448,0.431818,-0.219697
3449,0.477273,-0.219697
3450,0.522727,-0.219697
3451,0.568182,-0.219697
3452,0.613636,-0.219697
3453,0.659091,-0.219697
3454,0.704545,-0.219697
3455,0.750000,-0.219697
3456,0.795455,-0.219697
3457,0.840909,-0.219697
3458,0.886364,-0.219697
3459,0.931818,-0.219697
3460,0.977273,-0.219697
3461,1.022727,-0.219697
3462,1.068182,-0.219697
3463,1.113636,-0.219697
3464,1.159091,-0.219697
3465,1.204545,-0.219697
3466,1.250000,-0.219697
3467,1.295455,-0.219697
3468,1.340909,-0.219697
3469,1.386364,-0.219697
3470,1.431818,-0.219697
3471,1.477273,-0.219697
3472,1.522727,-0.219697
3473,1.568182,-0.219697
3474,1.613636,-0.219697
3475,1.659091,-0.219697
3476,1.704545,-0.219697
3477,1.750000,-0.219697
3478,1.795455,-0.219697
3479,1.840909,-0.219697
3480,1.886364,-0.219697
3481,1.931818,-0.219697
3482,1.977273,-0.219697
3483,2.022727,-0.219697
3484,2.068182,-0.219697
3485,2.113636,-0.219697
3486,2.159091,-0.219697
3487,2.204545,-0.219697
3488,2.250000,-0.219697
3489,2.295455,-0.219697
3490,2.340909,-0.219697
3491,2.386364,-0.219697
3492,2.431818,-0.219697
3493,2.477273,-0.219697
3494,2.522727,-0.219697
3495,2.568182,-0.219697
3496,2.613636,-0.219697
3497,2.659091,-0.219697
3498,2.704545,-0.219697
3499,2.750000,-0.219697
3500,-1.750000,-0.189394
3501,-1.704545,-0.189394
3502,-1.659091,-0.189394
3503,-1.613636,-0.189394
3504,-1.568182,-0.189394
3505,-1.522727,-0.189394
3506,-1.477273,-0.189394
3507,-1.431818,-0.189394
3508,-1.386364,-0.189394
3509,-1.340909,-0.189394
3510,-1.295455,-0.189394
3511,-1.250000,-0.189394
3512,-1.204545,-0.189394
3513,-1.159091,-0.189394
3514,-1.113636,-0.189394
3515,-1.068182,-0.189394
3516,-1.022727,-0.189394
3517,-0.977273,-0.189394
3518,-0.931818,-0.189394
3519,-0.886364,-0.189394
3520,-0.840909,-0.189394
3521,-0.795455,-0.189394
3522,-0.750000,-0.189394
3523,-0.704545,-0.189394
3524,-0.659091,-0.189394
3525,-0.613636,-0.189394
3526,-0.568182,-0.189394
3527,-0.522727,-0.189394
3528,-0.477273,-0.189394
3529,-0.431818,-0.189394
3530,-0.386364,-0.189394
3531,-0.340909,-0.189394
3532,-0.295455,-0.189394
3533,-0.250000,-0.189394
3534,-0.204545,-0.189394
3535,-0.159091,-0.189394
3536,-0.113636,-0.189394
3537,-0.068182,-0.189394
3538,-0.022727,-0.189394
3539,0.022727,-0.189394
3540,0.068182,-0.189394
3541,0.113636,-0.189394
3542,0.159091,-0.189394
3543,0.204545,-0.189394
3544,0.250000,-0.189394
3545,0.295455,-0.189394
3546,0.340909,-0.189394
3547,0.386364,-0.189394
3548,0.431818,-0.189394
3549,0.477273,-0.189394
3550,0.522727,-0.189394
3551,0.568182,-0.189394
3552,0.613636,-0.189394
3553,0.659091,-0.189394
3554,0.704545,-0.189394
3555,0.750000,-0.189394
3556,0.795455,-0.189394
3557,0.840909,-0.189394
3558,0.886364,-0.189394
3559,0.931818,-0.189394
3560,0.977273,-0.189394
3561,1.022727,-0.189394
3562,1.068182,-0.189394
3563,1.113636,-0.189394
3564,1.159091,-0.189394
3565,1.204545,-0.189394
3566,1.250000,-0.189394
3567,1.295455,-0.189394
3568,1.340909,-0.189394
3569,1.386364,-0.189394
3570,1.431818,-0.189394
3571,1.477273,-0.189394
3572,1.522727,-0.189394
3573,1.568182,-0.189394
3574,1.613636,-0.189394
3575,1.659091,-0.189394
3576,1.704545,-0.189394
3577,1.750000,-0.189394
3578,1.795455,-0.189394
3579,1.840909,-0.189394
3580,1.886364,-0.189394
3581,1.931818,-0.189394
3582,1.977273,-0.189394
3583,2.022727,-0.189394
3584,2.068182,-0.189394
3585,2.113636,-0.189394
3586,2.159091,-0.189394
3587,2.204545,-0.189394
3588,2.250000,-0.189394
3589,2.295455,-0.189394
3590,2.340909,-0.189394
3591,2.386364,-0.189394
3592,2.431818,-0.189394
3593,2.477273,-0.189394
3594,2.522727,-0.189394
3595,2.568182,-0.189394
3596,2.613636,-0.189394
3597,2.659091,-0.189394
3598,2.704545,-0.189394
3599,2.750000,-0.189394
3600,-1.750000,-0.159091
3601,-1.704545,-0.159091
3602,-1.659091,-0.159091
3603,-1.613636,-0.159091
3604,-1.568182,-0.159091
3605,-1.522727,-0.159091
3606,-1.477273,-0.159091
3607,-1.431818,-0.159091
3608,-1.386364,-0.159091
3609,-1.340909,-0.159091
3610,-1.295455,-0.159091
3611,-1.250000,-0.159091
3612,-1.204545,-0.159091
3613,-1.159091,-0.159091
3614,-1.113636,-0.159091
3615,-1.068182,-0.159091
3616,-1.022727,-0.159091
3617,-0.977273,-0.159091
3618,-0.931818,-0.159091
3619,-0.886364,-0.159091
3620,-0.840909,-0.159091
3621,-0.795455,-0.159091
3622,-0.750000,-0.159091
3623,-0.704545,-0.159091
3624,-0.659091,-0.159091
3625,-0.613636,-0.159091
3626,-0.568182,-0.159091
3627,-0.522727,-0.159091
3628,-0.477273,-0.159091
3629,-0.431818,-0.159091
3630,-0.386364,-0.159091
3631,-0.340909,-0.159091
3632,-0.295455,-0.159091
3633,-0.250000,-0.159091
3634,-0.204545,-0.159091
3635,-0.159091,-0.159091
3636,-0.113636,-0.159091
3637,-0.068182,-0.159091
3638,-0.022727,-0.159091
3639,0.022727,-0.159091
3640,0.068182,-0.159091
3641,0.113636,-0.159091
3642,0.159091,-0.159091
3643,0.204545,-0.159091
3644,0.250000,-0.159091
3645,0.295455,-0.159091
3646,0.340909,-0.159091
3647,0.386364,-0.159091
3648,0.431818,-0.159091
3649,0.477273,-0.159091
3650,0.522727,-0.159091
3651,0.568182,-0.159091
3652,0.613636,-0.159091
3653,0.659091,-0.159091
3654,0.704545,-0.159091
3655,0.750000,-0.159091
3656,0.795455,-0.159091
3657,0.840909,-0.159091
3658,0.886364,-0.159091
3659,0.931818,-0.159091
3660,0.977273,-0.159091
3661,1.022727,-0.159091
3662,1.068182,-0.159091
3663,1.113636,-0.159091
3664,1.159091,-0.159091
3665,1.204545,-0.159091
3666,1.250000,-0.159091
3667,1.295455,-0.159091
3668,1.340909,-0.159091
3669,1.386364,-0.159091
3670,1.431818,-0.159091
3671,1.477273,-0.159091
3672,1.522727,-0.159091
3673,1.568182,-0.159091
3674,1.613636,-0.159091
3675,1.659091,-0.159091
3676,1.704545,-0.159091
3677,1.750000,-0.159091
3678,1.795455,-0.159091
3679,1.840909,-0.159091
3680,1.886364,-0.159091
3681,1.931818,-0.159091
3682,1.977273,-0.159091
3683,2.022727,-0.159091
3684,2.068182,-0.159091
3685,2.113636,-0.159091
3686,2.159091,-0.159091
3687,2.204545,-0.159091
3688,2.250000,-0.159091
3689,2.295455,-0.159091
3690,2.340909,-0.159091
3691,2.386364,-0.159091
3692,2.431818,-0.159091
3693,2.477273,-0.159091
3694,2.522727,-0.159091
3695,2.568182,-0.159091
3696,2.613636,-0.159091
3697,2.659091,-0.159091
3698,2.704545,-0.159091
3699,2.750000,-0.159091
3700,-1.750000,-0.128788
3701,-1.704545,-0.128788
3702,-1.659091,-0.128788
3703,-1.613636,-0.128788
3704,-1.568182,-0.128788
3705,-1.522727,-0.128788
3706,-1.477273,-0.128788
3707,-1.431818,-0.128788
3708,-1.386364,-0.128788
3709,-1.340909,-0.128788
3710,-1.295455,-0.128788
3711,-1.250000,-0.128788
3712,-1.204545,-0.128788
3713,-1.159091,-0.128788
3714,-1.113636,-0.128788
3715,-1.068182,-0.128788
3716,-1.022727,-0.128788
3717,-0.977273,-0.128788
3718,-0.931818,-0.128788
3719,-0.886364,-0.128788
3720,-0.840909,-0.128788
3721,-0.795455,-0.128788
3722,-0.750000,-0.128788
3723,-0.704545,-0.128788
3724,-0.659091,-0.128788
3725,-0.613636,-0.128788
3726,-0.568182,-0.128788
3727,-0.522727,-0.128788
3728,-0.477273,-0.128788
3729,-0.431818,-0.128788
3730,-0.386364,-0.128788
3731,-0.340909,-0.128788
3732,-0.295455,-0.128788
3733,-0.250000,-0.128788
3734,-0.204545,-0.128788
3735,-0.159091,-0.128788
3736,-0.113636,-0.128788
3737,-0.068182,-0.128788
3738,-0.022727,-0.128788
3739,0.022727,-0.128788
3740,0.068182,-0.128788
3741,0.113636,-0.128788
3742,0.159091,-0.128788
3743,0.204545,-0.128788
3744,0.250000,-0.128788
3745,0.295455,-0.128788
3746,0.340909,-0.128788
3747,0.386364,-0.128788
3748,0.431818,-0.128788
3749,0.477273,-0.128788
3750,0.522727,-0.128788
3751,0.568182,-0.128788
3752,0.613636,-0.128788
3753,0.659091,-0.128788
3754,0.704545,-0.128788
3755,0.750000,-0.128788
3756,0.795455,-0.128788
3757,0.840909,-0.128788
3758,0.886364,-0.128788
3759,0.931818,-0.128788
3760,0.977273,-0.128788
3761,1.022727,-0.128788
3762,1.068182,-0.128788
3763,1.113636,-0.128788
3764,1.159091,-0.128788
3765,1.204545,-0.128788
3766,1.250000,-0.128788
3767,1.295455,-0.128788
3768,1.340909,-0.128788
3769,1.386364,-0.128788
3770,1.431818,-0.128788
3771,1.477273,-0.128788
3772,1.522727,-0.128788
3773,1.568182,-0.128788
3774,1.613636,-0.128788
3775,1.659091,-0.128788
3776,1.704545,-0.128788
3777,1.750000,-0.128788
3778,1.795455,-0.128788
3779,1.840909,-0.128788
3780,1.886364,-0.128788
3781,1.931818,-0.128788
3782,1.977273,-0.128788
3783,2.022727,-0.128788
3784,2.068182,-0.128788
3785,2.113636,-0.128788
3786,2.159091,-0.128788
3787,2.204545,-0.128788
3788,2.250000,-0.128788
3789,2.295455,-0.128788
3790,2.340909,-0.128788
3791,2.386364,-0.128788
3792,2.431818,-0.128788
3793,2.477273,-0.128788
3794,2.522727,-0.128788
3795,2.568182,-0.128788
3796,2.613636,-0.128788
3797,2.659091,-0.128788
3798,2.704545,-0.128788
3799,2.750000,-0.128788
3800,-1.750000,-0.098485
3801,-1.704545,-0.098485
3802,-1.659091,-0.098485
3803,-1.613636,-0.098485
3804,-1.568182,-0.098485
3805,-1.522727,-0.098485
3806,-1.477273,-0.098485
3807,-1.431818,-0.098485
3808,-1.386364,-0.098485
3809,-1.340909,-0.098485
3810,-1.295455,-0.098485
3811,-1.250000,-0.098485
3812,-1.204545,-0.098485
3813,-1.159091,-0.098485
3814,-1.113636,-0.098485
3815,-1.068182,-0.098485
3816,-1.022727,-0.098485
3817,-0.977273,-0.098485
3818,-0.931818,-0.098485
3819,-0.886364,-0.098485
3820,-0.840909,-0.098485
3821,-0.795455,-0.098485
3822,-0.750000,-0.098485
3823,-0.704545,-0.098485
3824,-0.659091,-0.098485
3825,-0.613636,-0.098485
3826,-0.568182,-0.098485
3827,-0.522727,-0.098485
3828,-0.477273,-0.098485
3829,-0.431818,-0.098485
3830,-0.386364,-0.098485
3831,-0.340909,-0.098485
3832,-0.295455,-0.098485
3833,-0.250000,-0.098485
3834,-0.204545,-0.098485
3835,-0.159091,-0.098485
3836,-0.113636,-0.098485
3837,-0.068182,-0.098485
3838,-0.022727,-0.098485
3839,0.022727,-0.098485
3840,0.068182,-0.098485
3841,0.113636,-0.098485
3842,0.159091,-0.098485
3843,0.204545,-0.098485
3844,0.250000,-0.098485
3845,0.295455,-0.098485
3846,0.340909,-0.098485
3847,0.386364,-0.098485
3848,0.431818,-0.098485
3849,0.477273,-0.098485
3850,0.522727,-0.098485
3851,0.568182,-0.098485
3852,0.613636,-0.098485
3853,0.659091,-0.098485
3854,0.704545,-0.098485
3855,0.750000,-0.098485
3856,0.795455,-0.098485
3857,0.840909,-0.098485
3858,0.886364,-0.098485
3859,0.931818,-0.098485
3860,0.977273,-0.098485
3861,1.022727,-0.098485
3862,1.068182,-0.098485
3863,1.113636,-0.098485
3864,1.159091,-0.098485
3865,1.204545,-0.098485
3866,1.250000,-0.098485
3867,1.295455,-0.098485
3868,1.340909,-0.098485
3869,1.386364,-0.098485
3870,1.431818,-0.098485
3871,1.477273,-0.098485
3872,1.522727,-0.098485
3873,1.568182,-0.098485
3874,1.613636,-0.098485
3875,1.659091,-0.098485
3876,1.704545,-0.098485
3877,1.750000,-0.098485
3878,1.795455,-0.098485
3879,1.840909,-0.098485
3880,1.886364,-0.098485
3881,1.931818,-0.098485
3882,1.977273,-0.098485
3883,2.022727,-0.098485
3884,2.068182,-0.098485
3885,2.113636,-0.098485
3886,2.159091,-0.098485
3887,2.204545,-0.098485
3888,2.250000,-0.098485
3889,2.295455,-0.098485
3890,2.340909,-0.098485
3891,2.386364,-0.098485
3892,2.431818,-0.098485
3893,2.477273,-0.098485
3894,2.522727,-0.098485
3895,2.568182,-0.098485
3896,2.613636,-0.098485
3897,2.659091,-0.098485
3898,2.704545,-0.098485
3899,2.750000,-0.098485
3900,-1.750000,-0.068182
3901,-1.704545,-0.068182
3902,-1.659091,-0.068182
3903,-1.613636,-0.068182
3904,-1.568182,-0.068182
3905,-1.522727,-0.068182
3906,-1.477273,-0.068182
3907,-1.431818,-0.068182
3908,-1.386364,-0.068182
3909,-1.340909,-0.068182
3910,-1.295455,-0.068182
3911,-1.250000,-0.068182
3912,-1.204545,-0.068182
3913,-1.159091,-0.068182
3914,-1.113636,-0.068182
3915,-1.068182,-0.068182
3916,-1.022727,-0.068182
3917,-0.977273,-0.068182
3918,-0.931818,-0.068182
3919,-0.886364,-0.068182
3920,-0.840909,-0.068182
3921,-0.795455,-0.068182
3922,-0.750000,-0.068182
3923,-0.704545,-0.068182
3924,-0.659091,-0.068182
3925,-0.613636,-0.068182
3926,-0.568182,-0.068182
3927,-0.522727,-0.068182
3928,-0.477273,-0.068182
3929,-0.431818,-0.068182
3930,-0.386364,-0.068182
3931,-0.340909,-0.068182
3932,-0.295455,-0.068182
3933,-0.250000,-0.068182
3934,-0.204545,-0.068182
3935,-0.159091,-0.068182
3936,-0.113636,-0.068182
3937,-0.068182,-0.068182
3938,-0.022727,-0.068182
3939,0.022727,-0.068182
3940,0.068182,-0.068182
3941,0.113636,-0.068182
3942,0.159091,-0.068182
3943,0.204545,-0.068182
3944,0.250000,-0.068182
3945,0.295455,-0.068182
3946,0.340909,-0.068182
3947,0.386364,-0.068182
3948,0.431818,-0.068182
3949,0.477273,-0.068182
3950,0.522727,-0.068182
3951,0.568182,-0.068182
3952,0.613636,-0.068182
3953,0.659091,-0.068182
3954,0.704545,-0.068182
3955,0.750000,-0.068182
3956,0.795455,-0.068182
3957,0.840909,-0.068182
3958,0.886364,-0.068182
3959,0.931818,-0.068182
3960,0.977273,-0.068182
3961,1.022727,-0.068182
3962,1.068182,-0.068182
3963,1.113636,-0.068182
3964,1.159091,-0.068182
3965,1.204545,-0.068182
3966,1.250000,-0.068182
3967,1.295455,-0.068182
3968,1.340909,-0.068182
3969,1.386364,-0.068182
3970,1.431818,-0.068182
3971,1.477273,-0.068182
3972,1.522727,-0.068182
3973,1.568182,-0.068182
3974,1.613636,-0.068182
3975,1.659091,-0.068182
3976,1.704545,-0.068182
3977,1.750000,-0.068182
3978,1.795455,-0.068182
3979,1.840909,-0.068182
3980,1.886364,-0.068182
3981,1.931818,-0.068182
3982,1.977273,-0.068182
3983,2.022727,-0.068182
3984,2.068182,-0.068182
3985,2.113636,-0.068182
3986,2.159091,-0.068182
3987,2.204545,-0.068182
3988,2.250000,-0.068182
3989,2.295455,-0.068182
3990,2.340909,-0.068182
3991,2.386364,-0.068182
3992,2.431818,-0.068182
3993,2.477273,-0.068182
3994,2.522727,-0.068182
3995,2.568182,-0.068182
3996,2.613636,-0.068182
3997,2.659091,-0.068182
3998,2.704545,-0.068182
3999,2.750000,-0.068182
4000,-1.750000,-0.037879
4001,-1.704545,-0.037879
4002,-1.659091,-0.037879
4003,-1.613636,-0.037879
4004,-1.568182,-0.037879
4005,-1.522727,-0.037879
4006,-1.477273,-0.037879
4007,-1.431818,-0.037879
4008,-1.386364,-0.037879
4009,-1.340909,-0.037879
4010,-1.295455,-0.037879
4011,-1.250000,-0.037879
4012,-1.204545,-0.037879
4013,-1.159091,-0.037879
4014,-1.113636,-0.037879
4015,-1.068182,-0.037879
4016,-1.022727,-0.037879
4017,-0.977273,-0.037879
4018,-0.931818,-0.037879
4019,-0.886364,-0.037879
4020,-0.840909,-0.037879
4021,-0.795455,-0.037879
4022,-0.750000,-0.037879
4023,-0.704545,-0.037879
4024,-0.659091,-0.037879
4025,-0.613636,-0.037879
4026,-0.568182,-0.037879
4027,-0.522727,-0.037879
4028,-0.477273,-0.037879
4029,-0.431818,-0.037879
4030,-0.386364,-0.037879
4031,-0.340909,-0.037879
4032,-0.295455,-0.037879
4033,-0.250000,-0.037879
4034,-0.204545,-0.037879
4035,-0.159091,-0.037879
4036,-0.113636,-0.037879
4037,-0.068182,-0.037879
4038,-0.022727,-0.037879
4039,0.022727,-0.037879
4040,0.068182,-0.037879
4041,0.113636,-0.037879
4042,0.159091,-0.037879
4043,0.204545,-0.037879
4044,0.250000,-0.037879
4045,0.295455,-0.037879
4046,0.340909,-0.037879
4047,0.386364,-0.037879
4048,0.431818,-0.037879
4049,0.477273,-0.037879
4050,0.522727,-0.037879
4051,0.568182,-0.037879
4052,0.613636,-0.037879
4053,0.659091,-0.037879
4054,0.704545,-0.037879
4055,0.750000,-0.037879
4056,0.795455,-0.037879
4057,0.840909,-0.037879
4058,0.886364,-0.037879
4059,0.931818,-0.037879
4060,0.977273,-0.037879
4061,1.022727,-0.037879
4062,1.068182,-0.037879
4063,1.113636,-0.037879
4064,1.159091,-0.037879
4065,1.204545,-0.037879
4066,1.250000,-0.037879
4067,1.295455,-0.037879
4068,1.340909,-0.037879
4069,1.386364,-0.037879
4070,1.431818,-0.037879
4071,1.477273,-0.037879
4072,1.522727,-0.037879
4073,1.568182,-0.037879
4074,1.613636,-0.037879
4075,1.659091,-0.037879
4076,1.704545,-0.037879
4077,1.750000,-0.037879
4078,1.795455,-0.037879
4079,1.840909,-0.037879
4080,1.886364,-0.037879
4081,1.931818,-0.037879
4082,1.977273,-0.037879
4083,2.022727,-0.037879
4084,2.068182,-0.037879
4085,2.113636,-0.037879
4086,2.159091,-0.037879
4087,2.204545,-0.037879
4088,2.250000,-0.037879
4089,2.295455,-0.037879
4090,2.340909,-0.037879
4091,2.386364,-0.037879
4092,2.431818,-0.037879
4093,2.477273,-0.037879
4094,2.522727,-0.037879
4095,2.568182,-0.037879
4096,2.613636,-0.037879
4097,2.659091,-0.037879
4098,2.704545,-0.037879
4099,2.750000,-0.037879
4100,-1.750000,-0.007576
4101,-1.704545,-0.007576
4102,-1.659091,-0.007576
4103,-1.613636,-0.007576
4104,-1.568182,-0.007576
4105,-1.522727,-0.007576
4106,-1.477273,-0.007576
4107,-1.431818,-0.007576
4108,-1.386364,-0.007576
4109,-1.340909,-0.007576
4110,-1.295455,-0.007576
4111,-1.250000,-0.007576
4112,-1.204545,-0.007576
4113,-1.159091,-0.007576
4114,-1.113636,-0.007576
4115,-1.068182,-0.007576
4116,-1.022727,-0.007576
4117,-0.977273,-0.007576
4118,-0.931818,-0.007576
4119,-0.886364,-0.007576
4120,-0.840909,-0.007576
4121,-0.795455,-0.007576
4122,-0.750000,-0.007576
4123,-0.704545,-0.007576
4124,-0.659091,-0.007576
4125,-0.613636,-0.007576
4126,-0.568182,-0.007576
4127,-0.522727,-0.007576
4128,-0.477273,-0.007576
4129,-0.431818,-0.007576
4130,-0.386364,-0.007576
4131,-0.340909,-0.007576
4132,-0.295455,-0.007576
4133,-0.250000,-0.007576
4134,-0.204545,-0.007576
4135,-0.159091,-0.007576
4136,-0.113636,-0.007576
4137,-0.068182,-0.007576
4138,-0.022727,-0.007576
4139,0.022727,-0.007576
4140,0.068182,-0.007576
4141,0.113636,-0.007576
4142,0.159091,-0.007576
4143,0.204545,-0.007576
4144,0.250000,-0.007576
4145,0.295455,-0.007576
4146,0.340909,-0.007576
4147,0.386364,-0.007576
4148,0.431818,-0.007576
4149,0.477273,-0.007576
4150,0.522727,-0.007576
4151,0.568182,-0.007576
4152,0.613636,-0.007576
4153,0.659091,-0.007576
4154,0.704545,-0.007576
4155,0.750000,-0.007576
4156,0.795455,-0.007576
4157,0.840909,-0.007576
4158,0.886364,-0.007576
4159,0.931818,-0.007576
4160,0.977273,-0.007576
4161,1.022727,-0.007576
4162,1.068182,-0.007576
4163,1.113636,-0.007576
4164,1.159091,-0.007576
4165,1.204545,-0.007576
4166,1.250000,-0.007576
4167,1.295455,-0.007576
4168,1.340909,-0.007576
4169,1.386364,-0.007576
4170,1.431818,-0.007576
4171,1.477273,-0.007576
4172,1.522727,-0.007576
4173,1.568182,-0.007576
4174,1.613636,-0.007576
4175,1.659091,-0.007576
4176,1.704545,-0.007576
4177,1.750000,-0.007576
4178,1.795455,-0.007576
4179,1.840909,-0.007576
4180,1.886364,-0.007576
4181,1.931818,-0.007576
4182,1.977273,-0.007576
4183,2.022727,-0.007576
4184,2.068182,-0.007576
4185,2.113636,-0.007576
4186,2.159091,-0.007576
4187,2.204545,-0.007576
4188,2.250000,-0.007576
4189,2.295455,-0.007576
4190,2.340909,-0.007576
4191,2.386364,-0.007576
4192,2.431818,-0.007576
4193,2.477273,-0.007576
4194,2.522727,-0.007576
4195,2.568182,-0.007576
4196,2.613636,-0.007576
4197,2.659091,-0.007576
4198,2.704545,-0.007576
4199,2.750000,-0.007576
4200,-1.750000,0.022727
4201,-1.704545,0.022727
4202,-1.659091,0.022727
4203,-1.613636,0.022727
4204,-1.568182,0.022727
4205,-1.522727,0.022727
4206,-1.477273,0.022727
4207,-1.431818,0.022727
4208,-1.386364,0.022727
4209,-1.340909,0.022727
4210,-1.295455,0.022727
4211,-1.250000,0.022727
4212,-1.204545,0.022727
4213,-1.159091,0.022727
4214,-1.113636,0.022727
4215,-1.068182,0.022727
4216,-1.022727,0.022727
4217,-0.977273,0.022727
4218,-0.931818,0.022727
4219,-0.886364,0.022727
4220,-0.840909,0.022727
4221,-0.795455,0.022727
4222,-0.750000,0.022727
4223,-0.704545,0.022727
4224,-0.659091,0.022727
4225,-0.613636,0.022727
4226,-0.568182,0.022727
4227,-0.522727,0.022727
4228,-0.477273,0.022727
4229,-0.431818,0.022727
4230,-0.386364,0.022727
4231,-0.340909,0.022727
4232,-0.295455,0.022727
4233,-0.250000,0.022727
4234,-0.204545,0.022727
4235,-0.159091,0.022727
4236,-0.113636,0.022727
4237,-0.068182,0.022727
4238,-0.022727,0.022727
4239,0.022727,0.022727
4240,0.068182,0.022727
4241,0.113636,0.022727
4242,0.159091,0.022727
4243,0.204545,0.022727
4244,0.250000,0.022727
4245,0.295455,0.022727
4246,0.340909,0.022727
4247,0.386364,0.022727
4248,0.431818,0.022727
4249,0.477273,0.022727
4250,0.522727,0.022727
4251,0.568182,0.022727
4252,0.613636,0.022727
4253,0.659091,0.022727
4254,0.704545,0.022727
4255,0.750000,0.022727
4256,0.795455,0.022727
4257,0.840909,0.022727
4258,0.886364,0.022727
4259,0.931818,0.022727
4260,0.977273,0.022727
4261,1.022727,0.022727
4262,1.068182,0.022727
4263,1.113636,0.022727
4264,1.159091,0.022727
4265,1.204545,0.022727
4266,1.250000,0.022727
4267,1.295455,0.022727
4268,1.340909,0.022727
4269,1.386364,0.022727
4270,1.431818,0.022727
4271,1.477273,0.022727
4272,1.522727,0.022727
4273,1.568182,0.022727
4274,1.613636,0.022727
4275,1.659091,0.022727
4276,1.704545,0.022727
4277,1.750000,0.022727
4278,1.795455,0.022727
4279,1.840909,0.022727
4280,1.886364,0.022727
4281,1.931818,0.022727
4282,1.977273,0.022727
4283,2.022727,0.022727
4284,2.068182,0.022727
4285,2.113636,0.022727
4286,2.159091,0.022727
4287,2.204545,0.022727
4288,2.250000,0.022727
4289,2.295455,0.022727
4290,2.340909,0.022727
4291,2.386364,0.022727
4292,2.431818,0.022727
4293,2.477273,0.022727
4294,2.522727,0.022727
4295,2.568182,0.022727
4296,2.613636,0.022727
4297,2.659091,0.022727
4298,2.704545,0.022727
4299,2.750000,0.022727
4300,-1.750000,0.053030
4301,-1.704545,0.053030
4302,-1.659091,0.053030
4303,-1.613636,0.053030
4304,-1.568182,0.053030
4305,-1.522727,0.053030
4306,-1.477273,0.053030
4307,-1.431818,0.053030
4308,-1.386364,0.053030
4309,-1.340909,0.053030
4310,-1.295455,0.053030
4311,-1.250000,0.053030
4312,-1.204545,0.053030
4313,-1.159091,0.053030
4314,-1.113636,0.053030
4315,-1.068182,0.053030
4316,-1.022727,0.053030
4317,-0.977273,0.053030
4318,-0.931818,0.053030
4319,-0.886364,0.053030
4320,-0.840909,0.053030
4321,-0.795455,0.053030
4322,-0.750000,0.053030
4323,-0.704545,0.053030
4324,-0.659091,0.053030
4325,-0.613636,0.053030
4326,-0.568182,0.053030
4327,-0.522727,0.053030
4328,-0.477273,0.053030
4329,-0.431818,0.053030
4330,-0.386364,0.053030
4331,-0.340909,0.053030
4332,-0.295455,0.053030
4333,-0.250000,0.053030
4334,-0.204545,0.053030
4335,-0.159091,0.053030
4336,-0.113636,0.053030
4337,-0.068182,0.053030
4338,-0.022727,0.053030
4339,0.022727,0.053030
4340,0.068182,0.053030
4341,0.113636,0.053030
4342,0.159091,0.053030
4343,0.204545,0.053030
4344,0.250000,0.053030
4345,0.295455,0.053030
4346,0.340909,0.053030
4347,0.386364,0.053030
4348,0.431818,0.053030
4349,0.477273,0.053030
4350,0.522727,0.053030
4351,0.568182,0.053030
4352,0.613636,0.053030
4353,0.659091,0.053030
4354,0.704545,0.053030
4355,0.750000,0.053030
4356,0.795455,0.053030
4357,0.840909,0.053030
4358,0.886364,0.053030
4359,0.931818,0.053030
4360,0.977273,0.053030
4361,1.022727,0.053030
4362,1.068182,0.053030
4363,1.113636,0.053030
4364,1.159091,0.053030
4365,1.204545,0.053030
4366,1.250000,0.053030
4367,1.295455,0.053030
4368,1.340909,0.053030
4369,1.386364,0.053030
4370,1.431818,0.053030
4371,1.477273,0.053030
4372,1.522727,0.053030
4373,1.568182,0.053030
4374,1.613636,0.053030
4375,1.659091,0.053030
4376,1.704545,0.053030
4377,1.750000,0.053030
4378,1.795455,0.053030
4379,1.840909,0.053030
4380,1.886364,0.053030
4381,1.931818,0.053030
4382,1.977273,0.053030
4383,2.022727,0.053030
4384,2.068182,0.053030
4385,2.113636,0.053030
4386,2.159091,0.053030
4387,2.204545,0.053030
4388,2.250000,0.053030
4389,2.295455,0.053030
4390,2.340909,0.053030
4391,2.386364,0.053030
4392,2.431818,0.053030
4393,2.477273,0.053030
4394,2.522727,0.053030
4395,2.568182,0.053030
4396,2.613636,0.053030
4397,2.659091,0.053030
4398,2.704545,0.053030
4399,2.750000,0.053030
4400,-1.750000,0.083333
4401,-1.704545,0.083333
4402,-1.659091,0.083333
4403,-1.613636,0.083333
4404,-1.568182,0.083333
4405,-1.522727,0.083333
4406,-1.477273,0.083333
4407,-1.431818,0.083333
4408,-1.386364,0.083333
4409,-1.340909,0.083333
4410,-1.295455,0.083333
4411,-1.250000,0.083333
4412,-1.204545,0.083333
4413,-1.159091,0.083333
4414,-1.113636,0.083333
4415,-1.068182,0.083333
4416,-1.022727,0.083333
4417,-0.977273,0.083333
4418,-0.931818,0.083333
4419,-0.886364,0.083333
4420,-0.840909,0.083333
4421,-0.795455,0.083333
4422,-0.750000,0.083333
4423,-0.704545,0.083333
4424,-0.659091,0.083333
4425,-0.613636,0.083333
4426,-0.568182,0.083333
4427,-0.522727,0.083333
4428,-0.477273,0.083333
4429,-0.431818,0.083333
4430,-0.386364,0.083333
4431,-0.340909,0.083333
4432,-0.295455,0.083333
4433,-0.250000,0.083333
4434,-0.204545,0.083333
4435,-0.159091,0.083333
4436,-0.113636,0.083333
4437,-0.068182,0.083333
4438,-0.022727,0.083333
4439,0.022727,0.083333
4440,0.068182,0.083333
4441,0.113636,0.083333
4442,0.159091,0.083333
4443,0.204545,0.083333
4444,0.250000,0.083333
4445,0.295455,0.083333
4446,0.340909,0.083333
4447,0.386364,0.083333
4448,0.431818,0.083333
4449,0.477273,0.083333
4450,0.522727,0.083333
4451,0.568182,0.083333
4452,0.613636,0.083333
4453,0.659091,0.083333
4454,0.704545,0.083333
4455,0.750000,0.083333
4456,0.795455,0.083333
4457,0.840909,0.083333
4458,0.886364,0.083333
4459,0.931818,0.083333
4460,0.977273,0.083333
4461,1.022727,0.083333
4462,1.068182,0.083333
4463,1.113636,0.083333
4464,1.159091,0.083333
4465,1.204545,0.083333
4466,1.250000,0.083333
4467,1.295455,0.083333
4468,1.340909,0.083333
4469,1.386364,0.083333
4470,1.431818,0.083333
4471,1.477273,0.083333
4472,1.522727,0.083333
4473,1.568182,0.083333
4474,1.613636,0.083333
4475,1.659091,0.083333
4476,1.704545,0.083333
4477,1.750000,0.083333
4478,1.795455,0.083333
4479,1.840909,0.083333
4480,1.886364,0.083333
4481,1.931818,0.083333
4482,1.977273,0.083333
4483,2.022727,0.083333
4484,2.068182,0.083333
4485,2.113636,0.083333
4486,2.159091,0.083333
4487,2.204545,0.083333
4488,2.250000,0.083333
4489,2.295455,0.083333
4490,2.340909,0.083333
4491,2.386364,0.083333
4492,2.431818,0.083333
4493,2.477273,0.083333
4494,2.522727,0.083333
4495,2.568182,0.083333
4496,2.613636,0.083333
4497,2.659091,0.083333
4498,2.704545,0.083333
4499,2.750000,0.083333
4500,-1.750000,0.113636
4501,-1.704545,0.113636
4502,-1.659091,0.113636
4503,-1.613636,0.113636
4504,-1.568182,0.113636
4505,-1.522727,0.113636
4506,-1.477273,0.113636
4507,-1.431818,0.113636
4508,-1.386364,0.113636
4509,-1.340909,0.113636
4510,-1.295455,0.113636
4511,-1.250000,0.113636
4512,-1.204545,0.113636
4513,-1.159091,0.113636
4514,-1.113636,0.113636
4515,-1.068182,0.113636
4516,-1.022727,0.113636
4517,-0.977273,0.113636
4518,-0.931818,0.113636
4519,-0.886364,0.113636
4520,-0.840909,0.113636
4521,-0.795455,0.113636
4522,-0.750000,0.113636
4523,-0.704545,0.113636
4524,-0.659091,0.113636
4525,-0.613636,0.113636
4526,-0.568182,0.113636
4527,-0.522727,0.113636
4528,-0.477273,0.113636
4529,-0.431818,0.113636
4530,-0.386364,0.113636
4531,-0.340909,0.113636
4532,-0.295455,0.113636
4533,-0.250000,0.113636
4534,-0.204545,0.113636
4535,-0.159091,0.113636
4536,-0.113636,0.113636
4537,-0.068182,0.113636
4538,-0.022727,0.113636
4539,0.022727,0.113636
4540,0.068182,0.113636
4541,0.113636,0.113636
4542,0.159091,0.113636
4543,0.204545,0.113636
4544,0.250000,0.113636
4545,0.295455,0.113636
4546,0.340909,0.113636
4547,0.386364,0.113636
4548,0.431818,0.113636
4549,0.477273,0.113636
4550,0.522727,0.113636
4551,0.568182,0.113636
4552,0.613636,0.113636
4553,0.659091,0.113636
4554,0.704545,0.113636
4555,0.750000,0.113636
4556,0.795455,0.113636
4557,0.840909,0.113636
4558,0.886364,0.113636
4559,0.931818,0.113636
4560,0.977273,0.113636
4561,1.022727,0.113636
4562,1.068182,0.113636
4563,1.113636,0.113636
4564,1.159091,0.113636
4565,1.204545,0.113636
4566,1.250000,0.113636
4567,1.295455,0.113636
4568,1.340909,0.113636
4569,1.386364,0.113636
4570,1.431818,0.113636
4571,1.477273,0.113636
4572,1.522727,0.113636
4573,1.568182,0.113636
4574,1.613636,0.113636
4575,1.659091,0.113636
4576,1.704545,0.113636
4577,1.750000,0.113636
4578,1.795455,0.113636
4579,1.840909,0.113636
4580,1.886364,0.113636
4581,1.931818,0.113636
4582,1.977273,0.113636
4583,2.022727,0.113636
4584,2.068182,0.113636
4585,2.113636,0.113636
4586,2.159091,0.113636
4587,2.204545,0.113636
4588,2.250000,0.113636
4589,2.295455,0.113636
4590,2.340909,0.113636
4591,2.386364,0.113636
4592,2.431818,0.113636
4593,2.477273,0.113636
4594,2.522727,0.113636
4595,2.568182,0.113636
4596,2.613636,0.113636
4597,2.659091,0.113636
4598,2.704545,0.113636
4599,2.750000,0.113636
4600,-1.750000,0.143939
4601,-1.704545,0.143939
4602,-1.659091,0.143939
4603,-1.613636,0.143939
4604,-1.568182,0.143939
4605,-1.522727,0.143939
4606,-1.477273,0.143939
4607,-1.431818,0.143939
4608,-1.386364,0.143939
4609,-1.340909,0.143939
4610,-1.295455,0.143939
4611,-1.250000,0.143939
4612,-1.204545,0.143939
4613,-1.159091,0.143939
4614,-1.113636,0.143939
4615,-1.068182,0.143939
4616,-1.022727,0.143939
4617,-0.977273,0.143939
4618,-0.931818,0.143939
4619,-0.886364,0.143939
4620,-0.840909,0.143939
4621,-0.795455,0.143939
4622,-0.750000,0.143939
4623,-0.704545,0.143939
4624,-0.659091,0.143939
4625,-0.613636,0.143939
4626,-0.568182,0.143939
4627,-0.522727,0.143939
4628,-0.477273,0.143939
4629,-0.431818,0.143939
4630,-0.386364,0.143939
4631,-0.340909,0.143939
4632,-0.295455,0.143939
4633,-0.250000,0.143939
4634,-0.204545,0.143939
4635,-0.159091,0.143939
4636,-0.113636,0.143939
4637,-0.068182,0.143939
4638,-0.022727,0.143939
4639,0.022727,0.143939
4640,0.068182,0.143939
4641,0.113636,0.143939
4642,0.159091,0.143939
4643,0.204545,0.143939
4644,0.250000,0.143939
4645,0.295455,0.143939
4646,0.340909,0.143939
4647,0.386364,0.143939
4648,0.431818,0.143939
4649,0.477273,0.143939
4650,0.522727,0.143939
4651,0.568182,0.143939
4652,0.613636,0.143939
4653,0.659091,0.143939
4654,0.704545,0.143939
4655,0.750000,0.143939
4656,0.795455,0.143939
4657,0.840909,0.143939
4658,0.886364,0.143939
4659,0.931818,0.143939
4660,0.977273,0.143939
4661,1.022727,0.143939
4662,1.068182,0.143939
4663,1.113636,0.143939
4664,1.159091,0.143939
4665,1.204545,0.143939
4666,1.250000,0.143939
4667,1.295455,0.143939
4668,1.340909,0.143939
4669,1.386364,0.143939
4670,1.431818,0.143939
4671,1.477273,0.143939
4672,1.522727,0.143939
4673,1.568182,0.143939
4674,1.613636,0.143939
4675,1.659091,0.143939
4676,1.704545,0.143939
4677,1.750000,0.143939
4678,1.795455,0.143939
4679,1.840909,0.143939
4680,1.886364,0.143939
4681,1.931818,0.143939
4682,1.977273,0.143939
4683,2.022727,0.143939
4684,2.068182,0.143939
4685,2.113636,0.143939
4686,2.159091,0.143939
4687,2.204545,0.143939
4688,2.250000,0.143939
4689,2.295455,0.143939
4690,2.340909,0.143939
4691,2.386364,0.143939
4692,2.431818,0.143939
4693,2.477273,0.143939
4694,2.522727,0.143939
4695,2.568182,0.143939
4696,2.613636,0.143939
4697,2.659091,0.143939
4698,2.704545,0.143939
4699,2.750000,0.143939
4700,-1.750000,0.174242
4701,-1.704545,0.174242
4702,-1.659091,0.174242
4703,-1.613636,0.174242
4704,-1.568182,0.174242
4705,-1.522727,0.174242
4706,-1.477273,0.174242
4707,-1.431818,0.174242
4708,-1.386364,0.174242
4709,-1.340909,0.174242
4710,-1.295455,0.174242
4711,-1.250000,0.174242
4712,-1.204545,0.174242
4713,-1.159091,0.174242
4714,-1.113636,0.174242
4715,-1.068182,0.174242
4716,-1.022727,0.174242
4717,-0.977273,0.174242
4718,-0.931818,0.174242
4719,-0.886364,0.174242
4720,-0.840909,0.174242
4721,-0.795455,0.174242
4722,-0.750000,0.174242
4723,-0.704545,0.174242
4724,-0.659091,0.174242
4725,-0.613636,0.174242
4726,-0.568182,0.174242
4727,-0.522727,0.174242
4728,-0.477273,0.174242
4729,-0.431818,0.174242
4730,-0.386364,0.174242
4731,-0.340909,0.174242
4732,-0.295455,0.174242
4733,-0.250000,0.174242
4734,-0.204545,0.174242
4735,-0.159091,0.174242
4736,-0.113636,0.174242
4737,-0.068182,0.174242
4738,-0.022727,0.174242
4739,0.022727,0.174242
4740,0.068182,0.174242
4741,0.113636,0.174242
4742,0.159091,0.174242
4743,0.204545,0.174242
4744,0.250000,0.174242
4745,0.295455,0.174242
4746,0.340909,0.174242
4747,0.386364,0.174242
4748,0.431818,0.174242
4749,0.477273,0.174242
4750,0.522727,0.174242
4751,0.568182,0.174242
4752,0.613636,0.174242
4753,0.659091,0.174242
4754,0.704545,0.174242
4755,0.750000,0.174242
4756,0.795455,0.174242
4757,0.840909,0.174242
4758,0.886364,0.174242
4759,0.931818,0.174242
4760,0.977273,0.174242
4761,1.022727,0.174242
4762,1.068182,0.174242
4763,1.113636,0.174242
4764,1.159091,0.174242
4765,1.204545,0.174242
4766,1.250000,0.174242
4767,1.295455,0.174242
4768,1.340909,0.174242
4769,1.386364,0.174242
4770,1.431818,0.174242
4771,1.477273,0.174242
4772,1.522727,0.174242
4773,1.568182,0.174242
4774,1.613636,0.174242
4775,1.659091,0.174242
4776,1.704545,0.174242
4777,1.750000,0.174242
4778,1.795455,0.174242
4779,1.840909,0.174242
4780,1.886364,0.174242
4781,1.931818,0.174242
4782,1.977273,0.174242
4783,2.022727,0.174242
4784,2.068182,0.174242
4785,2.113636,0.174242
4786,2.159091,0.174242
4787,2.204545,0.174242
4788,2.250000,0.174242
4789,2.295455,0.174242
4790,2.340909,0.174242
4791,2.386364,0.174242
4792,2.431818,0.174242
4793,2.477273,0.174242
4794,2.522727,0.174242
4795,2.568182,0.174242
4796,2.613636,0.174242
4797,2.659091,0.174242
4798,2.704545,0.174242
4799,2.750000,0.174242
4800,-1.750000,0.204545
4801,-1.704545,0.204545
4802,-1.659091,0.204545
4803,-1.613636,0.204545
4804,-1.568182,0.204545
4805,-1.522727,0.204545
4806,-1.477273,0.204545
4807,-1.431818,0.204545
4808,-1.386364,0.204545
4809,-1.340909,0.204545
4810,-1.295455,0.204545
4811,-1.250000,0.204545
4812,-1.204545,0.204545
4813,-1.159091,0.204545
4814,-1.113636,0.204545
4815,-1.068182,0.204545
4816,-1.022727,0.204545
4817,-0.977273,0.204545
4818,-0.931818,0.204545
4819,-0.886364,0.204545
4820,-0.840909,0.204545
4821,-0.795455,0.204545
4822,-0.750000,0.204545
4823,-0.704545,0.204545
4824,-0.659091,0.204545
4825,-0.613636,0.204545
4826,-0.568182,0.204545
4827,-0.522727,0.204545
4828,-0.477273,0.204545
4829,-0.431818,0.204545
4830,-0.386364,0.204545
4831,-0.340909,0.204545
4832,-0.295455,0.204545
4833,-0.250000,0.204545
4834,-0.204545,0.204545
4835,-0.159091,0.204545
4836,-0.113636,0.204545
4837,-0.068182,0.204545
4838,-0.022727,0.204545
4839,0.022727,0.204545
4840,0.068182,0.204545
4841,0.113636,0.204545
4842,0.159091,0.204545
4843,0.204545,0.204545
4844,0.250000,0.204545
4845,0.295455,0.204545
4846,0.340909,0.204545
4847,0.386364,0.204545
4848,0.431818,0.204545
4849,0.477273,0.204545
4850,0.522727,0.204545
4851,0.568182,0.204545
4852,0.613636,0.204545
4853,0.659091,0.204545
4854,0.704545,0.204545
4855,0.750000,0.204545
4856,0.795455,0.204545
4857,0.840909,0.204545
4858,0.886364,0.204545
4859,0.931818,0.204545
4860,0.977273,0.204545
4861,1.022727,0.204545
4862,1.068182,0.204545
4863,1.113636,0.204545
4864,1.159091,0.204545
4865,1.204545,0.204545
4866,1.250000,0.204545
4867,1.295455,0.204545
4868,1.340909,0.204545
4869,1.386364,0.204545
4870,1.431818,0.204545
4871,1.477273,0.204545
4872,1.522727,0.204545
4873,1.568182,0.204545
4874,1.613636,0.204545
4875,1.659091,0.204545
4876,1.704545,0.204545
4877,1.750000,0.204545
4878,1.795455,0.204545
4879,1.840909,0.204545
4880,1.886364,0.204545
4881,1.931818,0.204545
4882,1.977273,0.204545
4883,2.022727,0.204545
4884,2.068182,0.204545
4885,2.113636,0.204545
4886,2.159091,0.204545
4887,2.204545,0.204545
4888,2.250000,0.204545
4889,2.295455,0.204545
4890,2.340909,0.204545
4891,2.386364,0.204545
4892,2.431818,0.204545
4893,2.477273,0.204545
4894,2.522727,0.204545
4895,2.568182,0.204545
4896,2.613636,0.204545
4897,2.659091,0.204545
4898,2.704545,0.204545
4899,2.750000,0.204545
4900,-1.750000,0.234848
4901,-1.704545,0.234848
4902,-1.659091,0.234848
4903,-1.613636,0.234848
4904,-1.568182,0.234848
4905,-1.522727,0.234848
4906,-1.477273,0.234848
4907,-1.431818,0.234848
4908,-1.386364,0.234848
4909,-1.340909,0.234848
4910,-1.295455,0.234848
4911,-1.250000,0.234848
4912,-1.204545,0.234848
4913,-1.159091,0.234848
4914,-1.113636,0.234848
4915,-1.068182,0.234848
4916,-1.022727,0.234848
4917,-0.977273,0.234848
4918,-0.931818,0.234848
4919,-0.886364,0.234848
4920,-0.840909,0.234848
4921,-0.795455,0.234848
4922,-0.750000,0.234848
4923,-0.704545,0.234848
4924,-0.659091,0.234848
4925,-0.613636,0.234848
4926,-0.568182,0.234848
4927,-0.522727,0.234848
4928,-0.477273,0.234848
4929,-0.431818,0.234848
4930,-0.386364,0.234848
4931,-0.340909,0.234848
4932,-0.295455,0.234848
4933,-0.250000,0.234848
4934,-0.204545,0.234848
4935,-0.159091,0.234848
4936,-0.113636,0.234848
4937,-0.068182,0.234848
4938,-0.022727,0.234848
4939,0.022727,0.234848
4940,0.068182,0.234848
4941,0.113636,0.234848
4942,0.159091,0.234848
4943,0.204545,0.234848
4944,0.250000,0.234848
4945,0.295455,0.234848
4946,0.340909,0.234848
4947,0.386364,0.234848
4948,0.431818,0.234848
4949,0.477273,0.234848
4950,0.522727,0.234848
4951,0.568182,0.234848
4952,0.613636,0.234848
4953,0.659091,0.234848
4954,0.704545,0.234848
4955,0.750000,0.234848
4956,0.795455,0.234848
4957,0.840909,0.234848
4958,0.886364,0.234848
4959,0.931818,0.234848
4960,0.977273,0.234848
4961,1.022727,0.234848
4962,1.068182,0.234848
4963,1.113636,0.234848
4964,1.159091,0.234848
4965,1.204545,0.234848
4966,1.250000,0.234848
4967,1.295455,0.234848
4968,1.340909,0.234848
4969,1.386364,0.234848
4970,1.431818,0.234848
4971,1.477273,0.234848
4972,1.522727,0.234848
4973,1.568182,0.234848
4974,1.613636,0.234848
4975,1.659091,0.234848
4976,1.704545,0.234848
4977,1.750000,0.234848
4978,1.795455,0.234848
4979,1.840909,0.234848
4980,1.886364,0.234848
4981,1.931818,0.234848
4982,1.977273,0.234848
4983,2.022727,0.234848
4984,2.068182,0.234848
4985,2.113636,0.234848
4986,2.159091,0.234848
4987,2.204545,0.234848
4988,2.250000,0.234848
4989,2.295455,0.234848
4990,2.340909,0.234848
4991,2.386364,0.234848
4992,2.431818,0.234848
4993,2.477273,0.234848
4994,2.522727,0.234848
4995,2.568182,0.234848
4996,2.613636,0.234848
4997,2.659091,0.234848
4998,2.704545,0.234848
4999,2.750000,0.234848
5000,-1.750000,0.265152
5001,-1.704545,0.265152
5002,-1.659091,0.265152
5003,-1.613636,0.265152
5004,-1.568182,0.265152
5005,-1.522727,0.265152
5006,-1.477273,0.265152
5007,-1.431818,0.265152
5008,-1.386364,0.265152
5009,-1.340909,0.265152
5010,-1.295455,0.265152
5011,-1.250000,0.265152
5012,-1.204545,0.265152
5013,-1.159091,0.265152
5014,-1.113636,0.265152
5015,-1.068182,0.265152
5016,-1.022727,0.265152
5017,-0.977273,0.265152
5018,-0.931818,0.265152
5019,-0.886364,0.265152
5020,-0.840909,0.265152
5021,-0.795455,0.265152
5022,-0.750000,0.265152
5023,-0.704545,0.265152
5024,-0.659091,0.265152
5025,-0.613636,0.265152
5026,-0.568182,0.265152
5027,-0.522727,0.265152
5028,-0.477273,0.265152
5029,-0.431818,0.265152
5030,-0.386364,0.265152
5031,-0.340909,0.265152
5032,-0.295455,0.265152
5033,-0.250000,0.265152
5034,-0.204545,0.265152
5035,-0.159091,0.265152
5036,-0.113636,0.265152
5037,-0.068182,0.265152
5038,-0.022727,0.265152
5039,0.022727,0.265152
5040,0.068182,0.265152
5041,0.113636,0.265152
5042,0.159091,0.265152
5043,0.204545,0.265152
5044,0.250000,0.265152
5045,0.295455,0.265152
5046,0.340909,0.265152
5047,0.386364,0.265152
5048,0.431818,0.265152
5049,0.477273,0.265152
5050,0.522727,0.265152
5051,0.568182,0.265152
5052,0.613636,0.265152
5053,0.659091,0.265152
5054,0.704545,0.265152
5055,0.750000,0.265152
5056,0.795455,0.265152
5057,0.840909,0.265152
5058,0.886364,0.265152
5059,0.931818,0.265152
5060,0.977273,0.265152
5061,1.022727,0.265152
5062,1.068182,0.265152
5063,1.113636,0.265152
5064,1.159091,0.265152
5065,1.204545,0.265152
5066,1.250000,0.265152
5067,1.295455,0.265152
5068,1.340909,0.265152
5069,1.386364,0.265152
5070,1.431818,0.265152
5071,1.477273,0.265152
5072,1.522727,0.265152
5073,1.568182,0.265152
5074,1.613636,0.265152
5075,1.659091,0.265152
5076,1.704545,0.265152
5077,1.750000,0.265152
5078,1.795455,0.265152
5079,1.840909,0.265152
5080,1.886364,0.265152
5081,1.931818,0.265152
5082,1.977273,0.265152
5083,2.022727,0.265152
5084,2.068182,0.265152
5085,2.113636,0.265152
5086,2.159091,0.265152
5087,2.204545,0.265152
5088,2.250000,0.265152
5089,2.295455,0.265152
5090,2.340909,0.265152
5091,2.386364,0.265152
5092,2.431818,0.265152
5093,2.477273,0.265152
5094,2.522727,0.265152
5095,2.568182,0.265152
5096,2.613636,0.265152
5097,2.659091,0.265152
5098,2.704545,0.265152
5099,2.750000,0.265152
5100,-1.750000,0.295455
5101,-1.704545,0.295455
5102,-1.659091,0.295455
5103,-1.613636,0.295455
5104,-1.568182,0.295455
5105,-1.522727,0.295455
5106,-1.477273,0.295455
5107,-1.431818,0.295455
5108,-1.386364,0.295455
5109,-1.340909,0.295455
5110,-1.295455,0.295455
5111,-1.250000,0.295455
5112,-1.204545,0.295455
5113,-1.159091,0.295455
5114,-1.113636,0.295455
5115,-1.068182,0.295455
5116,-1.022727,0.295455
5117,-0.977273,0.295455
5118,-0.931818,0.295455
5119,-0.886364,0.295455
5120,-0.840909,0.295455
5121,-0.795455,0.295455
5122,-0.750000,0.295455
5123,-0.704545,0.295455
5124,-0.659091,0.295455
5125,-0.613636,0.295455
5126,-0.568182,0.295455
5127,-0.522727,0.295455
5128,-0.477273,0.295455
5129,-0.431818,0.295455
5130,-0.386364,0.295455
5131,-0.340909,0.295455
5132,-0.295455,0.295455
5133,-0.250000,0.295455
5134,-0.204545,0.295455
5135,-0.159091,0.295455
5136,-0.113636,0.295455
5137,-0.068182,0.295455
5138,-0.022727,0.295455
5139,0.022727,0.295455
5140,0.068182,0.295455
5141,0.113636,0.295455
5142,0.159091,0.295455
5143,0.204545,0.295455
5144,0.250000,0.295455
5145,0.295455,0.295455
5146,0.340909,0.295455
5147,0.386364,0.295455
5148,0.431818,0.295455
5149,0.477273,0.295455
5150,0.522727,0.295455
5151,0.568182,0.295455
5152,0.613636,0.295455
5153,0.659091,0.295455
5154,0.704545,0.295455
5155,0.750000,0.295455
5156,0.795455,0.295455
5157,0.840909,0.295455
5158,0.886364,0.295455
5159,0.931818,0.295455
5160,0.977273,0.295455
5161,1.022727,0.295455
5162,1.068182,0.295455
5163,1.113636,0.295455
5164,1.159091,0.295455
5165,1.204545,0.295455
5166,1.250000,0.295455
5167,1.295455,0.295455
5168,1.340909,0.295455
5169,1.386364,0.295455
5170,1.431818,0.295455
5171,1.477273,0.295455
5172,1.522727,0.295455
5173,1.568182,0.295455
5174,1.613636,0.295455
5175,1.659091,0.295455
5176,1.704545,0.295455
5177,1.750000,0.295455
5178,1.795455,0.295455
5179,1.840909,0.295455
5180,1.886364,0.295455
5181,1.931818,0.295455
5182,1.977273,0.295455
5183,2.022727,0.295455
5184,2.068182,0.295455
5185,2.113636,0.295455
5186,2.159091,0.295455
5187,2.204545,0.295455
5188,2.250000,0.295455
5189,2.295455,0.295455
5190,2.340909,0.295455
5191,2.386364,0.295455
5192,2.431818,0.295455
5193,2.477273,0.295455
5194,2.522727,0.295455
5195,2.568182,0.295455
5196,2.613636,0.295455
5197,2.659091,0.295455
5198,2.704545,0.295455
5199,2.750000,0.295455
5200,-1.750000,0.325758
5201,-1.704545,0.325758
5202,-1.659091,0.325758
5203,-1.613636,0.325758
5204,-1.568182,0.325758
5205,-1.522727,0.325758
5206,-1.477273,0.325758
5207,-1.431818,0.325758
5208,-1.386364,0.325758
5209,-1.340909,0.325758
5210,-1.295455,0.325758
5211,-1.250000,0.325758
5212,-1.204545,0.325758
5213,-1.159091,0.325758
5214,-1.113636,0.325758
5215,-1.068182,0.325758
5216,-1.022727,0.325758
5217,-0.977273,0.325758
5218,-0.931818,0.325758
5219,-0.886364,0.325758
5220,-0.840909,0.325758
5221,-0.795455,0.325758
5222,-0.750000,0.325758
5223,-0.704545,0.325758
5224,-0.659091,0.325758
5225,-0.613636,0.325758
5226,-0.568182,0.325758
5227,-0.522727,0.325758
5228,-0.477273,0.325758
5229,-0.431818,0.325758
5230,-0.386364,0.325758
5231,-0.340909,0.325758
5232,-0.295455,0.325758
5233,-0.250000,0.325758
5234,-0.204545,0.325758
5235,-0.159091,0.325758
5236,-0.113636,0.325758
5237,-0.068182,0.325758
5238,-0.022727,0.325758
5239,0.022727,0.325758
5240,0.068182,0.325758
5241,0.113636,0.325758
5242,0.159091,0.325758
5243,0.204545,0.325758
5244,0.250000,0.325758
5245,0.295455,0.325758
5246,0.340909,0.325758
5247,0.386364,0.325758
5248,0.431818,0.325758
5249,0.477273,0.325758
5250,0.522727,0.325758
5251,0.568182,0.325758
5252,0.613636,0.325758
5253,0.659091,0.325758
5254,0.704545,0.325758
5255,0.750000,0.325758
5256,0.795455,0.325758
5257,0.840909,0.325758
5258,0.886364,0.325758
5259,0.931818,0.325758
5260,0.977273,0.325758
5261,1.022727,0.325758
5262,1.068182,0.325758
5263,1.113636,0.325758
5264,1.159091,0.325758
5265,1.204545,0.325758
5266,1.250000,0.325758
5267,1.295455,0.325758
5268,1.340909,0.325758
5269,1.386364,0.325758
5270,1.431818,0.325758
5271,1.477273,0.325758
5272,1.522727,0.325758
5273,1.568182,0.325758
5274,1.613636,0.325758
5275,1.659091,0.325758
5276,1.704545,0.325758
5277,1.750000,0.325758
5278,1.795455,0.325758
5279,1.840909,0.325758
5280,1.886364,0.325758
5281,1.931818,0.325758
5282,1.977273,0.325758
5283,2.022727,0.325758
5284,2.068182,0.325758
5285,2.113636,0.325758
5286,2.159091,0.325758
5287,2.204545,0.325758
5288,2.250000,0.325758
5289,2.295455,0.325758
5290,2.340909,0.325758
5291,2.386364,0.325758
5292,2.431818,0.325758
5293,2.477273,0.325758
5294,2.522727,0.325758
5295,2.568182,0.325758
5296,2.613636,0.325758
5297,2.659091,0.325758
5298,2.704545,0.325758
5299,2.750000,0.325758
5300,-1.750000,0.356061
5301,-1.704545,0.356061
5302,-1.659091,0.356061
5303,-1.613636,0.356061
5304,-1.568182,0.356061
5305,-1.522727,0.356061
5306,-1.477273,0.356061
5307,-1.431818,0.356061
5308,-1.386364,0.356061
5309,-1.340909,0.356061
5310,-1.295455,0.356061
5311,-1.250000,0.356061
5312,-1.204545,0.356061
5313,-1.159091,0.356061
5314,-1.113636,0.356061
5315,-1.068182,0.356061
5316,-1.022727,0.356061
5317,-0.977273,0.356061
5318,-0.931818,0.356061
5319,-0.886364,0.356061
5320,-0.840909,0.356061
5321,-0.795455,0.356061
5322,-0.750000,0.356061
5323,-0.704545,0.356061
5324,-0.659091,0.356061
5325,-0.613636,0.356061
5326,-0.568182,0.356061
5327,-0.522727,0.356061
5328,-0.477273,0.356061
5329,-0.431818,0.356061
5330,-0.386364,0.356061
5331,-0.340909,0.356061
5332,-0.295455,0.356061
5333,-0.250000,0.356061
5334,-0.204545,0.356061
5335,-0.159091,0.356061
5336,-0.113636,0.356061
5337,-0.068182,0.356061
5338,-0.022727,0.356061
5339,0.022727,0.356061
5340,0.068182,0.356061
5341,0.113636,0.356061
5342,0.159091,0.356061
5343,0.204545,0.356061
5344,0.250000,0.356061
5345,0.295455,0.356061
5346,0.340909,0.356061
5347,0.386364,0.356061
5348,0.431818,0.356061
5349,0.477273,0.356061
5350,0.522727,0.356061
5351,0.568182,0.356061
5352,0.613636,0.356061
5353,0.659091,0.356061
5354,0.704545,0.356061
5355,0.750000,0.356061
5356,0.795455,0.356061
5357,0.840909,0.356061
5358,0.886364,0.356061
5359,0.931818,0.356061
5360,0.977273,0.356061
5361,1.022727,0.356061
5362,1.068182,0.356061
5363,1.113636,0.356061
5364,1.159091,0.356061
5365,1.204545,0.356061
5366,1.250000,0.356061
5367,1.295455,0.356061
5368,1.340909,0.356061
5369,1.386364,0.356061
5370,1.431818,0.356061
5371,1.477273,0.356061
5372,1.522727,0.356061
5373,1.568182,0.356061
5374,1.613636,0.356061
5375,1.659091,0.356061
5376,1.704545,0.356061
5377,1.750000,0.356061
5378,1.795455,0.356061
5379,1.840909,0.356061
5380,1.886364,0.356061
5381,1.931818,0.356061
5382,1.977273,0.356061
5383,2.022727,0.356061
5384,2.068182,0.356061
5385,2.113636,0.356061
5386,2.159091,0.356061
5387,2.204545,0.356061
5388,2.250000,0.356061
5389,2.295455,0.356061
5390,2.340909,0.356061
5391,2.386364,0.356061
5392,2.431818,0.356061
5393,2.477273,0.356061
5394,2.522727,0.356061
5395,2.568182,0.356061
5396,2.613636,0.356061
5397,2.659091,0.356061
5398,2.704545,0.356061
5399,2.750000,0.356061
5400,-1.750000,0.386364
5401,-1.704545,0.386364
5402,-1.659091,0.386364
5403,-1.613636,0.386364
5404,-1.568182,0.386364
5405,-1.522727,0.386364
5406,-1.477273,0.386364
5407,-1.431818,0.386364
5408,-1.386364,0.386364
5409,-1.340909,0.386364
5410,-1.295455,0.386364
5411,-1.250000,0.386364
5412,-1.204545,0.386364
5413,-1.159091,0.386364
5414,-1.113636,0.386364
5415,-1.068182,0.386364
5416,-1.022727,0.386364
5417,-0.977273,0.386364
5418,-0.931818,0.386364
5419,-0.886364,0.386364
5420,-0.840909,0.386364
5421,-0.795455,0.386364
5422,-0.750000,0.386364
5423,-0.704545,0.386364
5424,-0.659091,0.386364
5425,-0.613636,0.386364
5426,-0.568182,0.386364
5427,-0.522727,0.386364
5428,-0.477273,0.386364
5429,-0.431818,0.386364
5430,-0.386364,0.386364
5431,-0.340909,0.386364
5432,-0.295455,0.386364
5433,-0.250000,0.386364
5434,-0.204545,0.386364
5435,-0.159091,0.386364
5436,-0.113636,0.386364
5437,-0.068182,0.386364
5438,-0.022727,0.386364
5439,0.022727,0.386364
5440,0.068182,0.386364
5441,0.113636,0.386364
5442,0.159091,0.386364
5443,0.204545,0.386364
5444,0.250000,0.386364
5445,0.295455,0.386364
5446,0.340909,0.386364
5447,0.386364,0.386364
5448,0.431818,0.386364
5449,0.477273,0.386364
5450,0.522727,0.386364
5451,0.568182,0.386364
5452,0.613636,0.386364
5453,0.659091,0.386364
5454,0.704545,0.386364
5455,0.750000,0.386364
5456,0.795455,0.386364
5457,0.840909,0.386364
5458,0.886364,0.386364
5459,0.931818,0.386364
5460,0.977273,0.386364
5461,1.022727,0.386364
5462,1.068182,0.386364
5463,1.113636,0.386364
5464,1.159091,0.386364
5465,1.204545,0.386364
5466,1.250000,0.386364
5467,1.295455,0.386364
5468,1.340909,0.386364
5469,1.386364,0.386364
5470,1.431818,0.386364
5471,1.477273,0.386364
5472,1.522727,0.386364
5473,1.568182,0.386364
5474,1.613636,0.386364
5475,1.659091,0.386364
5476,1.704545,0.386364
5477,1.750000,0.386364
5478,1.795455,0.386364
5479,1.840909,0.386364
5480,1.886364,0.386364
5481,1.931818,0.386364
5482,1.977273,0.386364
5483,2.022727,0.386364
5484,2.068182,0.386364
5485,2.113636,0.386364
5486,2.159091,0.386364
5487,2.204545,0.386364
5488,2.250000,0.386364
5489,2.295455,0.386364
5490,2.340909,0.386364
5491,2.386364,0.386364
5492,2.431818,0.386364
5493,2.477273,0.386364
5494,2.522727,0.386364
5495,2.568182,0.386364
5496,2.613636,0.386364
5497,2.659091,0.386364
5498,2.704545,0.386364
5499,2.750000,0.386364
5500,-1.750000,0.416667
5501,-1.704545,0.416667
5502,-1.659091,0.416667
5503,-1.613636,0.416667
5504,-1.568182,0.416667
5505,-1.522727,0.416667
5506,-1.477273,0.416667
5507,-1.431818,0.416667
5508,-1.386364,0.416667
5509,-1.340909,0.416667
5510,-1.295455,0.416667
5511,-1.250000,0.416667
5512,-1.204545,0.416667
5513,-1.159091,0.416667
5514,-1.113636,0.416667
5515,-1.068182,0.416667
5516,-1.022727,0.416667
5517,-0.977273,0.416667
5518,-0.931818,0.416667
5519,-0.886364,0.416667
5520,-0.840909,0.416667
5521,-0.795455,0.416667
5522,-0.750000,0.416667
5523,-0.704545,0.416667
5524,-0.659091,0.416667
5525,-0.613636,0.416667
5526,-0.568182,0.416667
5527,-0.522727,0.416667
5528,-0.477273,0.416667
5529,-0.431818,0.416667
5530,-0.386364,0.416667
5531,-0.340909,0.416667
5532,-0.295455,0.416667
5533,-0.250000,0.416667
5534,-0.204545,0.416667
5535,-0.159091,0.416667
5536,-0.113636,0.416667
5537,-0.068182,0.416667
5538,-0.022727,0.416667
5539,0.022727,0.416667
5540,0.068182,0.416667
5541,0.113636,0.416667
5542,0.159091,0.416667
5543,0.204545,0.416667
5544,0.250000,0.416667
5545,0.295455,0.416667
5546,0.340909,0.416667
5547,0.386364,0.416667
5548,0.431818,0.416667
5549,0.477273,0.416667
5550,0.522727,0.416667
5551,0.568182,0.416667
5552,0.613636,0.416667
5553,0.659091,0.416667
5554,0.704545,0.416667
5555,0.750000,0.416667
5556,0.795455,0.416667
5557,0.840909,0.416667
5558,0.886364,0.416667
5559,0.931818,0.416667
5560,0.977273,0.416667
5561,1.022727,0.416667
5562,1.068182,0.416667
5563,1.113636,0.416667
5564,1.159091,0.416667
5565,1.204545,0.416667
5566,1.250000,0.416667
5567,1.295455,0.416667
5568,1.340909,0.416667
5569,1.386364,0.416667
5570,1.431818,0.416667
5571,1.477273,0.416667
5572,1.522727,0.416667
5573,1.568182,0.416667
5574,1.613636,0.416667
5575,1.659091,0.416667
5576,1.704545,0.416667
5577,1.750000,0.416667
5578,1.795455,0.416667
5579,1.840909,0.416667
5580,1.886364,0.416667
5581,1.931818,0.416667
5582,1.977273,0.416667
5583,2.022727,0.416667
5584,2.068182,0.416667
5585,2.113636,0.416667
5586,2.159091,0.416667
5587,2.204545,0.416667
5588,2.250000,0.416667
5589,2.295455,0.416667
5590,2.340909,0.416667
5591,2.386364,0.416667
5592,2.431818,0.416667
5593,2.477273,0.416667
5594,2.522727,0.416667
5595,2.568182,0.416667
5596,2.613636,0.416667
5597,2.659091,0.416667
5598,2.704545,0.416667
5599,2.750000,0.416667
5600,-1.750000,0.446970
5601,-1.704545,0.446970
5602,-1.659091,0.446970
5603,-1.613636,0.446970
5604,-1.568182,0.446970
5605,-1.522727,0.446970
5606,-1.477273,0.446970
5607,-1.431818,0.446970
5608,-1.386364,0.446970
5609,-1.340909,0.446970
5610,-1.295455,0.446970
5611,-1.250000,0.446970
5612,-1.204545,0.446970
5613,-1.159091,0.446970
5614,-1.113636,0.446970
5615,-1.068182,0.446970
5616,-1.022727,0.446970
5617,-0.977273,0.446970
5618,-0.931818,0.446970
5619,-0.886364,0.446970
5620,-0.840909,0.446970
5621,-0.795455,0.446970
5622,-0.750000,0.446970
5623,-0.704545,0.446970
5624,-0.659091,0.446970
5625,-0.613636,0.446970
5626,-0.568182,0.446970
5627,-0.522727,0.446970
5628,-0.477273,0.446970
5629,-0.431818,0.446970
5630,-0.386364,0.446970
5631,-0.340909,0.446970
5632,-0.295455,0.446970
5633,-0.250000,0.446970
5634,-0.204545,0.446970
5635,-0.159091,0.446970
5636,-0.113636,0.446970
5637,-0.068182,0.446970
5638,-0.022727,0.446970
5639,0.022727,0.446970
5640,0.068182,0.446970
5641,0.113636,0.446970
5642,0.159091,0.446970
5643,0.204545,0.446970
5644,0.250000,0.446970
5645,0.295455,0.446970
5646,0.340909,0.446970
5647,0.386364,0.446970
5648,0.431818,0.446970
5649,0.477273,0.446970
5650,0.522727,0.446970
5651,0.568182,0.446970
5652,0.613636,0.446970
5653,0.659091,0.446970
5654,0.704545,0.446970
5655,0.750000,0.446970
5656,0.795455,0.446970
5657,0.840909,0.446970
5658,0.886364,0.446970
5659,0.931818,0.446970
5660,0.977273,0.446970
5661,1.022727,0.446970
5662,1.068182,0.446970
5663,1.113636,0.446970
5664,1.159091,0.446970
5665,1.204545,0.446970
5666,1.250000,0.446970
5667,1.295455,0.446970
5668,1.340909,0.446970
5669,1.386364,0.446970
5670,1.431818,0.446970
5671,1.477273,0.446970
5672,1.522727,0.446970
5673,1.568182,0.446970
5674,1.613636,0.446970
5675,1.659091,0.446970
5676,1.704545,0.446970
5677,1.750000,0.446970
5678,1.795455,0.446970
5679,1.840909,0.446970
5680,1.886364,0.446970
5681,1.931818,0.446970
5682,1.977273,0.446970
5683,2.022727,0.446970
5684,2.068182,0.446970
5685,2.113636,0.446970
5686,2.159091,0.446970
5687,2.204545,0.446970
5688,2.250000,0.446970
5689,2.295455,0.446970
5690,2.340909,0.446970
5691,2.386364,0.446970
5692,2.431818,0.446970
5693,2.477273,0.446970
5694,2.522727,0.446970
5695,2.568182,0.446970
5696,2.613636,0.446970
5697,2.659091,0.446970
5698,2.704545,0.446970
5699,2.750000,0.446970
5700,-1.750000,0.477273
5701,-1.704545,0.477273
5702,-1.659091,0.477273
5703,-1.613636,0.477273
5704,-1.568182,0.477273
5705,-1.522727,0.477273
5706,-1.477273,0.477273
5707,-1.431818,0.477273
5708,-1.386364,0.477273
5709,-1.340909,0.477273
5710,-1.295455,0.477273
5711,-1.250000,0.477273
5712,-1.204545,0.477273
5713,-1.159091,0.477273
5714,-1.113636,0.477273
5715,-1.068182,0.477273
5716,-1.022727,0.477273
5717,-0.977273,0.477273
5718,-0.931818,0.477273
5719,-0.886364,0.477273
5720,-0.840909,0.477273
5721,-0.795455,0.477273
5722,-0.750000,0.477273
5723,-0.704545,0.477273
5724,-0.659091,0.477273
5725,-0.613636,0.477273
5726,-0.568182,0.477273
5727,-0.522727,0.477273
5728,-0.477273,0.477273
5729,-0.431818,0.477273
5730,-0.386364,0.477273
5731,-0.340909,0.477273
5732,-0.295455,0.477273
5733,-0.250000,0.477273
5734,-0.204545,0.477273
5735,-0.159091,0.477273
5736,-0.113636,0.477273
5737,-0.068182,0.477273
5738,-0.022727,0.477273
5739,0.022727,0.477273
5740,0.068182,0.477273
5741,0.113636,0.477273
5742,0.159091,0.477273
5743,0.204545,0.477273
5744,0.250000,0.477273
5745,0.295455,0.477273
5746,0.340909,0.477273
5747,0.386364,0.477273
5748,0.431818,0.477273
5749,0.477273,0.477273
5750,0.522727,0.477273
5751,0.568182,0.477273
5752,0.613636,0.477273
5753,0.659091,0.477273
5754,0.704545,0.477273
5755,0.750000,0.477273
5756,0.795455,0.477273
5757,0.840909,0.477273
5758,0.886364,0.477273
5759,0.931818,0.477273
5760,0.977273,0.477273
5761,1.022727,0.477273
5762,1.068182,0.477273
5763,1.113636,0.477273
5764,1.159091,0.477273
5765,1.204545,0.477273
5766,1.250000,0.477273
5767,1.295455,0.477273
5768,1.340909,0.477273
5769,1.386364,0.477273
5770,1.431818,0.477273
5771,1.477273,0.477273
5772,1.522727,0.477273
5773,1.568182,0.477273
5774,1.613636,0.477273
5775,1.659091,0.477273
5776,1.704545,0.477273
5777,1.750000,0.477273
5778,1.795455,0.477273
5779,1.840909,0.477273
5780,1.886364,0.477273
5781,1.931818,0.477273
5782,1.977273,0.477273
5783,2.022727,0.477273
5784,2.068182,0.477273
5785,2.113636,0.477273
5786,2.159091,0.477273
5787,2.204545,0.477273
5788,2.250000,0.477273
5789,2.295455,0.477273
5790,2.340909,0.477273
5791,2.386364,0.477273
5792,2.431818,0.477273
5793,2.477273,0.477273
5794,2.522727,0.477273
5795,2.568182,0.477273
5796,2.613636,0.477273
5797,2.659091,0.477273
5798,2.704545,0.477273
5799,2.750000,0.477273
5800,-1.750000,0.507576
5801,-1.704545,0.507576
5802,-1.659091,0.507576
5803,-1.613636,0.507576
5804,-1.568182,0.507576
5805,-1.522727,0.507576
5806,-1.477273,0.507576
5807,-1.431818,0.507576
5808,-1.386364,0.507576
5809,-1.340909,0.507576
5810,-1.295455,0.507576
5811,-1.250000,0.507576
5812,-1.204545,0.507576
5813,-1.159091,0.507576
5814,-1.113636,0.507576
5815,-1.068182,0.507576
5816,-1.022727,0.507576
5817,-0.977273,0.507576
5818,-0.931818,0.507576
5819,-0.886364,0.507576
5820,-0.840909,0.507576
5821,-0.795455,0.507576
5822,-0.750000,0.507576
5823,-0.704545,0.507576
5824,-0.659091,0.507576
5825,-0.613636,0.507576
5826,-0.568182,0.507576
5827,-0.522727,0.507576
5828,-0.477273,0.507576
5829,-0.431818,0.507576
5830,-0.386364,0.507576
5831,-0.340909,0.507576
5832,-0.295455,0.507576
5833,-0.250000,0.507576
5834,-0.204545,0.507576
5835,-0.159091,0.507576
5836,-0.113636,0.507576
5837,-0.068182,0.507576
5838,-0.022727,0.507576
5839,0.022727,0.507576
5840,0.068182,0.507576
5841,0.113636,0.507576
5842,0.159091,0.507576
5843,0.204545,0.507576
5844,0.250000,0.507576
5845,0.295455,0.507576
5846,0.340909,0.507576
5847,0.386364,0.507576
5848,0.431818,0.507576
5849,0.477273,0.507576
5850,0.522727,0.507576
5851,0.568182,0.507576
5852,0.613636,0.507576
5853,0.659091,0.507576
5854,0.704545,0.507576
5855,0.750000,0.507576
5856,0.795455,0.507576
5857,0.840909,0.507576
5858,0.886364,0.507576
5859,0.931818,0.507576
5860,0.977273,0.507576
5861,1.022727,0.507576
5862,1.068182,0.507576
5863,1.113636,0.507576
5864,1.159091,0.507576
5865,1.204545,0.507576
5866,1.250000,0.507576
5867,1.295455,0.507576
5868,1.340909,0.507576
5869,1.386364,0.507576
5870,1.431818,0.507576
5871,1.477273,0.507576
5872,1.522727,0.507576
5873,1.568182,0.507576
5874,1.613636,0.507576
5875,1.659091,0.507576
5876,1.704545,0.507576
5877,1.750000,0.507576
5878,1.795455,0.507576
5879,1.840909,0.507576
5880,1.886364,0.507576
5881,1.931818,0.507576
5882,1.977273,0.507576
5883,2.022727,0.507576
5884,2.068182,0.507576
5885,2.113636,0.507576
5886,2.159091,0.507576
5887,2.204545,0.507576
5888,2.250000,0.507576
5889,2.295455,0.507576
5890,2.340909,0.507576
5891,2.386364,0.507576
5892,2.431818,0.507576
5893,2.477273,0.507576
5894,2.522727,0.507576
5895,2.568182,0.507576
5896,2.613636,0.507576
5897,2.659091,0.507576
5898,2.704545,0.507576
5899,2.750000,0.507576
5900,-1.750000,0.537879
5901,-1.704545,0.537879
5902,-1.659091,0.537879
5903,-1.613636,0.537879
5904,-1.568182,0.537879
5905,-1.522727,0.537879
5906,-1.477273,0.537879
5907,-1.431818,0.537879
5908,-1.386364,0.537879
5909,-1.340909,0.537879
5910,-1.295455,0.537879
5911,-1.250000,0.537879
5912,-1.204545,0.537879
5913,-1.159091,0.537879
5914,-1.113636,0.537879
5915,-1.068182,0.537879
5916,-1.022727,0.537879
5917,-0.977273,0.537879
5918,-0.931818,0.537879
5919,-0.886364,0.537879
5920,-0.840909,0.537879
5921,-0.795455,0.537879
5922,-0.750000,0.537879
5923,-0.704545,0.537879
5924,-0.659091,0.537879
5925,-0.613636,0.537879
5926,-0.568182,0.537879
5927,-0.522727,0.537879
5928,-0.477273,0.537879
5929,-0.431818,0.537879
5930,-0.386364,0.537879
5931,-0.340909,0.537879
5932,-0.295455,0.537879
5933,-0.250000,0.537879
5934,-0.204545,0.537879
5935,-0.159091,0.537879
5936,-0.113636,0.537879
5937,-0.068182,0.537879
5938,-0.022727,0.537879
5939,0.022727,0.537879
5940,0.068182,0.537879
5941,0.113636,0.537879
5942,0.159091,0.537879
5943,0.204545,0.537879
5944,0.250000,0.537879
5945,0.295455,0.537879
5946,0.340909,0.537879
5947,0.386364,0.537879
5948,0.431818,0.537879
5949,0.477273,0.537879
5950,0.522727,0.537879
5951,0.568182,0.537879
5952,0.613636,0.537879
5953,0.659091,0.537879
5954,0.704545,0.537879
5955,0.750000,0.537879
5956,0.795455,0.537879
5957,0.840909,0.537879
5958,0.886364,0.537879
5959,0.931818,0.537879
5960,0.977273,0.537879
5961,1.022727,0.537879
5962,1.068182,0.537879
5963,1.113636,0.537879
5964,1.159091,0.537879
5965,1.204545,0.537879
5966,1.250000,0.537879
5967,1.295455,0.537879
5968,1.340909,0.537879
5969,1.386364,0.537879
5970,1.431818,0.537879
5971,1.477273,0.537879
5972,1.522727,0.537879
5973,1.568182,0.537879
5974,1.613636,0.537879
5975,1.659091,0.537879
5976,1.704545,0.537879
5977,1.750000,0.537879
5978,1.795455,0.537879
5979,1.840909,0.537879
5980,1.886364,0.537879
5981,1.931818,0.537879
5982,1.977273,0.537879
5983,2.022727,0.537879
5984,2.068182,0.537879
5985,2.113636,0.537879
5986,2.159091,0.537879
5987,2.204545,0.537879
5988,2.250000,0.537879
5989,2.295455,0.537879
5990,2.340909,0.537879
5991,2.386364,0.537879
5992,2.431818,0.537879
5993,2.477273,0.537879
5994,2.522727,0.537879
5995,2.568182,0.537879
5996,2.613636,0.537879
5997,2.659091,0.537879
5998,2.704545,0.537879
5999,2.750000,0.537879
6000,-1.750000,0.568182
6001,-1.704545,0.568182
6002,-1.659091,0.568182
6003,-1.613636,0.568182
6004,-1.568182,0.568182
6005,-1.522727,0.568182
6006,-1.477273,0.568182
6007,-1.431818,0.568182
6008,-1.386364,0.568182
6009,-1.340909,0.568182
6010,-1.295455,0.568182
6011,-1.250000,0.568182
6012,-1.204545,0.568182
6013,-1.159091,0.568182
6014,-1.113636,0.568182
6015,-1.068182,0.568182
6016,-1.022727,0.568182
6017,-0.977273,0.568182
6018,-0.931818,0.568182
6019,-0.886364,0.568182
6020,-0.840909,0.568182
6021,-0.795455,0.568182
6022,-0.750000,0.568182
6023,-0.704545,0.568182
6024,-0.659091,0.568182
6025,-0.613636,0.568182
6026,-0.568182,0.568182
6027,-0.522727,0.568182
6028,-0.477273,0.568182
6029,-0.431818,0.568182
6030,-0.386364,0.568182
6031,-0.340909,0.568182
6032,-0.295455,0.568182
6033,-0.250000,0.568182
6034,-0.204545,0.568182
6035,-0.159091,0.568182
6036,-0.113636,0.568182
6037,-0.068182,0.568182
6038,-0.022727,0.568182
6039,0.022727,0.568182
6040,0.068182,0.568182
6041,0.113636,0.568182
6042,0.159091,0.568182
6043,0.204545,0.568182
6044,0.250000,0.568182
6045,0.295455,0.568182
6046,0.340909,0.568182
6047,0.386364,0.568182
6048,0.431818,0.568182
6049,0.477273,0.568182
6050,0.522727,0.568182
6051,0.568182,0.568182
6052,0.613636,0.568182
6053,0.659091,0.568182
6054,0.704545,0.568182
6055,0.750000,0.568182
6056,0.795455,0.568182
6057,0.840909,0.568182
6058,0.886364,0.568182
6059,0.931818,0.568182
6060,0.977273,0.568182
6061,1.022727,0.568182
6062,1.068182,0.568182
6063,1.113636,0.568182
6064,1.159091,0.568182
6065,1.204545,0.568182
6066,1.250000,0.568182
6067,1.295455,0.568182
6068,1.340909,0.568182
6069,1.386364,0.568182
6070,1.431818,0.568182
6071,1.477273,0.568182
6072,1.522727,0.568182
6073,1.568182,0.568182
6074,1.613636,0.568182
6075,1.659091,0.568182
6076,1.704545,0.568182
6077,1.750000,0.568182
6078,1.795455,0.568182
6079,1.840909,0.568182
6080,1.886364,0.568182
6081,1.931818,0.568182
6082,1.977273,0.568182
6083,2.022727,0.568182
6084,2.068182,0.568182
6085,2.113636,0.568182
6086,2.159091,0.568182
6087,2.204545,0.568182
6088,2.250000,0.568182
6089,2.295455,0.568182
6090,2.340909,0.568182
6091,2.386364,0.568182
6092,2.431818,0.568182
6093,2.477273,0.568182
6094,2.522727,0.568182
6095,2.568182,0.568182
6096,2.613636,0.568182
6097,2.659091,0.568182
6098,2.704545,0.568182
6099,2.750000,0.568182
6100,-1.750000,0.598485
6101,-1.704545,0.598485
6102,-1.659091,0.598485
6103,-1.613636,0.598485
6104,-1.568182,0.598485
6105,-1.522727,0.598485
6106,-1.477273,0.598485
6107,-1.431818,0.598485
6108,-1.386364,0.598485
6109,-1.340909,0.598485
6110,-1.295455,0.598485
6111,-1.250000,0.598485
6112,-1.204545,0.598485
6113,-1.159091,0.598485
6114,-1.113636,0.598485
6115,-1.068182,0.598485
6116,-1.022727,0.598485
6117,-0.977273,0.598485
6118,-0.931818,0.598485
6119,-0.886364,0.598485
6120,-0.840909,0.598485
6121,-0.795455,0.598485
6122,-0.750000,0.598485
6123,-0.704545,0.598485
6124,-0.659091,0.598485
6125,-0.613636,0.598485
6126,-0.568182,0.598485
6127,-0.522727,0.598485
6128,-0.477273,0.598485
6129,-0.431818,0.598485
6130,-0.386364,0.598485
6131,-0.340909,0.598485
6132,-0.295455,0.598485
6133,-0.250000,0.598485
6134,-0.204545,0.598485
6135,-0.159091,0.598485
6136,-0.113636,0.598485
6137,-0.068182,0.598485
6138,-0.022727,0.598485
6139,0.022727,0.598485
6140,0.068182,0.598485
6141,0.113636,0.598485
6142,0.159091,0.598485
6143,0.204545,0.598485
6144,0.250000,0.598485
6145,0.295455,0.598485
6146,0.340909,0.598485
6147,0.386364,0.598485
6148,0.431818,0.598485
6149,0.477273,0.598485
6150,0.522727,0.598485
6151,0.568182,0.598485
6152,0.613636,0.598485
6153,0.659091,0.598485
6154,0.704545,0.598485
6155,0.750000,0.598485
6156,0.795455,0.598485
6157,0.840909,0.598485
6158,0.886364,0.598485
6159,0.931818,0.598485
6160,0.977273,0.598485
6161,1.022727,0.598485
6162,1.068182,0.598485
6163,1.113636,0.598485
6164,1.159091,0.598485
6165,1.204545,0.598485
6166,1.250000,0.598485
6167,1.295455,0.598485
6168,1.340909,0.598485
6169,1.386364,0.598485
6170,1.431818,0.598485
6171,1.477273,0.598485
6172,1.522727,0.598485
6173,1.568182,0.598485
6174,1.613636,0.598485
6175,1.659091,0.598485
6176,1.704545,0.598485
6177,1.750000,0.598485
6178,1.795455,0.598485
6179,1.840909,0.598485
6180,1.886364,0.598485
6181,1.931818,0.598485
6182,1.977273,0.598485
6183,2.022727,0.598485
6184,2.068182,0.598485
6185,2.113636,0.598485
6186,2.159091,0.598485
6187,2.204545,0.598485
6188,2.250000,0.598485
6189,2.295455,0.598485
6190,2.340909,0.598485
6191,2.386364,0.598485
6192,2.431818,0.598485
6193,2.477273,0.598485
6194,2.522727,0.598485
6195,2.568182,0.598485
6196,2.613636,0.598485
6197,2.659091,0.598485
6198,2.704545,0.598485
6199,2.750000,0.598485
6200,-1.750000,0.628788
6201,-1.704545,0.628788
6202,-1.659091,0.628788
6203,-1.613636,0.628788
6204,-1.568182,0.628788
6205,-1.522727,0.628788
6206,-1.477273,0.628788
6207,-1.431818,0.628788
6208,-1.386364,0.628788
6209,-1.340909,0.628788
6210,-1.295455,0.628788
6211,-1.250000,0.628788
6212,-1.204545,0.628788
6213,-1.159091,0.628788
6214,-1.113636,0.628788
6215,-1.068182,0.628788
6216,-1.022727,0.628788
6217,-0.977273,0.628788
6218,-0.931818,0.628788
6219,-0.886364,0.628788
6220,-0.840909,0.628788
6221,-0.795455,0.628788
6222,-0.750000,0.628788
6223,-0.704545,0.628788
6224,-0.659091,0.628788
6225,-0.613636,0.628788
6226,-0.568182,0.628788
6227,-0.522727,0.628788
6228,-0.477273,0.628788
6229,-0.431818,0.628788
6230,-0.386364,0.628788
6231,-0.340909,0.628788
6232,-0.295455,0.628788
6233,-0.250000,0.628788
6234,-0.204545,0.628788
6235,-0.159091,0.628788
6236,-0.113636,0.628788
6237,-0.068182,0.628788
6238,-0.022727,0.628788
6239,0.022727,0.628788
6240,0.068182,0.628788
6241,0.113636,0.628788
6242,0.159091,0.628788
6243,0.204545,0.628788
6244,0.250000,0.628788
6245,0.295455,0.628788
6246,0.340909,0.628788
6247,0.386364,0.628788
6248,0.431818,0.628788
6249,0.477273,0.628788
6250,0.522727,0.628788
6251,0.568182,0.628788
6252,0.613636,0.628788
6253,0.659091,0.628788
6254,0.704545,0.628788
6255,0.750000,0.628788
6256,0.795455,0.628788
6257,0.840909,0.628788
6258,0.886364,0.628788
6259,0.931818,0.628788
6260,0.977273,0.628788
6261,1.022727,0.628788
6262,1.068182,0.628788
6263,1.113636,0.628788
6264,1.159091,0.628788
6265,1.204545,0.628788
6266,1.250000,0.628788
6267,1.295455,0.628788
6268,1.340909,0.628788
6269,1.386364,0.628788
6270,1.431818,0.628788
6271,1.477273,0.628788
6272,1.522727,0.628788
6273,1.568182,0.628788
6274,1.613636,0.628788
6275,1.659091,0.628788
6276,1.704545,0.628788
6277,1.750000,0.628788
6278,1.795455,0.628788
6279,1.840909,0.628788
6280,1.886364,0.628788
6281,1.931818,0.628788
6282,1.977273,0.628788
6283,2.022727,0.628788
6284,2.068182,0.628788
6285,2.113636,0.628788
6286,2.159091,0.628788
6287,2.204545,0.628788
6288,2.250000,0.628788
6289,2.295455,0.628788
6290,2.340909,0.628788
6291,2.386364,0.628788
6292,2.431818,0.628788
6293,2.477273,0.628788
6294,2.522727,0.628788
6295,2.568182,0.628788
6296,2.613636,0.628788
6297,2.659091,0.628788
6298,2.704545,0.628788
6299,2.750000,0.628788
6300,-1.750000,0.659091
6301,-1.704545,0.659091
6302,-1.659091,0.659091
6303,-1.613636,0.659091
6304,-1.568182,0.659091
6305,-1.522727,0.659091
6306,-1.477273,0.659091
6307,-1.431818,0.659091
6308,-1.386364,0.659091
6309,-1.340909,0.659091
6310,-1.295455,0.659091
6311,-1.250000,0.659091
6312,-1.204545,0.659091
6313,-1.159091,0.659091
6314,-1.113636,0.659091
6315,-1.068182,0.659091
6316,-1.022727,0.659091
6317,-0.977273,0.659091
6318,-0.931818,0.659091
6319,-0.886364,0.659091
6320,-0.840909,0.659091
6321,-0.795455,0.659091
6322,-0.750000,0.659091
6323,-0.704545,0.659091
6324,-0.659091,0.659091
6325,-0.613636,0.659091
6326,-0.568182,0.659091
6327,-0.522727,0.659091
6328,-0.477273,0.659091
6329,-0.431818,0.659091
6330,-0.386364,0.659091
6331,-0.340909,0.659091
6332,-0.295455,0.659091
6333,-0.250000,0.659091
6334,-0.204545,0.659091
6335,-0.159091,0.659091
6336,-0.113636,0.659091
6337,-0.068182,0.659091
6338,-0.022727,0.659091
6339,0.022727,0.659091
6340,0.068182,0.659091
6341,0.113636,0.659091
6342,0.159091,0.659091
6343,0.204545,0.659091
6344,0.250000,0.659091
6345,0.295455,0.659091
6346,0.340909,0.659091
6347,0.386364,0.659091
6348,0.431818,0.659091
6349,0.477273,0.659091
6350,0.522727,0.659091
6351,0.568182,0.659091
6352,0.613636,0.659091
6353,0.659091,0.659091
6354,0.704545,0.659091
6355,0.750000,0.659091
6356,0.795455,0.659091
6357,0.840909,0.659091
6358,0.886364,0.659091
6359,0.931818,0.659091
6360,0.977273,0.659091
6361,1.022727,0.659091
6362,1.068182,0.659091
6363,1.113636,0.659091
6364,1.159091,0.659091
6365,1.204545,0.659091
6366,1.250000,0.659091
6367,1.295455,0.659091
6368,1.340909,0.659091
6369,1.386364,0.659091
6370,1.431818,0.659091
6371,1.477273,0.659091
6372,1.522727,0.659091
6373,1.568182,0.659091
6374,1.613636,0.659091
6375,1.659091,0.659091
6376,1.704545,0.659091
6377,1.750000,0.659091
6378,1.795455,0.659091
6379,1.840909,0.659091
6380,1.886364,0.659091
6381,1.931818,0.659091
6382,1.977273,0.659091
6383,2.022727,0.659091
6384,2.068182,0.659091
6385,2.113636,0.659091
6386,2.159091,0.659091
6387,2.204545,0.659091
6388,2.250000,0.659091
6389,2.295455,0.659091
6390,2.340909,0.659091
6391,2.386364,0.659091
6392,2.431818,0.659091
6393,2.477273,0.659091
6394,2.522727,0.659091
6395,2.568182,0.659091
6396,2.613636,0.659091
6397,2.659091,0.659091
6398,2.704545,0.659091
6399,2.750000,0.659091
6400,-1.750000,0.689394
6401,-1.704545,0.689394
6402,-1.659091,0.689394
6403,-1.613636,0.689394
6404,-1.568182,0.689394
6405,-1.522727,0.689394
6406,-1.477273,0.689394
6407,-1.431818,0.689394
6408,-1.386364,0.689394
6409,-1.340909,0.689394
6410,-1.295455,0.689394
6411,-1.250000,0.689394
6412,-1.204545,0.689394
6413,-1.159091,0.689394
6414,-1.113636,0.689394
6415,-1.068182,0.689394
6416,-1.022727,0.689394
6417,-0.977273,0.689394
6418,-0.931818,0.689394
6419,-0.886364,0.689394
6420,-0.840909,0.689394
6421,-0.795455,0.689394
6422,-0.750000,0.689394
6423,-0.704545,0.689394
6424,-0.659091,0.689394
6425,-0.613636,0.689394
6426,-0.568182,0.689394
6427,-0.522727,0.689394
6428,-0.477273,0.689394
6429,-0.431818,0.689394
6430,-0.386364,0.689394
6431,-0.340909,0.689394
6432,-0.295455,0.689394
6433,-0.250000,0.689394
6434,-0.204545,0.689394
6435,-0.159091,0.689394
6436,-0.113636,0.689394
6437,-0.068182,0.689394
6438,-0.022727,0.689394
6439,0.022727,0.689394
6440,0.068182,0.689394
6441,0.113636,0.689394
6442,0.159091,0.689394
6443,0.204545,0.689394
6444,0.250000,0.689394
6445,0.295455,0.689394
6446,0.340909,0.689394
6447,0.386364,0.689394
6448,0.431818,0.689394
6449,0.477273,0.689394
6450,0.522727,0.689394
6451,0.568182,0.689394
6452,0.613636,0.689394
6453,0.659091,0.689394
6454,0.704545,0.689394
6455,0.750000,0.689394
6456,0.795455,0.689394
6457,0.840909,0.689394
6458,0.886364,0.689394
6459,0.931818,0.689394
6460,0.977273,0.689394
6461,1.022727,0.689394
6462,1.068182,0.689394
6463,1.113636,0.689394
6464,1.159091,0.689394
6465,1.204545,0.689394
6466,1.250000,0.689394
6467,1.295455,0.689394
6468,1.340909,0.689394
6469,1.386364,0.689394
6470,1.431818,0.689394
6471,1.477273,0.689394
6472,1.522727,0.689394
6473,1.568182,0.689394
6474,1.613636,0.689394
6475,1.659091,0.689394
6476,1.704545,0.689394
6477,1.750000,0.689394
6478,1.795455,0.689394
6479,1.840909,0.689394
6480,1.886364,0.689394
6481,1.931818,0.689394
6482,1.977273,0.689394
6483,2.022727,0.689394
6484,2.068182,0.689394
6485,2.113636,0.689394
6486,2.159091,0.689394
6487,2.204545,0.689394
6488,2.250000,0.689394
6489,2.295455,0.689394
6490,2.340909,0.689394
6491,2.386364,0.689394
6492,2.431818,0.689394
6493,2.477273,0.689394
6494,2.522727,0.689394
6495,2.568182,0.689394
6496,2.613636,0.689394
6497,2.659091,0.689394
6498,2.704545,0.689394
6499,2.750000,0.689394
6500,-1.750000,0.719697
6501,-1.704545,0.719697
6502,-1.659091,0.719697
6503,-1.613636,0.719697
6504,-1.568182,0.719697
6505,-1.522727,0.719697
6506,-1.477273,0.719697
6507,-1.431818,0.719697
6508,-1.386364,0.719697
6509,-1.340909,0.719697
6510,-1.295455,0.719697
6511,-1.250000,0.719697
6512,-1.204545,0.719697
6513,-1.159091,0.719697
6514,-1.113636,0.719697
6515,-1.068182,0.719697
6516,-1.022727,0.719697
6517,-0.977273,0.719697
6518,-0.931818,0.719697
6519,-0.886364,0.719697
6520,-0.840909,0.719697
6521,-0.795455,0.719697
6522,-0.750000,0.719697
6523,-0.704545,0.719697
6524,-0.659091,0.719697
6525,-0.613636,0.719697
6526,-0.568182,0.719697
6527,-0.522727,0.719697
6528,-0.477273,0.719697
6529,-0.431818,0.719697
6530,-0.386364,0.719697
6531,-0.340909,0.719697
6532,-0.295455,0.719697
6533,-0.250000,0.719697
6534,-0.204545,0.719697
6535,-0.159091,0.719697
6536,-0.113636,0.719697
6537,-0.068182,0.719697
6538,-0.022727,0.719697
6539,0.022727,0.719697
6540,0.068182,0.719697
6541,0.113636,0.719697
6542,0.159091,0.719697
6543,0.204545,0.719697
6544,0.250000,0.719697
6545,0.295455,0.719697
6546,0.340909,0.719697
6547,0.386364,0.719697
6548,0.431818,0.719697
6549,0.477273,0.719697
6550,0.522727,0.719697
6551,0.568182,0.719697
6552,0.613636,0.719697
6553,0.659091,0.719697
6554,0.704545,0.719697
6555,0.750000,0.719697
6556,0.795455,0.719697
6557,0.840909,0.719697
6558,0.886364,0.719697
6559,0.931818,0.719697
6560,0.977273,0.719697
6561,1.022727,0.719697
6562,1.068182,0.719697
6563,1.113636,0.719697
6564,1.159091,0.719697
6565,1.204545,0.719697
6566,1.250000,0.719697
6567,1.295455,0.719697
6568,1.340909,0.719697
6569,1.386364,0.719697
6570,1.431818,0.719697
6571,1.477273,0.719697
6572,1.522727,0.719697
6573,1.568182,0.719697
6574,1.613636,0.719697
6575,1.659091,0.719697
6576,1.704545,0.719697
6577,1.750000,0.719697
6578,1.795455,0.719697
6579,1.840909,0.719697
6580,1.886364,0.719697
6581,1.931818,0.719697
6582,1.977273,0.719697
6583,2.022727,0.719697
6584,2.068182,0.719697
6585,2.113636,0.719697
6586,2.159091,0.719697
6587,2.204545,0.719697
6588,2.250000,0.719697
6589,2.295455,0.719697
6590,2.340909,0.719697
6591,2.386364,0.719697
6592,2.431818,0.719697
6593,2.477273,0.719697
6594,2.522727,0.719697
6595,2.568182,0.719697
6596,2.613636,0.719697
6597,2.659091,0.719697
6598,2.704545,0.719697
6599,2.750000,0.719697
6600,-1.750000,0.750000
6601,-1.704545,0.750000
6602,-1.659091,0.750000
6603,-1.613636,0.750000
6604,-1.568182,0.750000
6605,-1.522727,0.750000
6606,-1.477273,0.750000
6607,-1.431818,0.750000
6608,-1.386364,0.750000
6609,-1.340909,0.750000
6610,-1.295455,0.750000
6611,-1.250000,0.750000
6612,-1.204545,0.750000
6613,-1.159091,0.750000
6614,-1.113636,0.750000
6615,-1.068182,0.750000
6616,-1.022727,0.750000
6617,-0.977273,0.750000
6618,-0.931818,0.750000
6619,-0.886364,0.750000
6620,-0.840909,0.750000
6621,-0.795455,0.750000
6622,-0.750000,0.750000
6623,-0.704545,0.750000
6624,-0.659091,0.750000
6625,-0.613636,0.750000
6626,-0.568182,0.750000
6627,-0.522727,0.750000
6628,-0.477273,0.750000
6629,-0.431818,0.750000
6630,-0.386364,0.750000
6631,-0.340909,0.750000
6632,-0.295455,0.750000
6633,-0.250000,0.750000
6634,-0.204545,0.750000
6635,-0.159091,0.750000
6636,-0.113636,0.750000
6637,-0.068182,0.750000
6638,-0.022727,0.750000
6639,0.022727,0.750000
6640,0.068182,0.750000
6641,0.113636,0.750000
6642,0.159091,0.750000
6643,0.204545,0.750000
6644,0.250000,0.750000
6645,0.295455,0.750000
6646,0.340909,0.750000
6647,0.386364,0.750000
6648,0.431818,0.750000
6649,0.477273,0.750000
6650,0.522727,0.750000
6651,0.568182,0.750000
6652,0.613636,0.750000
6653,0.659091,0.750000
6654,0.704545,0.750000
6655,0.750000,0.750000
6656,0.795455,0.750000
6657,0.840909,0.750000
6658,0.886364,0.750000
6659,0.931818,0.750000
6660,0.977273,0.750000
6661,1.022727,0.750000
6662,1.068182,0.750000
6663,1.113636,0.750000
6664,1.159091,0.750000
6665,1.204545,0.750000
6666,1.250000,0.750000
6667,1.295455,0.750000
6668,1.340909,0.750000
6669,1.386364,0.750000
6670,1.431818,0.750000
6671,1.477273,0.750000
6672,1.522727,0.750000
6673,1.568182,0.750000
6674,1.613636,0.750000
6675,1.659091,0.750000
6676,1.704545,0.750000
6677,1.750000,0.750000
6678,1.795455,0.750000
6679,1.840909,0.750000
6680,1.886364,0.750000
6681,1.931818,0.750000
6682,1.977273,0.750000
6683,2.022727,0.750000
6684,2.068182,0.750000
6685,2.113636,0.750000
6686,2.159091,0.750000
6687,2.204545,0.750000
6688,2.250000,0.750000
6689,2.295455,0.750000
6690,2.340909,0.750000
6691,2.386364,0.750000
6692,2.431818,0.750000
6693,2.477273,0.750000
6694,2.522727,0.750000
6695,2.568182,0.750000
6696,2.613636,0.750000
6697,2.659091,0.750000
6698,2.704545,0.750000
6699,2.750000,0.750000
6700,-1.750000,0.780303
6701,-1.704545,0.780303
6702,-1.659091,0.780303
6703,-1.613636,0.780303
6704,-1.568182,0.780303
6705,-1.522727,0.780303
6706,-1.477273,0.780303
6707,-1.431818,0.780303
6708,-1.386364,0.780303
6709,-1.340909,0.780303
6710,-1.295455,0.780303
6711,-1.250000,0.780303
6712,-1.204545,0.780303
6713,-1.159091,0.780303
6714,-1.113636,0.780303
6715,-1.068182,0.780303
6716,-1.022727,0.780303
6717,-0.977273,0.780303
6718,-0.931818,0.780303
6719,-0.886364,0.780303
6720,-0.840909,0.780303
6721,-0.795455,0.780303
6722,-0.750000,0.780303
6723,-0.704545,0.780303
6724,-0.659091,0.780303
6725,-0.613636,0.780303
6726,-0.568182,0.780303
6727,-0.522727,0.780303
6728,-0.477273,0.780303
6729,-0.431818,0.780303
6730,-0.386364,0.780303
6731,-0.340909,0.780303
6732,-0.295455,0.780303
6733,-0.250000,0.780303
6734,-0.204545,0.780303
6735,-0.159091,0.780303
6736,-0.113636,0.780303
6737,-0.068182,0.780303
6738,-0.022727,0.780303
6739,0.022727,0.780303
6740,0.068182,0.780303
6741,0.113636,0.780303
6742,0.159091,0.780303
6743,0.204545,0.780303
6744,0.250000,0.780303
6745,0.295455,0.780303
6746,0.340909,0.780303
6747,0.386364,0.780303
6748,0.431818,0.780303
6749,0.477273,0.780303
6750,0.522727,0.780303
6751,0.568182,0.780303
6752,0.613636,0.780303
6753,0.659091,0.780303
6754,0.704545,0.780303
6755,0.750000,0.780303
6756,0.795455,0.780303
6757,0.840909,0.780303
6758,0.886364,0.780303
6759,0.931818,0.780303
6760,0.977273,0.780303
6761,1.022727,0.780303
6762,1.068182,0.780303
6763,1.113636,0.780303
6764,1.159091,0.780303
6765,1.204545,0.780303
6766,1.250000,0.780303
6767,1.295455,0.780303
6768,1.340909,0.780303
6769,1.386364,0.780303
6770,1.431818,0.780303
6771,1.477273,0.780303
6772,1.522727,0.780303
6773,1.568182,0.780303
6774,1.613636,0.780303
6775,1.659091,0.780303
6776,1.704545,0.780303
6777,1.750000,0.780303
6778,1.795455,0.780303
6779,1.840909,0.780303
6780,1.886364,0.780303
6781,1.931818,0.780303
6782,1.977273,0.780303
6783,2.022727,0.780303
6784,2.068182,0.780303
6785,2.113636,0.780303
6786,2.159091,0.780303
6787,2.204545,0.780303
6788,2.250000,0.780303
6789,2.295455,0.780303
6790,2.340909,0.780303
6791,2.386364,0.780303
6792,2.431818,0.780303
6793,2.477273,0.780303
6794,2.522727,0.780303
6795,2.568182,0.780303
6796,2.613636,0.780303
6797,2.659091,0.780303
6798,2.704545,0.780303
6799,2.750000,0.780303
6800,-1.750000,0.810606
6801,-1.704545,0.810606
6802,-1.659091,0.810606
6803,-1.613636,0.810606
6804,-1.568182,0.810606
6805,-1.522727,0.810606
6806,-1.477273,0.810606
6807,-1.431818,0.810606
6808,-1.386364,0.810606
6809,-1.340909,0.810606
6810,-1.295455,0.810606
6811,-1.250000,0.810606
6812,-1.204545,0.810606
6813,-1.159091,0.810606
6814,-1.113636,0.810606
6815,-1.068182,0.810606
6816,-1.022727,0.810606
6817,-0.977273,0.810606
6818,-0.931818,0.810606
6819,-0.886364,0.810606
6820,-0.840909,0.810606
6821,-0.795455,0.810606
6822,-0.750000,0.810606
6823,-0.704545,0.810606
6824,-0.659091,0.810606
6825,-0.613636,0.810606
6826,-0.568182,0.810606
6827,-0.522727,0.810606
6828,-0.477273,0.810606
6829,-0.431818,0.810606
6830,-0.386364,0.810606
6831,-0.340909,0.810606
6832,-0.295455,0.810606
6833,-0.250000,0.810606
6834,-0.204545,0.810606
6835,-0.159091,0.810606
6836,-0.113636,0.810606
6837,-0.068182,0.810606
6838,-0.022727,0.810606
6839,0.022727,0.810606
6840,0.068182,0.810606
6841,0.113636,0.810606
6842,0.159091,0.810606
6843,0.204545,0.810606
6844,0.250000,0.810606
6845,0.295455,0.810606
6846,0.340909,0.810606
6847,0.386364,0.810606
6848,0.431818,0.810606
6849,0.477273,0.810606
6850,0.522727,0.810606
6851,0.568182,0.810606
6852,0.613636,0.810606
6853,0.659091,0.810606
6854,0.704545,0.810606
6855,0.750000,0.810606
6856,0.795455,0.810606
6857,0.840909,0.810606
6858,0.886364,0.810606
6859,0.931818,0.810606
6860,0.977273,0.810606
6861,1.022727,0.810606
6862,1.068182,0.810606
6863,1.113636,0.810606
6864,1.159091,0.810606
6865,1.204545,0.810606
6866,1.250000,0.810606
6867,1.295455,0.810606
6868,1.340909,0.810606
6869,1.386364,0.810606
6870,1.431818,0.810606
6871,1.477273,0.810606
6872,1.522727,0.810606
6873,1.568182,0.810606
6874,1.613636,0.810606
6875,1.659091,0.810606
6876,1.704545,0.810606
6877,1.750000,0.810606
6878,1.795455,0.810606
6879,1.840909,0.810606
6880,1.886364,0.810606
6881,1.931818,0.810606
6882,1.977273,0.810606
6883,2.022727,0.810606
6884,2.068182,0.810606
6885,2.113636,0.810606
6886,2.159091,0.810606
6887,2.204545,0.810606
6888,2.250000,0.810606
6889,2.295455,0.810606
6890,2.340909,0.810606
6891,2.386364,0.810606
6892,2.431818,0.810606
6893,2.477273,0.810606
6894,2.522727,0.810606
6895,2.568182,0.810606
6896,2.613636,0.810606
6897,2.659091,0.810606
6898,2.704545,0.810606
6899,2.750000,0.810606
6900,-1.750000,0.840909
6901,-1.704545,0.840909
6902,-1.659091,0.840909
6903,-1.613636,0.840909
6904,-1.568182,0.840909
6905,-1.522727,0.840909
6906,-1.477273,0.840909
6907,-1.431818,0.840909
6908,-1.386364,0.840909
6909,-1.340909,0.840909
6910,-1.295455,0.840909
6911,-1.250000,0.840909
6912,-1.204545,0.840909
6913,-1.159091,0.840909
6914,-1.113636,0.840909
6915,-1.068182,0.840909
6916,-1.022727,0.840909
6917,-0.977273,0.840909
6918,-0.931818,0.840909
6919,-0.886364,0.840909
6920,-0.840909,0.840909
6921,-0.795455,0.840909
6922,-0.750000,0.840909
6923,-0.704545,0.840909
6924,-0.659091,0.840909
6925,-0.613636,0.840909
6926,-0.568182,0.840909
6927,-0.522727,0.840909
6928,-0.477273,0.840909
6929,-0.431818,0.840909
6930,-0.386364,0.840909
6931,-0.340909,0.840909
6932,-0.295455,0.840909
6933,-0.250000,0.840909
6934,-0.204545,0.840909
6935,-0.159091,0.840909
6936,-0.113636,0.840909
6937,-0.068182,0.840909
6938,-0.022727,0.840909
6939,0.022727,0.840909
6940,0.068182,0.840909
6941,0.113636,0.840909
6942,0.159091,0.840909
6943,0.204545,0.840909
6944,0.250000,0.840909
6945,0.295455,0.840909
6946,0.340909,0.840909
6947,0.386364,0.840909
6948,0.431818,0.840909
6949,0.477273,0.840909
6950,0.522727,0.840909
6951,0.568182,0.840909
6952,0.613636,0.840909
6953,0.659091,0.840909
6954,0.704545,0.840909
6955,0.750000,0.840909
6956,0.795455,0.840909
6957,0.840909,0.840909
6958,0.886364,0.840909
6959,0.931818,0.840909
6960,0.977273,0.840909
6961,1.022727,0.840909
6962,1.068182,0.840909
6963,1.113636,0.840909
6964,1.159091,0.840909
6965,1.204545,0.840909
6966,1.250000,0.840909
6967,1.295455,0.840909
6968,1.340909,0.840909
6969,1.386364,0.840909
6970,1.431818,0.840909
6971,1.477273,0.840909
6972,1.522727,0.840909
6973,1.568182,0.840909
6974,1.613636,0.840909
6975,1.659091,0.840909
6976,1.704545,0.840909
6977,1.750000,0.840909
6978,1.795455,0.840909
6979,1.840909,0.840909
6980,1.886364,0.840909
6981,1.931818,0.840909
6982,1.977273,0.840909
6983,2.022727,0.840909
6984,2.068182,0.840909
6985,2.113636,0.840909
6986,2.159091,0.840909
6987,2.204545,0.840909
6988,2.250000,0.840909
6989,2.295455,0.840909
6990,2.340909,0.840909
6991,2.386364,0.840909
6992,2.431818,0.840909
6993,2.477273,0.840909
6994,2.522727,0.840909
6995,2.568182,0.840909
6996,2.613636,0.840909
6997,2.659091,0.840909
6998,2.704545,0.840909
6999,2.750000,0.840909
7000,-1.750000,0.871212
7001,-1.704545,0.871212
7002,-1.659091,0.871212
7003,-1.613636,0.871212
7004,-1.568182,0.871212
7005,-1.522727,0.871212
7006,-1.477273,0.871212
7007,-1.431818,0.871212
7008,-1.386364,0.871212
7009,-1.340909,0.871212
7010,-1.295455,0.871212
7011,-1.250000,0.871212
7012,-1.204545,0.871212
7013,-1.159091,0.871212
7014,-1.113636,0.871212
7015,-1.068182,0.871212
7016,-1.022727,0.871212
7017,-0.977273,0.871212
7018,-0.931818,0.871212
7019,-0.886364,0.871212
7020,-0.840909,0.871212
7021,-0.795455,0.871212
7022,-0.750000,0.871212
7023,-0.704545,0.871212
7024,-0.659091,0.871212
7025,-0.613636,0.871212
7026,-0.568182,0.871212
7027,-0.522727,0.871212
7028,-0.477273,0.871212
7029,-0.431818,0.871212
7030,-0.386364,0.871212
7031,-0.340909,0.871212
7032,-0.295455,0.871212
7033,-0.250000,0.871212
7034,-0.204545,0.871212
7035,-0.159091,0.871212
7036,-0.113636,0.871212
7037,-0.068182,0.871212
7038,-0.022727,0.871212
7039,0.022727,0.871212
7040,0.068182,0.871212
7041,0.113636,0.871212
7042,0.159091,0.871212
7043,0.204545,0.871212
7044,0.250000,0.871212
7045,0.295455,0.871212
7046,0.340909,0.871212
7047,0.386364,0.871212
7048,0.431818,0.871212
7049,0.477273,0.871212
7050,0.522727,0.871212
7051,0.568182,0.871212
7052,0.613636,0.871212
7053,0.659091,0.871212
7054,0.704545,0.871212
7055,0.750000,0.871212
7056,0.795455,0.871212
7057,0.840909,0.871212
7058,0.886364,0.871212
7059,0.931818,0.871212
7060,0.977273,0.871212
7061,1.022727,0.871212
7062,1.068182,0.871212
7063,1.113636,0.871212
7064,1.159091,0.871212
7065,1.204545,0.871212
7066,1.250000,0.871212
7067,1.295455,0.871212
7068,1.340909,0.871212
7069,1.386364,0.871212
7070,1.431818,0.871212
7071,1.477273,0.871212
7072,1.522727,0.871212
7073,1.568182,0.871212
7074,1.613636,0.871212
7075,1.659091,0.871212
7076,1.704545,0.871212
7077,1.750000,0.871212
7078,1.795455,0.871212
7079,1.840909,0.871212
7080,1.886364,0.871212
7081,1.931818,0.871212
7082,1.977273,0.871212
7083,2.022727,0.871212
7084,2.068182,0.871212
7085,2.113636,0.871212
7086,2.159091,0.871212
7087,2.204545,0.871212
7088,2.250000,0.871212
7089,2.295455,0.871212
7090,2.340909,0.871212
7091,2.386364,0.871212
7092,2.431818,0.871212
7093,2.477273,0.871212
7094,2.522727,0.871212
7095,2.568182,0.871212
7096,2.613636,0.871212
7097,2.659091,0.871212
7098,2.704545,0.871212
7099,2.750000,0.871212
7100,-1.750000,0.901515
7101,-1.704545,0.901515
7102,-1.659091,0.901515
7103,-1.613636,0.901515
7104,-1.568182,0.901515
7105,-1.522727,0.901515
7106,-1.477273,0.901515
7107,-1.431818,0.901515
7108,-1.386364,0.901515
7109,-1.340909,0.901515
7110,-1.295455,0.901515
7111,-1.250000,0.901515
7112,-1.204545,0.901515
7113,-1.159091,0.901515
7114,-1.113636,0.901515
7115,-1.068182,0.901515
7116,-1.022727,0.901515
7117,-0.977273,0.901515
7118,-0.931818,0.901515
7119,-0.886364,0.901515
7120,-0.840909,0.901515
7121,-0.795455,0.901515
7122,-0.750000,0.901515
7123,-0.704545,0.901515
7124,-0.659091,0.901515
7125,-0.613636,0.901515
7126,-0.568182,0.901515
7127,-0.522727,0.901515
7128,-0.477273,0.901515
7129,-0.431818,0.901515
7130,-0.386364,0.901515
7131,-0.340909,0.901515
7132,-0.295455,0.901515
7133,-0.250000,0.901515
7134,-0.204545,0.901515
7135,-0.159091,0.901515
7136,-0.113636,0.901515
7137,-0.068182,0.901515
7138,-0.022727,0.901515
7139,0.022727,0.901515
7140,0.068182,0.901515
7141,0.113636,0.901515
7142,0.159091,0.901515
7143,0.204545,0.901515
7144,0.250000,0.901515
7145,0.295455,0.901515
7146,0.340909,0.901515
7147,0.386364,0.901515
7148,0.431818,0.901515
7149,0.477273,0.901515
7150,0.522727,0.901515
7151,0.568182,0.901515
7152,0.613636,0.901515
7153,0.659091,0.901515
7154,0.704545,0.901515
7155,0.750000,0.901515
7156,0.795455,0.901515
7157,0.840909,0.901515
7158,0.886364,0.901515
7159,0.931818,0.901515
7160,0.977273,0.901515
7161,1.022727,0.901515
7162,1.068182,0.901515
7163,1.113636,0.901515
7164,1.159091,0.901515
7165,1.204545,0.901515
7166,1.250000,0.901515
7167,1.295455,0.901515
7168,1.340909,0.901515
7169,1.386364,0.901515
7170,1.431818,0.901515
7171,1.477273,0.901515
7172,1.522727,0.901515
7173,1.568182,0.901515
7174,1.613636,0.901515
7175,1.659091,0.901515
7176,1.704545,0.901515
7177,1.750000,0.901515
7178,1.795455,0.901515
7179,1.840909,0.901515
7180,1.886364,0.901515
7181,1.931818,0.901515
7182,1.977273,0.901515
7183,2.022727,0.901515
7184,2.068182,0.901515
7185,2.113636,0.901515
7186,2.159091,0.901515
7187,2.204545,0.901515
7188,2.250000,0.901515
7189,2.295455,0.901515
7190,2.340909,0.901515
7191,2.386364,0.901515
7192,2.431818,0.901515
7193,2.477273,0.901515
7194,2.522727,0.901515
7195,2.568182,0.901515
7196,2.613636,0.901515
7197,2.659091,0.901515
7198,2.704545,0.901515
7199,2.750000,0.901515
7200,-1.750000,0.931818
7201,-1.704545,0.931818
7202,-1.659091,0.931818
7203,-1.613636,0.931818
7204,-1.568182,0.931818
7205,-1.522727,0.931818
7206,-1.477273,0.931818
7207,-1.431818,0.931818
7208,-1.386364,0.931818
7209,-1.340909,0.931818
7210,-1.295455,0.931818
7211,-1.250000,0.931818
7212,-1.204545,0.931818
7213,-1.159091,0.931818
7214,-1.113636,0.931818
7215,-1.068182,0.931818
7216,-1.022727,0.931818
7217,-0.977273,0.931818
7218,-0.931818,0.931818
7219,-0.886364,0.931818
7220,-0.840909,0.931818
7221,-0.795455,0.931818
7222,-0.750000,0.931818
7223,-0.704545,0.931818
7224,-0.659091,0.931818
7225,-0.613636,0.931818
7226,-0.568182,0.931818
7227,-0.522727,0.931818
7228,-0.477273,0.931818
7229,-0.431818,0.931818
7230,-0.386364,0.931818
7231,-0.340909,0.931818
7232,-0.295455,0.931818
7233,-0.250000,0.931818
7234,-0.204545,0.931818
7235,-0.159091,0.931818
7236,-0.113636,0.931818
7237,-0.068182,0.931818
7238,-0.022727,0.931818
7239,0.022727,0.931818
7240,0.068182,0.931818
7241,0.113636,0.931818
7242,0.159091,0.931818
7243,0.204545,0.931818
7244,0.250000,0.931818
7245,0.295455,0.931818
7246,0.340909,0.931818
7247,0.386364,0.931818
7248,0.431818,0.931818
7249,0.477273,0.931818
7250,0.522727,0.931818
7251,0.568182,0.931818
7252,0.613636,0.931818
7253,0.659091,0.931818
7254,0.704545,0.931818
7255,0.750000,0.931818
7256,0.795455,0.931818
7257,0.840909,0.931818
7258,0.886364,0.931818
7259,0.931818,0.931818
7260,0.977273,0.931818
7261,1.022727,0.931818
7262,1.068182,0.931818
7263,1.113636,0.931818
7264,1.159091,0.931818
7265,1.204545,0.931818
7266,1.250000,0.931818
7267,1.295455,0.931818
7268,1.340909,0.931818
7269,1.386364,0.931818
7270,1.431818,0.931818
7271,1.477273,0.931818
7272,1.522727,0.931818
7273,1.568182,0.931818
7274,1.613636,0.931818
7275,1.659091,0.931818
7276,1.704545,0.931818
7277,1.750000,0.931818
7278,1.795455,0.931818
7279,1.840909,0.931818
7280,1.886364,0.931818
7281,1.931818,0.931818
7282,1.977273,0.931818
7283,2.022727,0.931818
7284,2.068182,0.931818
7285,2.113636,0.931818
7286,2.159091,0.931818
7287,2.204545,0.931818
7288,2.250000,0.931818
7289,2.295455,0.931818
7290,2.340909,0.931818
7291,2.386364,0.931818
7292,2.431818,0.931818
7293,2.477273,0.931818
7294,2.522727,0.931818
7295,2.568182,0.931818
7296,2.613636,0.931818
7297,2.659091,0.931818
7298,2.704545,0.931818
7299,2.750000,0.931818
7300,-1.750000,0.962121
7301,-1.704545,0.962121
7302,-1.659091,0.962121
7303,-1.613636,0.962121
7304,-1.568182,0.962121
7305,-1.522727,0.962121
7306,-1.477273,0.962121
7307,-1.431818,0.962121
7308,-1.386364,0.962121
7309,-1.340909,0.962121
7310,-1.295455,0.962121
7311,-1.250000,0.962121
7312,-1.204545,0.962121
7313,-1.159091,0.962121
7314,-1.113636,0.962121
7315,-1.068182,0.962121
7316,-1.022727,0.962121
7317,-0.977273,0.962121
7318,-0.931818,0.962121
7319,-0.886364,0.962121
7320,-0.840909,0.962121
7321,-0.795455,0.962121
7322,-0.750000,0.962121
7323,-0.704545,0.962121
7324,-0.659091,0.962121
7325,-0.613636,0.962121
7326,-0.568182,0.962121
7327,-0.522727,0.962121
7328,-0.477273,0.962121
7329,-0.431818,0.962121
7330,-0.386364,0.962121
7331,-0.340909,0.962121
7332,-0.295455,0.962121
7333,-0.250000,0.962121
7334,-0.204545,0.962121
7335,-0.159091,0.962121
7336,-0.113636,0.962121
7337,-0.068182,0.962121
7338,-0.022727,0.962121
7339,0.022727,0.962121
7340,0.068182,0.962121
7341,0.113636,0.962121
7342,0.159091,0.962121
7343,0.204545,0.962121
7344,0.250000,0.962121
7345,0.295455,0.962121
7346,0.340909,0.962121
7347,0.386364,0.962121
7348,0.431818,0.962121
7349,0.477273,0.962121
7350,0.522727,0.962121
7351,0.568182,0.962121
7352,0.613636,0.962121
7353,0.659091,0.962121
7354,0.704545,0.962121
7355,0.750000,0.962121
7356,0.795455,0.962121
7357,0.840909,0.962121
7358,0.886364,0.962121
7359,0.931818,0.962121
7360,0.977273,0.962121
7361,1.022727,0.962121
7362,1.068182,0.962121
7363,1.113636,0.962121
7364,1.159091,0.962121
7365,1.204545,0.962121
7366,1.250000,0.962121
7367,1.295455,0.962121
7368,1.340909,0.962121
7369,1.386364,0.962121
7370,1.431818,0.962121
7371,1.477273,0.962121
7372,1.522727,0.962121
7373,1.568182,0.962121
7374,1.613636,0.962121
7375,1.659091,0.962121
7376,1.704545,0.962121
7377,1.750000,0.962121
7378,1.795455,0.962121
7379,1.840909,0.962121
7380,1.886364,0.962121
7381,1.931818,0.962121
7382,1.977273,0.962121
7383,2.022727,0.962121
7384,2.068182,0.962121
7385,2.113636,0.962121
7386,2.159091,0.962121
7387,2.204545,0.962121
7388,2.250000,0.962121
7389,2.295455,0.962121
7390,2.340909,0.962121
7391,2.386364,0.962121
7392,2.431818,0.962121
7393,2.477273,0.962121
7394,2.522727,0.962121
7395,2.568182,0.962121
7396,2.613636,0.962121
7397,2.659091,0.962121
7398,2.704545,0.962121
7399,2.750000,0.962121
7400,-1.750000,0.992424
7401,-1.704545,0.992424
7402,-1.659091,0.992424
7403,-1.613636,0.992424
7404,-1.568182,0.992424
7405,-1.522727,0.992424
7406,-1.477273,0.992424
7407,-1.431818,0.992424
7408,-1.386364,0.992424
7409,-1.340909,0.992424
7410,-1.295455,0.992424
7411,-1.250000,0.992424
7412,-1.204545,0.992424
7413,-1.159091,0.992424
7414,-1.113636,0.992424
7415,-1.068182,0.992424
7416,-1.022727,0.992424
7417,-0.977273,0.992424
7418,-0.931818,0.992424
7419,-0.886364,0.992424
7420,-0.840909,0.992424
7421,-0.795455,0.992424
7422,-0.750000,0.992424
7423,-0.704545,0.992424
7424,-0.659091,0.992424
7425,-0.613636,0.992424
7426,-0.568182,0.992424
7427,-0.522727,0.992424
7428,-0.477273,0.992424
7429,-0.431818,0.992424
7430,-0.386364,0.992424
7431,-0.340909,0.992424
7432,-0.295455,0.992424
7433,-0.250000,0.992424
7434,-0.204545,0.992424
7435,-0.159091,0.992424
7436,-0.113636,0.992424
7437,-0.068182,0.992424
7438,-0.022727,0.992424
7439,0.022727,0.992424
7440,0.068182,0.992424
7441,0.113636,0.992424
7442,0.159091,0.992424
7443,0.204545,0.992424
7444,0.250000,0.992424
7445,0.295455,0.992424
7446,0.340909,0.992424
7447,0.386364,0.992424
7448,0.431818,0.992424
7449,0.477273,0.992424
7450,0.522727,0.992424
7451,0.568182,0.992424
7452,0.613636,0.992424
7453,0.659091,0.992424
7454,0.704545,0.992424
7455,0.750000,0.992424
7456,0.795455,0.992424
7457,0.840909,0.992424
7458,0.886364,0.992424
7459,0.931818,0.992424
7460,0.977273,0.992424
7461,1.022727,0.992424
7462,1.068182,0.992424
7463,1.113636,0.992424
7464,1.159091,0.992424
7465,1.204545,0.992424
7466,1.250000,0.992424
7467,1.295455,0.992424
7468,1.340909,0.992424
7469,1.386364,0.992424
7470,1.431818,0.992424
7471,1.477273,0.992424
7472,1.522727,0.992424
7473,1.568182,0.992424
7474,1.613636,0.992424
7475,1.659091,0.992424
7476,1.704545,0.992424
7477,1.750000,0.992424
7478,1.795455,0.992424
7479,1.840909,0.992424
7480,1.886364,0.992424
7481,1.931818,0.992424
7482,1.977273,0.992424
7483,2.022727,0.992424
7484,2.068182,0.992424
7485,2.113636,0.992424
7486,2.159091,0.992424
7487,2.204545,0.992424
7488,2.250000,0.992424
7489,2.295455,0.992424
7490,2.340909,0.992424
7491,2.386364,0.992424
7492,2.431818,0.992424
7493,2.477273,0.992424
7494,2.522727,0.992424
7495,2.568182,0.992424
7496,2.613636,0.992424
7497,2.659091,0.992424
7498,2.704545,0.992424
7499,2.750000,0.992424
7500,-1.750000,1.022727
7501,-1.704545,1.022727
7502,-1.659091,1.022727
7503,-1.613636,1.022727
7504,-1.568182,1.022727
7505,-1.522727,1.022727
7506,-1.477273,1.022727
7507,-1.431818,1.022727
7508,-1.386364,1.022727
7509,-1.340909,1.022727
7510,-1.295455,1.022727
7511,-1.250000,1.022727
7512,-1.204545,1.022727
7513,-1.159091,1.022727
7514,-1.113636,1.022727
7515,-1.068182,1.022727
7516,-1.022727,1.022727
7517,-0.977273,1.022727
7518,-0.931818,1.022727
7519,-0.886364,1.022727
7520,-0.840909,1.022727
7521,-0.795455,1.022727
7522,-0.750000,1.022727
7523,-0.704545,1.022727
7524,-0.659091,1.022727
7525,-0.613636,1.022727
7526,-0.568182,1.022727
7527,-0.522727,1.022727
7528,-0.477273,1.022727
7529,-0.431818,1.022727
7530,-0.386364,1.022727
7531,-0.340909,1.022727
7532,-0.295455,1.022727
7533,-0.250000,1.022727
7534,-0.204545,1.022727
7535,-0.159091,1.022727
7536,-0.113636,1.022727
7537,-0.068182,1.022727
7538,-0.022727,1.022727
7539,0.022727,1.022727
7540,0.068182,1.022727
7541,0.113636,1.022727
7542,0.159091,1.022727
7543,0.204545,1.022727
7544,0.250000,1.022727
7545,0.295455,1.022727
7546,0.340909,1.022727
7547,0.386364,1.022727
7548,0.431818,1.022727
7549,0.477273,1.022727
7550,0.522727,1.022727
7551,0.568182,1.022727
7552,0.613636,1.022727
7553,0.659091,1.022727
7554,0.704545,1.022727
7555,0.750000,1.022727
7556,0.795455,1.022727
7557,0.840909,1.022727
7558,0.886364,1.022727
7559,0.931818,1.022727
7560,0.977273,1.022727
7561,1.022727,1.022727
7562,1.068182,1.022727
7563,1.113636,1.022727
7564,1.159091,1.022727
7565,1.204545,1.022727
7566,1.250000,1.022727
7567,1.295455,1.022727
7568,1.340909,1.022727
7569,1.386364,1.022727
7570,1.431818,1.022727
7571,1.477273,1.022727
7572,1.522727,1.022727
7573,1.568182,1.022727
7574,1.613636,1.022727
7575,1.659091,1.022727
7576,1.704545,1.022727
7577,1.750000,1.022727
7578,1.795455,1.022727
7579,1.840909,1.022727
7580,1.886364,1.022727
7581,1.931818,1.022727
7582,1.977273,1.022727
7583,2.022727,1.022727
7584,2.068182,1.022727
7585,2.113636,1.022727
7586,2.159091,1.022727
7587,2.204545,1.022727
7588,2.250000,1.022727
7589,2.295455,1.022727
7590,2.340909,1.022727
7591,2.386364,1.022727
7592,2.431818,1.022727
7593,2.477273,1.022727
7594,2.522727,1.022727
7595,2.568182,1.022727
7596,2.613636,1.022727
7597,2.659091,1.022727
7598,2.704545,1.022727
7599,2.750000,1.022727
7600,-1.750000,1.053030
7601,-1.704545,1.053030
7602,-1.659091,1.053030
7603,-1.613636,1.053030
7604,-1.568182,1.053030
7605,-1.522727,1.053030
7606,-1.477273,1.053030
7607,-1.431818,1.053030
7608,-1.386364,1.053030
7609,-1.340909,1.053030
7610,-1.295455,1.053030
7611,-1.250000,1.053030
7612,-1.204545,1.053030
7613,-1.159091,1.053030
7614,-1.113636,1.053030
7615,-1.068182,1.053030
7616,-1.022727,1.053030
7617,-0.977273,1.053030
7618,-0.931818,1.053030
7619,-0.886364,1.053030
7620,-0.840909,1.053030
7621,-0.795455,1.053030
7622,-0.750000,1.053030
7623,-0.704545,1.053030
7624,-0.659091,1.053030
7625,-0.613636,1.053030
7626,-0.568182,1.053030
7627,-0.522727,1.053030
7628,-0.477273,1.053030
7629,-0.431818,1.053030
7630,-0.386364,1.053030
7631,-0.340909,1.053030
7632,-0.295455,1.053030
7633,-0.250000,1.053030
7634,-0.204545,1.053030
7635,-0.159091,1.053030
7636,-0.113636,1.053030
7637,-0.068182,1.053030
7638,-0.022727,1.053030
7639,0.022727,1.053030
7640,0.068182,1.053030
7641,0.113636,1.053030
7642,0.159091,1.053030
7643,0.204545,1.053030
7644,0.250000,1.053030
7645,0.295455,1.053030
7646,0.340909,1.053030
7647,0.386364,1.053030
7648,0.431818,1.053030
7649,0.477273,1.053030
7650,0.522727,1.053030
7651,0.568182,1.053030
7652,0.613636,1.053030
7653,0.659091,1.053030
7654,0.704545,1.053030
7655,0.750000,1.053030
7656,0.795455,1.053030
7657,0.840909,1.053030
7658,0.886364,1.053030
7659,0.931818,1.053030
7660,0.977273,1.053030
7661,1.022727,1.053030
7662,1.068182,1.053030
7663,1.113636,1.053030
7664,1.159091,1.053030
7665,1.204545,1.053030
7666,1.250000,1.053030
7667,1.295455,1.053030
7668,1.340909,1.053030
7669,1.386364,1.053030
7670,1.431818,1.053030
7671,1.477273,1.053030
7672,1.522727,1.053030
7673,1.568182,1.053030
7674,1.613636,1.053030
7675,1.659091,1.053030
7676,1.704545,1.053030
7677,1.750000,1.053030
7678,1.795455,1.053030
7679,1.840909,1.053030
7680,1.886364,1.053030
7681,1.931818,1.053030
7682,1.977273,1.053030
7683,2.022727,1.053030
7684,2.068182,1.053030
7685,2.113636,1.053030
7686,2.159091,1.053030
7687,2.204545,1.053030
7688,2.250000,1.053030
7689,2.295455,1.053030
7690,2.340909,1.053030
7691,2.386364,1.053030
7692,2.431818,1.053030
7693,2.477273,1.053030
7694,2.522727,1.053030
7695,2.568182,1.053030
7696,2.613636,1.053030
7697,2.659091,1.053030
7698,2.704545,1.053030
7699,2.750000,1.053030
7700,-1.750000,1.083333
7701,-1.704545,1.083333
7702,-1.659091,1.083333
7703,-1.613636,1.083333
7704,-1.568182,1.083333
7705,-1.522727,1.083333
7706,-1.477273,1.083333
7707,-1.431818,1.083333
7708,-1.386364,1.083333
7709,-1.340909,1.083333
7710,-1.295455,1.083333
7711,-1.250000,1.083333
7712,-1.204545,1.083333
7713,-1.159091,1.083333
7714,-1.113636,1.083333
7715,-1.068182,1.083333
7716,-1.022727,1.083333
7717,-0.977273,1.083333
7718,-0.931818,1.083333
7719,-0.886364,1.083333
7720,-0.840909,1.083333
7721,-0.795455,1.083333
7722,-0.750000,1.083333
7723,-0.704545,1.083333
7724,-0.659091,1.083333
7725,-0.613636,1.083333
7726,-0.568182,1.083333
7727,-0.522727,1.083333
7728,-0.477273,1.083333
7729,-0.431818,1.083333
7730,-0.386364,1.083333
7731,-0.340909,1.083333
7732,-0.295455,1.083333
7733,-0.250000,1.083333
7734,-0.204545,1.083333
7735,-0.159091,1.083333
7736,-0.113636,1.083333
7737,-0.068182,1.083333
7738,-0.022727,1.083333
7739,0.022727,1.083333
7740,0.068182,1.083333
7741,0.113636,1.083333
7742,0.159091,1.083333
7743,0.204545,1.083333
7744,0.250000,1.083333
7745,0.295455,1.083333
7746,0.340909,1.083333
7747,0.386364,1.083333
7748,0.431818,1.083333
7749,0.477273,1.083333
7750,0.522727,1.083333
7751,0.568182,1.083333
7752,0.613636,1.083333
7753,0.659091,1.083333
7754,0.704545,1.083333
7755,0.750000,1.083333
7756,0.795455,1.083333
7757,0.840909,1.083333
7758,0.886364,1.083333
7759,0.931818,1.083333
7760,0.977273,1.083333
7761,1.022727,1.083333
7762,1.068182,1.083333
7763,1.113636,1.083333
7764,1.159091,1.083333
7765,1.204545,1.083333
7766,1.250000,1.083333
7767,1.295455,1.083333
7768,1.340909,1.083333
7769,1.386364,1.083333
7770,1.431818,1.083333
7771,1.477273,1.083333
7772,1.522727,1.083333
7773,1.568182,1.083333
7774,1.613636,1.083333
7775,1.659091,1.083333
7776,1.704545,1.083333
7777,1.750000,1.083333
7778,1.795455,1.083333
7779,1.840909,1.083333
7780,1.886364,1.083333
7781,1.931818,1.083333
7782,1.977273,1.083333
7783,2.022727,1.083333
7784,2.068182,1.083333
7785,2.113636,1.083333
7786,2.159091,1.083333
7787,2.204545,1.083333
7788,2.250000,1.083333
7789,2.295455,1.083333
7790,2.340909,1.083333
7791,2.386364,1.083333
7792,2.431818,1.083333
7793,2.477273,1.083333
7794,2.522727,1.083333
7795,2.568182,1.083333
7796,2.613636,1.083333
7797,2.659091,1.083333
7798,2.704545,1.083333
7799,2.750000,1.083333
7800,-1.750000,1.113636
7801,-1.704545,1.113636
7802,-1.659091,1.113636
7803,-1.613636,1.113636
7804,-1.568182,1.113636
7805,-1.522727,1.113636
7806,-1.477273,1.113636
7807,-1.431818,1.113636
7808,-1.386364,1.113636
7809,-1.340909,1.113636
7810,-1.295455,1.113636
7811,-1.250000,1.113636
7812,-1.204545,1.113636
7813,-1.159091,1.113636
7814,-1.113636,1.113636
7815,-1.068182,1.113636
7816,-1.022727,1.113636
7817,-0.977273,1.113636
7818,-0.931818,1.113636
7819,-0.886364,1.113636
7820,-0.840909,1.113636
7821,-0.795455,1.113636
7822,-0.750000,1.113636
7823,-0.704545,1.113636
7824,-0.659091,1.113636
7825,-0.613636,1.113636
7826,-0.568182,1.113636
7827,-0.522727,1.113636
7828,-0.477273,1.113636
7829,-0.431818,1.113636
7830,-0.386364,1.113636
7831,-0.340909,1.113636
7832,-0.295455,1.113636
7833,-0.250000,1.113636
7834,-0.204545,1.113636
7835,-0.159091,1.113636
7836,-0.113636,1.113636
7837,-0.068182,1.113636
7838,-0.022727,1.113636
7839,0.022727,1.113636
7840,0.068182,1.113636
7841,0.113636,1.113636
7842,0.159091,1.113636
7843,0.204545,1.113636
7844,0.250000,1.113636
7845,0.295455,1.113636
7846,0.340909,1.113636
7847,0.386364,1.113636
7848,0.431818,1.113636
7849,0.477273,1.113636
7850,0.522727,1.113636
7851,0.568182,1.113636
7852,0.613636,1.113636
7853,0.659091,1.113636
7854,0.704545,1.113636
7855,0.750000,1.113636
7856,0.795455,1.113636
7857,0.840909,1.113636
7858,0.886364,1.113636
7859,0.931818,1.113636
7860,0.977273,1.113636
7861,1.022727,1.113636
7862,1.068182,1.113636
7863,1.113636,1.113636
7864,1.159091,1.113636
7865,1.204545,1.113636
7866,1.250000,1.113636
7867,1.295455,1.113636
7868,1.340909,1.113636
7869,1.386364,1.113636
7870,1.431818,1.113636
7871,1.477273,1.113636
7872,1.522727,1.113636
7873,1.568182,1.113636
7874,1.613636,1.113636
7875,1.659091,1.113636
7876,1.704545,1.113636
7877,1.750000,1.113636
7878,1.795455,1.113636
7879,1.840909,1.113636
7880,1.886364,1.113636
7881,1.931818,1.113636
7882,1.977273,1.113636
7883,2.022727,1.113636
7884,2.068182,1.113636
7885,2.113636,1.113636
7886,2.159091,1.113636
7887,2.204545,1.113636
7888,2.250000,1.113636
7889,2.295455,1.113636
7890,2.340909,1.113636
7891,2.386364,1.113636
7892,2.431818,1.113636
7893,2.477273,1.113636
7894,2.522727,1.113636
7895,2.568182,1.113636
7896,2.613636,1.113636
7897,2.659091,1.113636
7898,2.704545,1.113636
7899,2.750000,1.113636
7900,-1.750000,1.143939
7901,-1.704545,1.143939
7902,-1.659091,1.143939
7903,-1.613636,1.143939
7904,-1.568182,1.143939
7905,-1.522727,1.143939
7906,-1.477273,1.143939
7907,-1.431818,1.143939
7908,-1.386364,1.143939
7909,-1.340909,1.143939
7910,-1.295455,1.143939
7911,-1.250000,1.143939
7912,-1.204545,1.143939
7913,-1.159091,1.143939
7914,-1.113636,1.143939
7915,-1.068182,1.143939
7916,-1.022727,1.143939
7917,-0.977273,1.143939
7918,-0.931818,1.143939
7919,-0.886364,1.143939
7920,-0.840909,1.143939
7921,-0.795455,1.143939
7922,-0.750000,1.143939
7923,-0.704545,1.143939
7924,-0.659091,1.143939
7925,-0.613636,1.143939
7926,-0.568182,1.143939
7927,-0.522727,1.143939
7928,-0.477273,1.143939
7929,-0.431818,1.143939
7930,-0.386364,1.143939
7931,-0.340909,1.143939
7932,-0.295455,1.143939
7933,-0.250000,1.143939
7934,-0.204545,1.143939
7935,-0.159091,1.143939
7936,-0.113636,1.143939
7937,-0.068182,1.143939
7938,-0.022727,1.143939
7939,0.022727,1.143939
7940,0.068182,1.143939
7941,0.113636,1.143939
7942,0.159091,1.143939
7943,0.204545,1.143939
7944,0.250000,1.143939
7945,0.295455,1.143939
7946,0.340909,1.143939
7947,0.386364,1.143939
7948,0.431818,1.143939
7949,0.477273,1.143939
7950,0.522727,1.143939
7951,0.568182,1.143939
7952,0.613636,1.143939
7953,0.659091,1.143939
7954,0.704545,1.143939
7955,0.750000,1.143939
7956,0.795455,1.143939
7957,0.840909,1.143939
7958,0.886364,1.143939
7959,0.931818,1.143939
7960,0.977273,1.143939
7961,1.022727,1.143939
7962,1.068182,1.143939
7963,1.113636,1.143939
7964,1.159091,1.143939
7965,1.204545,1.143939
7966,1.250000,1.143939
7967,1.295455,1.143939
7968,1.340909,1.143939
7969,1.386364,1.143939
7970,1.431818,1.143939
7971,1.477273,1.143939
7972,1.522727,1.143939
7973,1.568182,1.143939
7974,1.613636,1.143939
7975,1.659091,1.143939
7976,1.704545,1.143939
7977,1.750000,1.143939
7978,1.795455,1.143939
7979,1.840909,1.143939
7980,1.886364,1.143939
7981,1.931818,1.143939
7982,1.977273,1.143939
7983,2.022727,1.143939
7984,2.068182,1.143939
7985,2.113636,1.143939
7986,2.159091,1.143939
7987,2.204545,1.143939
7988,2.250000,1.143939
7989,2.295455,1.143939
7990,2.340909,1.143939
7991,2.386364,1.143939
7992,2.431818,1.143939
7993,2.477273,1.143939
7994,2.522727,1.143939
7995,2.568182,1.143939
7996,2.613636,1.143939
7997,2.659091,1.143939
7998,2.704545,1.143939
7999,2.750000,1.143939
8000,-1.750000,1.174242
8001,-1.704545,1.174242
8002,-1.659091,1.174242
8003,-1.613636,1.174242
8004,-1.568182,1.174242
8005,-1.522727,1.174242
8006,-1.477273,1.174242
8007,-1.431818,1.174242
8008,-1.386364,1.174242
8009,-1.340909,1.174242
8010,-1.295455,1.174242
8011,-1.250000,1.174242
8012,-1.204545,1.174242
8013,-1.159091,1.174242
8014,-1.113636,1.174242
8015,-1.068182,1.174242
8016,-1.022727,1.174242
8017,-0.977273,1.174242
8018,-0.931818,1.174242
8019,-0.886364,1.174242
8020,-0.840909,1.174242
8021,-0.795455,1.174242
8022,-0.750000,1.174242
8023,-0.704545,1.174242
8024,-0.659091,1.174242
8025,-0.613636,1.174242
8026,-0.568182,1.174242
8027,-0.522727,1.174242
8028,-0.477273,1.174242
8029,-0.431818,1.174242
8030,-0.386364,1.174242
8031,-0.340909,1.174242
8032,-0.295455,1.174242
8033,-0.250000,1.174242
8034,-0.204545,1.174242
8035,-0.159091,1.174242
8036,-0.113636,1.174242
8037,-0.068182,1.174242
8038,-0.022727,1.174242
8039,0.022727,1.174242
8040,0.068182,1.174242
8041,0.113636,1.174242
8042,0.159091,1.174242
8043,0.204545,1.174242
8044,0.250000,1.174242
8045,0.295455,1.174242
8046,0.340909,1.174242
8047,0.386364,1.174242
8048,0.431818,1.174242
8049,0.477273,1.174242
8050,0.522727,1.174242
8051,0.568182,1.174242
8052,0.613636,1.174242
8053,0.659091,1.174242
8054,0.704545,1.174242
8055,0.750000,1.174242
8056,0.795455,1.174242
8057,0.840909,1.174242
8058,0.886364,1.174242
8059,0.931818,1.174242
8060,0.977273,1.174242
8061,1.022727,1.174242
8062,1.068182,1.174242
8063,1.113636,1.174242
8064,1.159091,1.174242
8065,1.204545,1.174242
8066,1.250000,1.174242
8067,1.295455,1.174242
8068,1.340909,1.174242
8069,1.386364,1.174242
8070,1.431818,1.174242
8071,1.477273,1.174242
8072,1.522727,1.174242
8073,1.568182,1.174242
8074,1.613636,1.174242
8075,1.659091,1.174242
8076,1.704545,1.174242
8077,1.750000,1.174242
8078,1.795455,1.174242
8079,1.840909,1.174242
8080,1.886364,1.174242
8081,1.931818,1.174242
8082,1.977273,1.174242
8083,2.022727,1.174242
8084,2.068182,1.174242
8085,2.113636,1.174242
8086,2.159091,1.174242
8087,2.204545,1.174242
8088,2.250000,1.174242
8089,2.295455,1.174242
8090,2.340909,1.174242
8091,2.386364,1.174242
8092,2.431818,1.174242
8093,2.477273,1.174242
8094,2.522727,1.174242
8095,2.568182,1.174242
8096,2.613636,1.174242
8097,2.659091,1.174242
8098,2.704545,1.174242
8099,2.750000,1.174242
8100,-1.750000,1.204545
8101,-1.704545,1.204545
8102,-1.659091,1.204545
8103,-1.613636,1.204545
8104,-1.568182,1.204545
8105,-1.522727,1.204545
8106,-1.477273,1.204545
8107,-1.431818,1.204545
8108,-1.386364,1.204545
8109,-1.340909,1.204545
8110,-1.295455,1.204545
8111,-1.250000,1.204545
8112,-1.204545,1.204545
8113,-1.159091,1.204545
8114,-1.113636,1.204545
8115,-1.068182,1.204545
8116,-1.022727,1.204545
8117,-0.977273,1.204545
8118,-0.931818,1.204545
8119,-0.886364,1.204545
8120,-0.840909,1.204545
8121,-0.795455,1.204545
8122,-0.750000,1.204545
8123,-0.704545,1.204545
8124,-0.659091,1.204545
8125,-0.613636,1.204545
8126,-0.568182,1.204545
8127,-0.522727,1.204545
8128,-0.477273,1.204545
8129,-0.431818,1.204545
8130,-0.386364,1.204545
8131,-0.340909,1.204545
8132,-0.295455,1.204545
8133,-0.250000,1.204545
8134,-0.204545,1.204545
8135,-0.159091,1.204545
8136,-0.113636,1.204545
8137,-0.068182,1.204545
8138,-0.022727,1.204545
8139,0.022727,1.204545
8140,0.068182,1.204545
8141,0.113636,1.204545
8142,0.159091,1.204545
8143,0.204545,1.204545
8144,0.250000,1.204545
8145,0.295455,1.204545
8146,0.340909,1.204545
8147,0.386364,1.204545
8148,0.431818,1.204545
8149,0.477273,1.204545
8150,0.522727,1.204545
8151,0.568182,1.204545
8152,0.613636,1.204545
8153,0.659091,1.204545
8154,0.704545,1.204545
8155,0.750000,1.204545
8156,0.795455,1.204545
8157,0.840909,1.204545
8158,0.886364,1.204545
8159,0.931818,1.204545
8160,0.977273,1.204545
8161,1.022727,1.204545
8162,1.068182,1.204545
8163,1.113636,1.204545
8164,1.159091,1.204545
8165,1.204545,1.204545
8166,1.250000,1.204545
8167,1.295455,1.204545
8168,1.340909,1.204545
8169,1.386364,1.204545
8170,1.431818,1.204545
8171,1.477273,1.204545
8172,1.522727,1.204545
8173,1.568182,1.204545
8174,1.613636,1.204545
8175,1.659091,1.204545
8176,1.704545,1.204545
8177,1.750000,1.204545
8178,1.795455,1.204545
8179,1.840909,1.204545
8180,1.886364,1.204545
8181,1.931818,1.204545
8182,1.977273,1.204545
8183,2.022727,1.204545
8184,2.068182,1.204545
8185,2.113636,1.204545
8186,2.159091,1.204545
8187,2.204545,1.204545
8188,2.250000,1.204545
8189,2.295455,1.204545
8190,2.340909,1.204545
8191,2.386364,1.204545
8192,2.431818,1.204545
8193,2.477273,1.204545
8194,2.522727,1.204545
8195,2.568182,1.204545
8196,2.613636,1.204545
8197,2.659091,1.204545
8198,2.704545,1.204545
8199,2.750000,1.204545
8200,-1.750000,1.234848
8201,-1.704545,1.234848
8202,-1.659091,1.234848
8203,-1.613636,1.234848
8204,-1.568182,1.234848
8205,-1.522727,1.234848
8206,-1.477273,1.234848
8207,-1.431818,1.234848
8208,-1.386364,1.234848
8209,-1.340909,1.234848
8210,-1.295455,1.234848
8211,-1.250000,1.234848
8212,-1.204545,1.234848
8213,-1.159091,1.234848
8214,-1.113636,1.234848
8215,-1.068182,1.234848
8216,-1.022727,1.234848
8217,-0.977273,1.234848
8218,-0.931818,1.234848
8219,-0.886364,1.234848
8220,-0.840909,1.234848
8221,-0.795455,1.234848
8222,-0.750000,1.234848
8223,-0.704545,1.234848
8224,-0.659091,1.234848
8225,-0.613636,1.234848
8226,-0.568182,1.234848
8227,-0.522727,1.234848
8228,-0.477273,1.234848
8229,-0.431818,1.234848
8230,-0.386364,1.234848
8231,-0.340909,1.234848
8232,-0.295455,1.234848
8233,-0.250000,1.234848
8234,-0.204545,1.234848
8235,-0.159091,1.234848
8236,-0.113636,1.234848
8237,-0.068182,1.234848
8238,-0.022727,1.234848
8239,0.022727,1.234848
8240,0.068182,1.234848
8241,0.113636,1.234848
8242,0.159091,1.234848
8243,0.204545,1.234848
8244,0.250000,1.234848
8245,0.295455,1.234848
8246,0.340909,1.234848
8247,0.386364,1.234848
8248,0.431818,1.234848
8249,0.477273,1.234848
8250,0.522727,1.234848
8251,0.568182,1.234848
8252,0.613636,1.234848
8253,0.659091,1.234848
8254,0.704545,1.234848
8255,0.750000,1.234848
8256,0.795455,1.234848
8257,0.840909,1.234848
8258,0.886364,1.234848
8259,0.931818,1.234848
8260,0.977273,1.234848
8261,1.022727,1.234848
8262,1.068182,1.234848
8263,1.113636,1.234848
8264,1.159091,1.234848
8265,1.204545,1.234848
8266,1.250000,1.234848
8267,1.295455,1.234848
8268,1.340909,1.234848
8269,1.386364,1.234848
8270,1.431818,1.234848
8271,1.477273,1.234848
8272,1.522727,1.234848
8273,1.568182,1.234848
8274,1.613636,1.234848
8275,1.659091,1.234848
8276,1.704545,1.234848
8277,1.750000,1.234848
8278,1.795455,1.234848
8279,1.840909,1.234848
8280,1.886364,1.234848
8281,1.931818,1.234848
8282,1.977273,1.234848
8283,2.022727,1.234848
8284,2.068182,1.234848
8285,2.113636,1.234848
8286,2.159091,1.234848
8287,2.204545,1.234848
8288,2.250000,1.234848
8289,2.295455,1.234848
8290,2.340909,1.234848
8291,2.386364,1.234848
8292,2.431818,1.234848
8293,2.477273,1.234848
8294,2.522727,1.234848
8295,2.568182,1.234848
8296,2.613636,1.234848
8297,2.659091,1.234848
8298,2.704545,1.234848
8299,2.750000,1.234848
8300,-1.750000,1.265152
8301,-1.704545,1.265152
8302,-1.659091,1.265152
8303,-1.613636,1.265152
8304,-1.568182,1.265152
8305,-1.522727,1.265152
8306,-1.477273,1.265152
8307,-1.431818,1.265152
8308,-1.386364,1.265152
8309,-1.340909,1.265152
8310,-1.295455,1.265152
8311,-1.250000,1.265152
8312,-1.204545,1.265152
8313,-1.159091,1.265152
8314,-1.113636,1.265152
8315,-1.068182,1.265152
8316,-1.022727,1.265152
8317,-0.977273,1.265152
8318,-0.931818,1.265152
8319,-0.886364,1.265152
8320,-0.840909,1.265152
8321,-0.795455,1.265152
8322,-0.750000,1.265152
8323,-0.704545,1.265152
8324,-0.659091,1.265152
8325,-0.613636,1.265152
8326,-0.568182,1.265152
8327,-0.522727,1.265152
8328,-0.477273,1.265152
8329,-0.431818,1.265152
8330,-0.386364,1.265152
8331,-0.340909,1.265152
8332,-0.295455,1.265152
8333,-0.250000,1.265152
8334,-0.204545,1.265152
8335,-0.159091,1.265152
8336,-0.113636,1.265152
8337,-0.068182,1.265152
8338,-0.022727,1.265152
8339,0.022727,1.265152
8340,0.068182,1.265152
8341,0.113636,1.265152
8342,0.159091,1.265152
8343,0.204545,1.265152
8344,0.250000,1.265152
8345,0.295455,1.265152
8346,0.340909,1.265152
8347,0.386364,1.265152
8348,0.431818,1.265152
8349,0.477273,1.265152
8350,0.522727,1.265152
8351,0.568182,1.265152
8352,0.613636,1.265152
8353,0.659091,1.265152
8354,0.704545,1.265152
8355,0.750000,1.265152
8356,0.795455,1.265152
8357,0.840909,1.265152
8358,0.886364,1.265152
8359,0.931818,1.265152
8360,0.977273,1.265152
8361,1.022727,1.265152
8362,1.068182,1.265152
8363,1.113636,1.265152
8364,1.159091,1.265152
8365,1.204545,1.265152
8366,1.250000,1.265152
8367,1.295455,1.265152
8368,1.340909,1.265152
8369,1.386364,1.265152
8370,1.431818,1.265152
8371,1.477273,1.265152
8372,1.522727,1.265152
8373,1.568182,1.265152
8374,1.613636,1.265152
8375,1.659091,1.265152
8376,1.704545,1.265152
8377,1.750000,1.265152
8378,1.795455,1.265152
8379,1.840909,1.265152
8380,1.886364,1.265152
8381,1.931818,1.265152
8382,1.977273,1.265152
8383,2.022727,1.265152
8384,2.068182,1.265152
8385,2.113636,1.265152
8386,2.159091,1.265152
8387,2.204545,1.265152
8388,2.250000,1.265152
8389,2.295455,1.265152
8390,2.340909,1.265152
8391,2.386364,1.265152
8392,2.431818,1.265152
8393,2.477273,1.265152
8394,2.522727,1.265152
8395,2.568182,1.265152
8396,2.613636,1.265152
8397,2.659091,1.265152
8398,2.704545,1.265152
8399,2.750000,1.265152
8400,-1.750000,1.295455
8401,-1.704545,1.295455
8402,-1.659091,1.295455
8403,-1.613636,1.295455
8404,-1.568182,1.295455
8405,-1.522727,1.295455
8406,-1.477273,1.295455
8407,-1.431818,1.295455
8408,-1.386364,1.295455
8409,-1.340909,1.295455
8410,-1.295455,1.295455
8411,-1.250000,1.295455
8412,-1.204545,1.295455
8413,-1.159091,1.295455
8414,-1.113636,1.295455
8415,-1.068182,1.295455
8416,-1.022727,1.295455
8417,-0.977273,1.295455
8418,-0.931818,1.295455
8419,-0.886364,1.295455
8420,-0.840909,1.295455
8421,-0.795455,1.295455
8422,-0.750000,1.295455
8423,-0.704545,1.295455
8424,-0.659091,1.295455
8425,-0.613636,1.295455
8426,-0.568182,1.295455
8427,-0.522727,1.295455
8428,-0.477273,1.295455
8429,-0.431818,1.295455
8430,-0.386364,1.295455
8431,-0.340909,1.295455
8432,-0.295455,1.295455
8433,-0.250000,1.295455
8434,-0.204545,1.295455
8435,-0.159091,1.295455
8436,-0.113636,1.295455
8437,-0.068182,1.295455
8438,-0.022727,1.295455
8439,0.022727,1.295455
8440,0.068182,1.295455
8441,0.113636,1.295455
8442,0.159091,1.295455
8443,0.204545,1.295455
8444,0.250000,1.295455
8445,0.295455,1.295455
8446,0.340909,1.295455
8447,0.386364,1.295455
8448,0.431818,1.295455
8449,0.477273,1.295455
8450,0.522727,1.295455
8451,0.568182,1.295455
8452,0.613636,1.295455
8453,0.659091,1.295455
8454,0.704545,1.295455
8455,0.750000,1.295455
8456,0.795455,1.295455
8457,0.840909,1.295455
8458,0.886364,1.295455
8459,0.931818,1.295455
8460,0.977273,1.295455
8461,1.022727,1.295455
8462,1.068182,1.295455
8463,1.113636,1.295455
8464,1.159091,1.295455
8465,1.204545,1.295455
8466,1.250000,1.295455
8467,1.295455,1.295455
8468,1.340909,1.295455
8469,1.386364,1.295455
8470,1.431818,1.295455
8471,1.477273,1.295455
8472,1.522727,1.295455
8473,1.568182,1.295455
8474,1.613636,1.295455
8475,1.659091,1.295455
8476,1.704545,1.295455
8477,1.750000,1.295455
8478,1.795455,1.295455
8479,1.840909,1.295455
8480,1.886364,1.295455
8481,1.931818,1.295455
8482,1.977273,1.295455
8483,2.022727,1.295455
8484,2.068182,1.295455
8485,2.113636,1.295455
8486,2.159091,1.295455
8487,2.204545,1.295455
8488,2.250000,1.295455
8489,2.295455,1.295455
8490,2.340909,1.295455
8491,2.386364,1.295455
8492,2.431818,1.295455
8493,2.477273,1.295455
8494,2.522727,1.295455
8495,2.568182,1.295455
8496,2.613636,1.295455
8497,2.659091,1.295455
8498,2.704545,1.295455
8499,2.750000,1.295455
8500,-1.750000,1.325758
8501,-1.704545,1.325758
8502,-1.659091,1.325758
8503,-1.613636,1.325758
8504,-1.568182,1.325758
8505,-1.522727,1.325758
8506,-1.477273,1.325758
8507,-1.431818,1.325758
8508,-1.386364,1.325758
8509,-1.340909,1.325758
8510,-1.295455,1.325758
8511,-1.250000,1.325758
8512,-1.204545,1.325758
8513,-1.159091,1.325758
8514,-1.113636,1.325758
8515,-1.068182,1.325758
8516,-1.022727,1.325758
8517,-0.977273,1.325758
8518,-0.931818,1.325758
8519,-0.886364,1.325758
8520,-0.840909,1.325758
8521,-0.795455,1.325758
8522,-0.750000,1.325758
8523,-0.704545,1.325758
8524,-0.659091,1.325758
8525,-0.613636,1.325758
8526,-0.568182,1.325758
8527,-0.522727,1.325758
8528,-0.477273,1.325758
8529,-0.431818,1.325758
8530,-0.386364,1.325758
8531,-0.340909,1.325758
8532,-0.295455,1.325758
8533,-0.250000,1.325758
8534,-0.204545,1.325758
8535,-0.159091,1.325758
8536,-0.113636,1.325758
8537,-0.068182,1.325758
8538,-0.022727,1.325758
8539,0.022727,1.325758
8540,0.068182,1.325758
8541,0.113636,1.325758
8542,0.159091,1.325758
8543,0.204545,1.325758
8544,0.250000,1.325758
8545,0.295455,1.325758
8546,0.340909,1.325758
8547,0.386364,1.325758
8548,0.431818,1.325758
8549,0.477273,1.325758
8550,0.522727,1.325758
8551,0.568182,1.325758
8552,0.613636,1.325758
8553,0.659091,1.325758
8554,0.704545,1.325758
8555,0.750000,1.325758
8556,0.795455,1.325758
8557,0.840909,1.325758
8558,0.886364,1.325758
8559,0.931818,1.325758
8560,0.977273,1.325758
8561,1.022727,1.325758
8562,1.068182,1.325758
8563,1.113636,1.325758
8564,1.159091,1.325758
8565,1.204545,1.325758
8566,1.250000,1.325758
8567,1.295455,1.325758
8568,1.340909,1.325758
8569,1.386364,1.325758
8570,1.431818,1.325758
8571,1.477273,1.325758
8572,1.522727,1.325758
8573,1.568182,1.325758
8574,1.613636,1.325758
8575,1.659091,1.325758
8576,1.704545,1.325758
8577,1.750000,1.325758
8578,1.795455,1.325758
8579,1.840909,1.325758
8580,1.886364,1.325758
8581,1.931818,1.325758
8582,1.977273,1.325758
8583,2.022727,1.325758
8584,2.068182,1.325758
8585,2.113636,1.325758
8586,2.159091,1.325758
8587,2.204545,1.325758
8588,2.250000,1.325758
8589,2.295455,1.325758
8590,2.340909,1.325758
8591,2.386364,1.325758
8592,2.431818,1.325758
8593,2.477273,1.325758
8594,2.522727,1.325758
8595,2.568182,1.325758
8596,2.613636,1.325758
8597,2.659091,1.325758
8598,2.704545,1.325758
8599,2.750000,1.325758
8600,-1.750000,1.356061
8601,-1.704545,1.356061
8602,-1.659091,1.356061
8603,-1.613636,1.356061
8604,-1.568182,1.356061
8605,-1.522727,1.356061
8606,-1.477273,1.356061
8607,-1.431818,1.356061
8608,-1.386364,1.356061
8609,-1.340909,1.356061
8610,-1.295455,1.356061
8611,-1.250000,1.356061
8612,-1.204545,1.356061
8613,-1.159091,1.356061
8614,-1.113636,1.356061
8615,-1.068182,1.356061
8616,-1.022727,1.356061
8617,-0.977273,1.356061
8618,-0.931818,1.356061
8619,-0.886364,1.356061
8620,-0.840909,1.356061
8621,-0.795455,1.356061
8622,-0.750000,1.356061
8623,-0.704545,1.356061
8624,-0.659091,1.356061
8625,-0.613636,1.356061
8626,-0.568182,1.356061
8627,-0.522727,1.356061
8628,-0.477273,1.356061
8629,-0.431818,1.356061
8630,-0.386364,1.356061
8631,-0.340909,1.356061
8632,-0.295455,1.356061
8633,-0.250000,1.356061
8634,-0.204545,1.356061
8635,-0.159091,1.356061
8636,-0.113636,1.356061
8637,-0.068182,1.356061
8638,-0.022727,1.356061
8639,0.022727,1.356061
8640,0.068182,1.356061
8641,0.113636,1.356061
8642,0.159091,1.356061
8643,0.204545,1.356061
8644,0.250000,1.356061
8645,0.295455,1.356061
8646,0.340909,1.356061
8647,0.386364,1.356061
8648,0.431818,1.356061
8649,0.477273,1.356061
8650,0.522727,1.356061
8651,0.568182,1.356061
8652,0.613636,1.356061
8653,0.659091,1.356061
8654,0.704545,1.356061
8655,0.750000,1.356061
8656,0.795455,1.356061
8657,0.840909,1.356061
8658,0.886364,1.356061
8659,0.931818,1.356061
8660,0.977273,1.356061
8661,1.022727,1.356061
8662,1.068182,1.356061
8663,1.113636,1.356061
8664,1.159091,1.356061
8665,1.204545,1.356061
8666,1.250000,1.356061
8667,1.295455,1.356061
8668,1.340909,1.356061
8669,1.386364,1.356061
8670,1.431818,1.356061
8671,1.477273,1.356061
8672,1.522727,1.356061
8673,1.568182,1.356061
8674,1.613636,1.356061
8675,1.659091,1.356061
8676,1.704545,1.356061
8677,1.750000,1.356061
8678,1.795455,1.356061
8679,1.840909,1.356061
8680,1.886364,1.356061
8681,1.931818,1.356061
8682,1.977273,1.356061
8683,2.022727,1.356061
8684,2.068182,1.356061
8685,2.113636,1.356061
8686,2.159091,1.356061
8687,2.204545,1.356061
8688,2.250000,1.356061
8689,2.295455,1.356061
8690,2.340909,1.356061
8691,2.386364,1.356061
8692,2.431818,1.356061
8693,2.477273,1.356061
8694,2.522727,1.356061
8695,2.568182,1.356061
8696,2.613636,1.356061
8697,2.659091,1.356061
8698,2.704545,1.356061
8699,2.750000,1.356061
8700,-1.750000,1.386364
8701,-1.704545,1.386364
8702,-1.659091,1.386364
8703,-1.613636,1.386364
8704,-1.568182,1.386364
8705,-1.522727,1.386364
8706,-1.477273,1.386364
8707,-1.431818,1.386364
8708,-1.386364,1.386364
8709,-1.340909,1.386364
8710,-1.295455,1.386364
8711,-1.250000,1.386364
8712,-1.204545,1.386364
8713,-1.159091,1.386364
8714,-1.113636,1.386364
8715,-1.068182,1.386364
8716,-1.022727,1.386364
8717,-0.977273,1.386364
8718,-0.931818,1.386364
8719,-0.886364,1.386364
8720,-0.840909,1.386364
8721,-0.795455,1.386364
8722,-0.750000,1.386364
8723,-0.704545,1.386364
8724,-0.659091,1.386364
8725,-0.613636,1.386364
8726,-0.568182,1.386364
8727,-0.522727,1.386364
8728,-0.477273,1.386364
8729,-0.431818,1.386364
8730,-0.386364,1.386364
8731,-0.340909,1.386364
8732,-0.295455,1.386364
8733,-0.250000,1.386364
8734,-0.204545,1.386364
8735,-0.159091,1.386364
8736,-0.113636,1.386364
8737,-0.068182,1.386364
8738,-0.022727,1.386364
8739,0.022727,1.386364
8740,0.068182,1.386364
8741,0.113636,1.386364
8742,0.159091,1.386364
8743,0.204545,1.386364
8744,0.250000,1.386364
8745,0.295455,1.386364
8746,0.340909,1.386364
8747,0.386364,1.386364
8748,0.431818,1.386364
8749,0.477273,1.386364
8750,0.522727,1.386364
8751,0.568182,1.386364
8752,0.613636,1.386364
8753,0.659091,1.386364
8754,0.704545,1.386364
8755,0.750000,1.386364
8756,0.795455,1.386364
8757,0.840909,1.386364
8758,0.886364,1.386364
8759,0.931818,1.386364
8760,0.977273,1.386364
8761,1.022727,1.386364
8762,1.068182,1.386364
8763,1.113636,1.386364
8764,1.159091,1.386364
8765,1.204545,1.386364
8766,1.250000,1.386364
8767,1.295455,1.386364
8768,1.340909,1.386364
8769,1.386364,1.386364
8770,1.431818,1.386364
8771,1.477273,1.386364
8772,1.522727,1.386364
8773,1.568182,1.386364
8774,1.613636,1.386364
8775,1.659091,1.386364
8776,1.704545,1.386364
8777,1.750000,1.386364
8778,1.795455,1.386364
8779,1.840909,1.386364
8780,1.886364,1.386364
8781,1.931818,1.386364
8782,1.977273,1.386364
8783,2.022727,1.386364
8784,2.068182,1.386364
8785,2.113636,1.386364
8786,2.159091,1.386364
8787,2.204545,1.386364
8788,2.250000,1.386364
8789,2.295455,1.386364
8790,2.340909,1.386364
8791,2.386364,1.386364
8792,2.431818,1.386364
8793,2.477273,1.386364
8794,2.522727,1.386364
8795,2.568182,1.386364
8796,2.613636,1.386364
8797,2.659091,1.386364
8798,2.704545,1.386364
8799,2.750000,1.386364
8800,-1.750000,1.416667
8801,-1.704545,1.416667
8802,-1.659091,1.416667
8803,-1.613636,1.416667
8804,-1.568182,1.416667
8805,-1.522727,1.416667
8806,-1.477273,1.416667
8807,-1.431818,1.416667
8808,-1.386364,1.416667
8809,-1.340909,1.416667
8810,-1.295455,1.416667
8811,-1.250000,1.416667
8812,-1.204545,1.416667
8813,-1.159091,1.416667
8814,-1.113636,1.416667
8815,-1.068182,1.416667
8816,-1.022727,1.416667
8817,-0.977273,1.416667
8818,-0.931818,1.416667
8819,-0.886364,1.416667
8820,-0.840909,1.416667
8821,-0.795455,1.416667
8822,-0.750000,1.416667
8823,-0.704545,1.416667
8824,-0.659091,1.416667
8825,-0.613636,1.416667
8826,-0.568182,1.416667
8827,-0.522727,1.416667
8828,-0.477273,1.416667
8829,-0.431818,1.416667
8830,-0.386364,1.416667
8831,-0.340909,1.416667
8832,-0.295455,1.416667
8833,-0.250000,1.416667
8834,-0.204545,1.416667
8835,-0.159091,1.416667
8836,-0.113636,1.416667
8837,-0.068182,1.416667
8838,-0.022727,1.416667
8839,0.022727,1.416667
8840,0.068182,1.416667
8841,0.113636,1.416667
8842,0.159091,1.416667
8843,0.204545,1.416667
8844,0.250000,1.416667
8845,0.295455,1.416667
8846,0.340909,1.416667
8847,0.386364,1.416667
8848,0.431818,1.416667
8849,0.477273,1.416667
8850,0.522727,1.416667
8851,0.568182,1.416667
8852,0.613636,1.416667
8853,0.659091,1.416667
8854,0.704545,1.416667
8855,0.750000,1.416667
8856,0.795455,1.416667
8857,0.840909,1.416667
8858,0.886364,1.416667
8859,0.931818,1.416667
8860,0.977273,1.416667
8861,1.022727,1.416667
8862,1.068182,1.416667
8863,1.113636,1.416667
8864,1.159091,1.416667
8865,1.204545,1.416667
8866,1.250000,1.416667
8867,1.295455,1.416667
8868,1.340909,1.416667
8869,1.386364,1.416667
8870,1.431818,1.416667
8871,1.477273,1.416667
8872,1.522727,1.416667
8873,1.568182,1.416667
8874,1.613636,1.416667
8875,1.659091,1.416667
8876,1.704545,1.416667
8877,1.750000,1.416667
8878,1.795455,1.416667
8879,1.840909,1.416667
8880,1.886364,1.416667
8881,1.931818,1.416667
8882,1.977273,1.416667
8883,2.022727,1.416667
8884,2.068182,1.416667
8885,2.113636,1.416667
8886,2.159091,1.416667
8887,2.204545,1.416667
8888,2.250000,1.416667
8889,2.295455,1.416667
8890,2.340909,1.416667
8891,2.386364,1.416667
8892,2.431818,1.416667
8893,2.477273,1.416667
8894,2.522727,1.416667
8895,2.568182,1.416667
8896,2.613636,1.416667
8897,2.659091,1.416667
8898,2.704545,1.416667
8899,2.750000,1.416667
8900,-1.750000,1.446970
8901,-1.704545,1.446970
8902,-1.659091,1.446970
8903,-1.613636,1.446970
8904,-1.568182,1.446970
8905,-1.522727,1.446970
8906,-1.477273,1.446970
8907,-1.431818,1.446970
8908,-1.386364,1.446970
8909,-1.340909,1.446970
8910,-1.295455,1.446970
8911,-1.250000,1.446970
8912,-1.204545,1.446970
8913,-1.159091,1.446970
8914,-1.113636,1.446970
8915,-1.068182,1.446970
8916,-1.022727,1.446970
8917,-0.977273,1.446970
8918,-0.931818,1.446970
8919,-0.886364,1.446970
8920,-0.840909,1.446970
8921,-0.795455,1.446970
8922,-0.750000,1.446970
8923,-0.704545,1.446970
8924,-0.659091,1.446970
8925,-0.613636,1.446970
8926,-0.568182,1.446970
8927,-0.522727,1.446970
8928,-0.477273,1.446970
8929,-0.431818,1.446970
8930,-0.386364,1.446970
8931,-0.340909,1.446970
8932,-0.295455,1.446970
8933,-0.250000,1.446970
8934,-0.204545,1.446970
8935,-0.159091,1.446970
8936,-0.113636,1.446970
8937,-0.068182,1.446970
8938,-0.022727,1.446970
8939,0.022727,1.446970
8940,0.068182,1.446970
8941,0.113636,1.446970
8942,0.159091,1.446970
8943,0.204545,1.446970
8944,0.250000,1.446970
8945,0.295455,1.446970
8946,0.340909,1.446970
8947,0.386364,1.446970
8948,0.431818,1.446970
8949,0.477273,1.446970
8950,0.522727,1.446970
8951,0.568182,1.446970
8952,0.613636,1.446970
8953,0.659091,1.446970
8954,0.704545,1.446970
8955,0.750000,1.446970
8956,0.795455,1.446970
8957,0.840909,1.446970
8958,0.886364,1.446970
8959,0.931818,1.446970
8960,0.977273,1.446970
8961,1.022727,1.446970
8962,1.068182,1.446970
8963,1.113636,1.446970
8964,1.159091,1.446970
8965,1.204545,1.446970
8966,1.250000,1.446970
8967,1.295455,1.446970
8968,1.340909,1.446970
8969,1.386364,1.446970
8970,1.431818,1.446970
8971,1.477273,1.446970
8972,1.522727,1.446970
8973,1.568182,1.446970
8974,1.613636,1.446970
8975,1.659091,1.446970
8976,1.704545,1.446970
8977,1.750000,1.446970
8978,1.795455,1.446970
8979,1.840909,1.446970
8980,1.886364,1.446970
8981,1.931818,1.446970
8982,1.977273,1.446970
8983,2.022727,1.446970
8984,2.068182,1.446970
8985,2.113636,1.446970
8986,2.159091,1.446970
8987,2.204545,1.446970
8988,2.250000,1.446970
8989,2.295455,1.446970
8990,2.340909,1.446970
8991,2.386364,1.446970
8992,2.431818,1.446970
8993,2.477273,1.446970
8994,2.522727,1.446970
8995,2.568182,1.446970
8996,2.613636,1.446970
8997,2.659091,1.446970
8998,2.704545,1.446970
8999,2.750000,1.446970
9000,-1.750000,1.477273
9001,-1.704545,1.477273
9002,-1.659091,1.477273
9003,-1.613636,1.477273
9004,-1.568182,1.477273
9005,-1.522727,1.477273
9006,-1.477273,1.477273
9007,-1.431818,1.477273
9008,-1.386364,1.477273
9009,-1.340909,1.477273
9010,-1.295455,1.477273
9011,-1.250000,1.477273
9012,-1.204545,1.477273
9013,-1.159091,1.477273
9014,-1.113636,1.477273
9015,-1.068182,1.477273
9016,-1.022727,1.477273
9017,-0.977273,1.477273
9018,-0.931818,1.477273
9019,-0.886364,1.477273
9020,-0.840909,1.477273
9021,-0.795455,1.477273
9022,-0.750000,1.477273
9023,-0.704545,1.477273
9024,-0.659091,1.477273
9025,-0.613636,1.477273
9026,-0.568182,1.477273
9027,-0.522727,1.477273
9028,-0.477273,1.477273
9029,-0.431818,1.477273
9030,-0.386364,1.477273
9031,-0.340909,1.477273
9032,-0.295455,1.477273
9033,-0.250000,1.477273
9034,-0.204545,1.477273
9035,-0.159091,1.477273
9036,-0.113636,1.477273
9037,-0.068182,1.477273
9038,-0.022727,1.477273
9039,0.022727,1.477273
9040,0.068182,1.477273
9041,0.113636,1.477273
9042,0.159091,1.477273
9043,0.204545,1.477273
9044,0.250000,1.477273
9045,0.295455,1.477273
9046,0.340909,1.477273
9047,0.386364,1.477273
9048,0.431818,1.477273
9049,0.477273,1.477273
9050,0.522727,1.477273
9051,0.568182,1.477273
9052,0.613636,1.477273
9053,0.659091,1.477273
9054,0.704545,1.477273
9055,0.750000,1.477273
9056,0.795455,1.477273
9057,0.840909,1.477273
9058,0.886364,1.477273
9059,0.931818,1.477273
9060,0.977273,1.477273
9061,1.022727,1.477273
9062,1.068182,1.477273
9063,1.113636,1.477273
9064,1.159091,1.477273
9065,1.204545,1.477273
9066,1.250000,1.477273
9067,1.295455,1.477273
9068,1.340909,1.477273
9069,1.386364,1.477273
9070,1.431818,1.477273
9071,1.477273,1.477273
9072,1.522727,1.477273
9073,1.568182,1.477273
9074,1.613636,1.477273
9075,1.659091,1.477273
9076,1.704545,1.477273
9077,1.750000,1.477273
9078,1.795455,1.477273
9079,1.840909,1.477273
9080,1.886364,1.477273
9081,1.931818,1.477273
9082,1.977273,1.477273
9083,2.022727,1.477273
9084,2.068182,1.477273
9085,2.113636,1.477273
9086,2.159091,1.477273
9087,2.204545,1.477273
9088,2.250000,1.477273
9089,2.295455,1.477273
9090,2.340909,1.477273
9091,2.386364,1.477273
9092,2.431818,1.477273
9093,2.477273,1.477273
9094,2.522727,1.477273
9095,2.568182,1.477273
9096,2.613636,1.477273
9097,2.659091,1.477273
9098,2.704545,1.477273
9099,2.750000,1.477273
9100,-1.750000,1.507576
9101,-1.704545,1.507576
9102,-1.659091,1.507576
9103,-1.613636,1.507576
9104,-1.568182,1.507576
9105,-1.522727,1.507576
9106,-1.477273,1.507576
9107,-1.431818,1.507576
9108,-1.386364,1.507576
9109,-1.340909,1.507576
9110,-1.295455,1.507576
9111,-1.250000,1.507576
9112,-1.204545,1.507576
9113,-1.159091,1.507576
9114,-1.113636,1.507576
9115,-1.068182,1.507576
9116,-1.022727,1.507576
9117,-0.977273,1.507576
9118,-0.931818,1.507576
9119,-0.886364,1.507576
9120,-0.840909,1.507576
9121,-0.795455,1.507576
9122,-0.750000,1.507576
9123,-0.704545,1.507576
9124,-0.659091,1.507576
9125,-0.613636,1.507576
9126,-0.568182,1.507576
9127,-0.522727,1.507576
9128,-0.477273,1.507576
9129,-0.431818,1.507576
9130,-0.386364,1.507576
9131,-0.340909,1.507576
9132,-0.295455,1.507576
9133,-0.250000,1.507576
9134,-0.204545,1.507576
9135,-0.159091,1.507576
9136,-0.113636,1.507576
9137,-0.068182,1.507576
9138,-0.022727,1.507576
9139,0.022727,1.507576
9140,0.068182,1.507576
9141,0.113636,1.507576
9142,0.159091,1.507576
9143,0.204545,1.507576
9144,0.250000,1.507576
9145,0.295455,1.507576
9146,0.340909,1.507576
9147,0.386364,1.507576
9148,0.431818,1.507576
9149,0.477273,1.507576
9150,0.522727,1.507576
9151,0.568182,1.507576
9152,0.613636,1.507576
9153,0.659091,1.507576
9154,0.704545,1.507576
9155,0.750000,1.507576
9156,0.795455,1.507576
9157,0.840909,1.507576
9158,0.886364,1.507576
9159,0.931818,1.507576
9160,0.977273,1.507576
9161,1.022727,1.507576
9162,1.068182,1.507576
9163,1.113636,1.507576
9164,1.159091,1.507576
9165,1.204545,1.507576
9166,1.250000,1.507576
9167,1.295455,1.507576
9168,1.340909,1.507576
9169,1.386364,1.507576
9170,1.431818,1.507576
9171,1.477273,1.507576
9172,1.522727,1.507576
9173,1.568182,1.507576
9174,1.613636,1.507576
9175,1.659091,1.507576
9176,1.704545,1.507576
9177,1.750000,1.507576
9178,1.795455,1.507576
9179,1.840909,1.507576
9180,1.886364,1.507576
9181,1.931818,1.507576
9182,1.977273,1.507576
9183,2.022727,1.507576
9184,2.068182,1.507576
9185,2.113636,1.507576
9186,2.159091,1.507576
9187,2.204545,1.507576
9188,2.250000,1.507576
9189,2.295455,1.507576
9190,2.340909,1.507576
9191,2.386364,1.507576
9192,2.431818,1.507576
9193,2.477273,1.507576
9194,2.522727,1.507576
9195,2.568182,1.507576
9196,2.613636,1.507576
9197,2.659091,1.507576
9198,2.704545,1.507576
9199,2.750000,1.507576
9200,-1.750000,1.537879
9201,-1.704545,1.537879
9202,-1.659091,1.537879
9203,-1.613636,1.537879
9204,-1.568182,1.537879
9205,-1.522727,1.537879
9206,-1.477273,1.537879
9207,-1.431818,1.537879
9208,-1.386364,1.537879
9209,-1.340909,1.537879
9210,-1.295455,1.537879
9211,-1.250000,1.537879
9212,-1.204545,1.537879
9213,-1.159091,1.537879
9214,-1.113636,1.537879
9215,-1.068182,1.537879
9216,-1.022727,1.537879
9217,-0.977273,1.537879
9218,-0.931818,1.537879
9219,-0.886364,1.537879
9220,-0.840909,1.537879
9221,-0.795455,1.537879
9222,-0.750000,1.537879
9223,-0.704545,1.537879
9224,-0.659091,1.537879
9225,-0.613636,1.537879
9226,-0.568182,1.537879
9227,-0.522727,1.537879
9228,-0.477273,1.537879
9229,-0.431818,1.537879
9230,-0.386364,1.537879
9231,-0.340909,1.537879
9232,-0.295455,1.537879
9233,-0.250000,1.537879
9234,-0.204545,1.537879
9235,-0.159091,1.537879
9236,-0.113636,1.537879
9237,-0.068182,1.537879
9238,-0.022727,1.537879
9239,0.022727,1.537879
9240,0.068182,1.537879
9241,0.113636,1.537879
9242,0.159091,1.537879
9243,0.204545,1.537879
9244,0.250000,1.537879
9245,0.295455,1.537879
9246,0.340909,1.537879
9247,0.386364,1.537879
9248,0.431818,1.537879
9249,0.477273,1.537879
9250,0.522727,1.537879
9251,0.568182,1.537879
9252,0.613636,1.537879
9253,0.659091,1.537879
9254,0.704545,1.537879
9255,0.750000,1.537879
9256,0.795455,1.537879
9257,0.840909,1.537879
9258,0.886364,1.537879
9259,0.931818,1.537879
9260,0.977273,1.537879
9261,1.022727,1.537879
9262,1.068182,1.537879
9263,1.113636,1.537879
9264,1.159091,1.537879
9265,1.204545,1.537879
9266,1.250000,1.537879
9267,1.295455,1.537879
9268,1.340909,1.537879
9269,1.386364,1.537879
9270,1.431818,1.537879
9271,1.477273,1.537879
9272,1.522727,1.537879
9273,1.568182,1.537879
9274,1.613636,1.537879
9275,1.659091,1.537879
9276,1.704545,1.537879
9277,1.750000,1.537879
9278,1.795455,1.537879
9279,1.840909,1.537879
9280,1.886364,1.537879
9281,1.931818,1.537879
9282,1.977273,1.537879
9283,2.022727,1.537879
9284,2.068182,1.537879
9285,2.113636,1.537879
9286,2.159091,1.537879
9287,2.204545,1.537879
9288,2.250000,1.537879
9289,2.295455,1.537879
9290,2.340909,1.537879
9291,2.386364,1.537879
9292,2.431818,1.537879
9293,2.477273,1.537879
9294,2.522727,1.537879
9295,2.568182,1.537879
9296,2.613636,1.537879
9297,2.659091,1.537879
9298,2.704545,1.537879
9299,2.750000,1.537879
9300,-1.750000,1.568182
9301,-1.704545,1.568182
9302,-1.659091,1.568182
9303,-1.613636,1.568182
9304,-1.568182,1.568182
9305,-1.522727,1.568182
9306,-1.477273,1.568182
9307,-1.431818,1.568182
9308,-1.386364,1.568182
9309,-1.340909,1.568182
9310,-1.295455,1.568182
9311,-1.250000,1.568182
9312,-1.204545,1.568182
9313,-1.159091,1.568182
9314,-1.113636,1.568182
9315,-1.068182,1.568182
9316,-1.022727,1.568182
9317,-0.977273,1.568182
9318,-0.931818,1.568182
9319,-0.886364,1.568182
9320,-0.840909,1.568182
9321,-0.795455,1.568182
9322,-0.750000,1.568182
9323,-0.704545,1.568182
9324,-0.659091,1.568182
9325,-0.613636,1.568182
9326,-0.568182,1.568182
9327,-0.522727,1.568182
9328,-0.477273,1.568182
9329,-0.431818,1.568182
9330,-0.386364,1.568182
9331,-0.340909,1.568182
9332,-0.295455,1.568182
9333,-0.250000,1.568182
9334,-0.204545,1.568182
9335,-0.159091,1.568182
9336,-0.113636,1.568182
9337,-0.068182,1.568182
9338,-0.022727,1.568182
9339,0.022727,1.568182
9340,0.068182,1.568182
9341,0.113636,1.568182
9342,0.159091,1.568182
9343,0.204545,1.568182
9344,0.250000,1.568182
9345,0.295455,1.568182
9346,0.340909,1.568182
9347,0.386364,1.568182
9348,0.431818,1.568182
9349,0.477273,1.568182
9350,0.522727,1.568182
9351,0.568182,1.568182
9352,0.613636,1.568182
9353,0.659091,1.568182
9354,0.704545,1.568182
9355,0.750000,1.568182
9356,0.795455,1.568182
9357,0.840909,1.568182
9358,0.886364,1.568182
9359,0.931818,1.568182
9360,0.977273,1.568182
9361,1.022727,1.568182
9362,1.068182,1.568182
9363,1.113636,1.568182
9364,1.159091,1.568182
9365,1.204545,1.568182
9366,1.250000,1.568182
9367,1.295455,1.568182
9368,1.340909,1.568182
9369,1.386364,1.568182
9370,1.431818,1.568182
9371,1.477273,1.568182
9372,1.522727,1.568182
9373,1.568182,1.568182
9374,1.613636,1.568182
9375,1.659091,1.568182
9376,1.704545,1.568182
9377,1.750000,1.568182
9378,1.795455,1.568182
9379,1.840909,1.568182
9380,1.886364,1.568182
9381,1.931818,1.568182
9382,1.977273,1.568182
9383,2.022727,1.568182
9384,2.068182,1.568182
9385,2.113636,1.568182
9386,2.159091,1.568182
9387,2.204545,1.568182
9388,2.250000,1.568182
9389,2.295455,1.568182
9390,2.340909,1.568182
9391,2.386364,1.568182
9392,2.431818,1.568182
9393,2.477273,1.568182
9394,2.522727,1.568182
9395,2.568182,1.568182
9396,2.613636,1.568182
9397,2.659091,1.568182
9398,2.704545,1.568182
9399,2.750000,1.568182
9400,-1.750000,1.598485
9401,-1.704545,1.598485
9402,-1.659091,1.598485
9403,-1.613636,1.598485
9404,-1.568182,1.598485
9405,-1.522727,1.598485
9406,-1.477273,1.598485
9407,-1.431818,1.598485
9408,-1.386364,1.598485
9409,-1.340909,1.598485
9410,-1.295455,1.598485
9411,-1.250000,1.598485
9412,-1.204545,1.598485
9413,-1.159091,1.598485
9414,-1.113636,1.598485
9415,-1.068182,1.598485
9416,-1.022727,1.598485
9417,-0.977273,1.598485
9418,-0.931818,1.598485
9419,-0.886364,1.598485
9420,-0.840909,1.598485
9421,-0.795455,1.598485
9422,-0.750000,1.598485
9423,-0.704545,1.598485
9424,-0.659091,1.598485
9425,-0.613636,1.598485
9426,-0.568182,1.598485
9427,-0.522727,1.598485
9428,-0.477273,1.598485
9429,-0.431818,1.598485
9430,-0.386364,1.598485
9431,-0.340909,1.598485
9432,-0.295455,1.598485
9433,-0.250000,1.598485
9434,-0.204545,1.598485
9435,-0.159091,1.598485
9436,-0.113636,1.598485
9437,-0.068182,1.598485
9438,-0.022727,1.598485
9439,0.022727,1.598485
9440,0.068182,1.598485
9441,0.113636,1.598485
9442,0.159091,1.598485
9443,0.204545,1.598485
9444,0.250000,1.598485
9445,0.295455,1.598485
9446,0.340909,1.598485
9447,0.386364,1.598485
9448,0.431818,1.598485
9449,0.477273,1.598485
9450,0.522727,1.598485
9451,0.568182,1.598485
9452,0.613636,1.598485
9453,0.659091,1.598485
9454,0.704545,1.598485
9455,0.750000,1.598485
9456,0.795455,1.598485
9457,0.840909,1.598485
9458,0.886364,1.598485
9459,0.931818,1.598485
9460,0.977273,1.598485
9461,1.022727,1.598485
9462,1.068182,1.598485
9463,1.113636,1.598485
9464,1.159091,1.598485
9465,1.204545,1.598485
9466,1.250000,1.598485
9467,1.295455,1.598485
9468,1.340909,1.598485
9469,1.386364,1.598485
9470,1.431818,1.598485
9471,1.477273,1.598485
9472,1.522727,1.598485
9473,1.568182,1.598485
9474,1.613636,1.598485
9475,1.659091,1.598485
9476,1.704545,1.598485
9477,1.750000,1.598485
9478,1.795455,1.598485
9479,1.840909,1.598485
9480,1.886364,1.598485
9481,1.931818,1.598485
9482,1.977273,1.598485
9483,2.022727,1.598485
9484,2.068182,1.598485
9485,2.113636,1.598485
9486,2.159091,1.598485
9487,2.204545,1.598485
9488,2.250000,1.598485
9489,2.295455,1.598485
9490,2.340909,1.598485
9491,2.386364,1.598485
9492,2.431818,1.598485
9493,2.477273,1.598485
9494,2.522727,1.598485
9495,2.568182,1.598485
9496,2.613636,1.598485
9497,2.659091,1.598485
9498,2.704545,1.598485
9499,2.750000,1.598485
9500,-1.750000,1.628788
9501,-1.704545,1.628788
9502,-1.659091,1.628788
9503,-1.613636,1.628788
9504,-1.568182,1.628788
9505,-1.522727,1.628788
9506,-1.477273,1.628788
9507,-1.431818,1.628788
9508,-1.386364,1.628788
9509,-1.340909,1.628788
9510,-1.295455,1.628788
9511,-1.250000,1.628788
9512,-1.204545,1.628788
9513,-1.159091,1.628788
9514,-1.113636,1.628788
9515,-1.068182,1.628788
9516,-1.022727,1.628788
9517,-0.977273,1.628788
9518,-0.931818,1.628788
9519,-0.886364,1.628788
9520,-0.840909,1.628788
9521,-0.795455,1.628788
9522,-0.750000,1.628788
9523,-0.704545,1.628788
9524,-0.659091,1.628788
9525,-0.613636,1.628788
9526,-0.568182,1.628788
9527,-0.522727,1.628788
9528,-0.477273,1.628788
9529,-0.431818,1.628788
9530,-0.386364,1.628788
9531,-0.340909,1.628788
9532,-0.295455,1.628788
9533,-0.250000,1.628788
9534,-0.204545,1.628788
9535,-0.159091,1.628788
9536,-0.113636,1.628788
9537,-0.068182,1.628788
9538,-0.022727,1.628788
9539,0.022727,1.628788
9540,0.068182,1.628788
9541,0.113636,1.628788
9542,0.159091,1.628788
9543,0.204545,1.628788
9544,0.250000,1.628788
9545,0.295455,1.628788
9546,0.340909,1.628788
9547,0.386364,1.628788
9548,0.431818,1.628788
9549,0.477273,1.628788
9550,0.522727,1.628788
9551,0.568182,1.628788
9552,0.613636,1.628788
9553,0.659091,1.628788
9554,0.704545,1.628788
9555,0.750000,1.628788
9556,0.795455,1.628788
9557,0.840909,1.628788
9558,0.886364,1.628788
9559,0.931818,1.628788
9560,0.977273,1.628788
9561,1.022727,1.628788
9562,1.068182,1.628788
9563,1.113636,1.628788
9564,1.159091,1.628788
9565,1.204545,1.628788
9566,1.250000,1.628788
9567,1.295455,1.628788
9568,1.340909,1.628788
9569,1.386364,1.628788
9570,1.431818,1.628788
9571,1.477273,1.628788
9572,1.522727,1.628788
9573,1.568182,1.628788
9574,1.613636,1.628788
9575,1.659091,1.628788
9576,1.704545,1.628788
9577,1.750000,1.628788
9578,1.795455,1.628788
9579,1.840909,1.628788
9580,1.886364,1.628788
9581,1.931818,1.628788
9582,1.977273,1.628788
9583,2.022727,1.628788
9584,2.068182,1.628788
9585,2.113636,1.628788
9586,2.159091,1.628788
9587,2.204545,1.628788
9588,2.250000,1.628788
9589,2.295455,1.628788
9590,2.340909,1.628788
9591,2.386364,1.628788
9592,2.431818,1.628788
9593,2.477273,1.628788
9594,2.522727,1.628788
9595,2.568182,1.628788
9596,2.613636,1.628788
9597,2.659091,1.628788
9598,2.704545,1.628788
9599,2.750000,1.628788
9600,-1.750000,1.659091
9601,-1.704545,1.659091
9602,-1.659091,1.659091
9603,-1.613636,1.659091
9604,-1.568182,1.659091
9605,-1.522727,1.659091
9606,-1.477273,1.659091
9607,-1.431818,1.659091
9608,-1.386364,1.659091
9609,-1.340909,1.659091
9610,-1.295455,1.659091
9611,-1.250000,1.659091
9612,-1.204545,1.659091
9613,-1.159091,1.659091
9614,-1.113636,1.659091
9615,-1.068182,1.659091
9616,-1.022727,1.659091
9617,-0.977273,1.659091
9618,-0.931818,1.659091
9619,-0.886364,1.659091
9620,-0.840909,1.659091
9621,-0.795455,1.659091
9622,-0.750000,1.659091
9623,-0.704545,1.659091
9624,-0.659091,1.659091
9625,-0.613636,1.659091
9626,-0.568182,1.659091
9627,-0.522727,1.659091
9628,-0.477273,1.659091
9629,-0.431818,1.659091
9630,-0.386364,1.659091
9631,-0.340909,1.659091
9632,-0.295455,1.659091
9633,-0.250000,1.659091
9634,-0.204545,1.659091
9635,-0.159091,1.659091
9636,-0.113636,1.659091
9637,-0.068182,1.659091
9638,-0.022727,1.659091
9639,0.022727,1.659091
9640,0.068182,1.659091
9641,0.113636,1.659091
9642,0.159091,1.659091
9643,0.204545,1.659091
9644,0.250000,1.659091
9645,0.295455,1.659091
9646,0.340909,1.659091
9647,0.386364,1.659091
9648,0.431818,1.659091
9649,0.477273,1.659091
9650,0.522727,1.659091
9651,0.568182,1.659091
9652,0.613636,1.659091
9653,0.659091,1.659091
9654,0.704545,1.659091
9655,0.750000,1.659091
9656,0.795455,1.659091
9657,0.840909,1.659091
9658,0.886364,1.659091
9659,0.931818,1.659091
9660,0.977273,1.659091
9661,1.022727,1.659091
9662,1.068182,1.659091
9663,1.113636,1.659091
9664,1.159091,1.659091
9665,1.204545,1.659091
9666,1.250000,1.659091
9667,1.295455,1.659091
9668,1.340909,1.659091
9669,1.386364,1.659091
9670,1.431818,1.659091
9671,1.477273,1.659091
9672,1.522727,1.659091
9673,1.568182,1.659091
9674,1.613636,1.659091
9675,1.659091,1.659091
9676,1.704545,1.659091
9677,1.750000,1.659091
9678,1.795455,1.659091
9679,1.840909,1.659091
9680,1.886364,1.659091
9681,1.931818,1.659091
9682,1.977273,1.659091
9683,2.022727,1.659091
9684,2.068182,1.659091
9685,2.113636,1.659091
9686,2.159091,1.659091
9687,2.204545,1.659091
9688,2.250000,1.659091
9689,2.295455,1.659091
9690,2.340909,1.659091
9691,2.386364,1.659091
9692,2.431818,1.659091
9693,2.477273,1.659091
9694,2.522727,1.659091
9695,2.568182,1.659091
9696,2.613636,1.659091
9697,2.659091,1.659091
9698,2.704545,1.659091
9699,2.750000,1.659091
9700,-1.750000,1.689394
9701,-1.704545,1.689394
9702,-1.659091,1.689394
9703,-1.613636,1.689394
9704,-1.568182,1.689394
9705,-1.522727,1.689394
9706,-1.477273,1.689394
9707,-1.431818,1.689394
9708,-1.386364,1.689394
9709,-1.340909,1.689394
9710,-1.295455,1.689394
9711,-1.250000,1.689394
9712,-1.204545,1.689394
9713,-1.159091,1.689394
9714,-1.113636,1.689394
9715,-1.068182,1.689394
9716,-1.022727,1.689394
9717,-0.977273,1.689394
9718,-0.931818,1.689394
9719,-0.886364,1.689394
9720,-0.840909,1.689394
9721,-0.795455,1.689394
9722,-0.750000,1.689394
9723,-0.704545,1.689394
9724,-0.659091,1.689394
9725,-0.613636,1.689394
9726,-0.568182,1.689394
9727,-0.522727,1.689394
9728,-0.477273,1.689394
9729,-0.431818,1.689394
9730,-0.386364,1.689394
9731,-0.340909,1.689394
9732,-0.295455,1.689394
9733,-0.250000,1.689394
9734,-0.204545,1.689394
9735,-0.159091,1.689394
9736,-0.113636,1.689394
9737,-0.068182,1.689394
9738,-0.022727,1.689394
9739,0.022727,1.689394
9740,0.068182,1.689394
9741,0.113636,1.689394
9742,0.159091,1.689394
9743,0.204545,1.689394
9744,0.250000,1.689394
9745,0.295455,1.689394
9746,0.340909,1.689394
9747,0.386364,1.689394
9748,0.431818,1.689394
9749,0.477273,1.689394
9750,0.522727,1.689394
9751,0.568182,1.689394
9752,0.613636,1.689394
9753,0.659091,1.689394
9754,0.704545,1.689394
9755,0.750000,1.689394
9756,0.795455,1.689394
9757,0.840909,1.689394
9758,0.886364,1.689394
9759,0.931818,1.689394
9760,0.977273,1.689394
9761,1.022727,1.689394
9762,1.068182,1.689394
9763,1.113636,1.689394
9764,1.159091,1.689394
9765,1.204545,1.689394
9766,1.250000,1.689394
9767,1.295455,1.689394
9768,1.340909,1.689394
9769,1.386364,1.689394
9770,1.431818,1.689394
9771,1.477273,1.689394
9772,1.522727,1.689394
9773,1.568182,1.689394
9774,1.613636,1.689394
9775,1.659091,1.689394
9776,1.704545,1.689394
9777,1.750000,1.689394
9778,1.795455,1.689394
9779,1.840909,1.689394
9780,1.886364,1.689394
9781,1.931818,1.689394
9782,1.977273,1.689394
9783,2.022727,1.689394
9784,2.068182,1.689394
9785,2.113636,1.689394
9786,2.159091,1.689394
9787,2.204545,1.689394
9788,2.250000,1.689394
9789,2.295455,1.689394
9790,2.340909,1.689394
9791,2.386364,1.689394
9792,2.431818,1.689394
9793,2.477273,1.689394
9794,2.522727,1.689394
9795,2.568182,1.689394
9796,2.613636,1.689394
9797,2.659091,1.689394
9798,2.704545,1.689394
9799,2.750000,1.689394
9800,-1.750000,1.719697
9801,-1.704545,1.719697
9802,-1.659091,1.719697
9803,-1.613636,1.719697
9804,-1.568182,1.719697
9805,-1.522727,1.719697
9806,-1.477273,1.719697
9807,-1.431818,1.719697
9808,-1.386364,1.719697
9809,-1.340909,1.719697
9810,-1.295455,1.719697
9811,-1.250000,1.719697
9812,-1.204545,1.719697
9813,-1.159091,1.719697
9814,-1.113636,1.719697
9815,-1.068182,1.719697
9816,-1.022727,1.719697
9817,-0.977273,1.719697
9818,-0.931818,1.719697
9819,-0.886364,1.719697
9820,-0.840909,1.719697
9821,-0.795455,1.719697
9822,-0.750000,1.719697
9823,-0.704545,1.719697
9824,-0.659091,1.719697
9825,-0.613636,1.719697
9826,-0.568182,1.719697
9827,-0.522727,1.719697
9828,-0.477273,1.719697
9829,-0.431818,1.719697
9830,-0.386364,1.719697
9831,-0.340909,1.719697
9832,-0.295455,1.719697
9833,-0.250000,1.719697
9834,-0.204545,1.719697
9835,-0.159091,1.719697
9836,-0.113636,1.719697
9837,-0.068182,1.719697
9838,-0.022727,1.719697
9839,0.022727,1.719697
9840,0.068182,1.719697
9841,0.113636,1.719697
9842,0.159091,1.719697
9843,0.204545,1.719697
9844,0.250000,1.719697
9845,0.295455,1.719697
9846,0.340909,1.719697
9847,0.386364,1.719697
9848,0.431818,1.719697
9849,0.477273,1.719697
9850,0.522727,1.719697
9851,0.568182,1.719697
9852,0.613636,1.719697
9853,0.659091,1.719697
9854,0.704545,1.719697
9855,0.750000,1.719697
9856,0.795455,1.719697
9857,0.840909,1.719697
9858,0.886364,1.719697
9859,0.931818,1.719697
9860,0.977273,1.719697
9861,1.022727,1.719697
9862,1.068182,1.719697
9863,1.113636,1.719697
9864,1.159091,1.719697
9865,1.204545,1.719697
9866,1.250000,1.719697
9867,1.295455,1.719697
9868,1.340909,1.719697
9869,1.386364,1.719697
9870,1.431818,1.719697
9871,1.477273,1.719697
9872,1.522727,1.719697
9873,1.568182,1.719697
9874,1.613636,1.719697
9875,1.659091,1.719697
9876,1.704545,1.719697
9877,1.750000,1.719697
9878,1.795455,1.719697
9879,1.840909,1.719697
9880,1.886364,1.719697
9881,1.931818,1.719697
9882,1.977273,1.719697
9883,2.022727,1.719697
9884,2.068182,1.719697
9885,2.113636,1.719697
9886,2.159091,1.719697
9887,2.204545,1.719697
9888,2.250000,1.719697
9889,2.295455,1.719697
9890,2.340909,1.719697
9891,2.386364,1.719697
9892,2.431818,1.719697
9893,2.477273,1.719697
9894,2.522727,1.719697
9895,2.568182,1.719697
9896,2.613636,1.719697
9897,2.659091,1.719697
9898,2.704545,1.719697
9899,2.750000,1.719697
9900,-1.750000,1.750000
9901,-1.704545,1.750000
9902,-1.659091,1.750000
9903,-1.613636,1.750000
9904,-1.568182,1.750000
9905,-1.522727,1.750000
9906,-1.477273,1.750000
9907,-1.431818,1.750000
9908,-1.386364,1.750000
9909,-1.340909,1.750000
9910,-1.295455,1.750000
9911,-1.250000,1.750000
9912,-1.204545,1.750000
9913,-1.159091,1.750000
9914,-1.113636,1.750000
9915,-1.068182,1.750000
9916,-1.022727,1.750000
9917,-0.977273,1.750000
9918,-0.931818,1.750000
9919,-0.886364,1.750000
9920,-0.840909,1.750000
9921,-0.795455,1.750000
9922,-0.750000,1.750000
9923,-0.704545,1.750000
9924,-0.659091,1.750000
9925,-0.613636,1.750000
9926,-0.568182,1.750000
9927,-0.522727,1.750000
9928,-0.477273,1.750000
9929,-0.431818,1.750000
9930,-0.386364,1.750000
9931,-0.340909,1.750000
9932,-0.295455,1.750000
9933,-0.250000,1.750000
9934,-0.204545,1.750000
9935,-0.159091,1.750000
9936,-0.113636,1.750000
9937,-0.068182,1.750000
9938,-0.022727,1.750000
9939,0.022727,1.750000
9940,0.068182,1.750000
9941,0.113636,1.750000
9942,0.159091,1.750000
9943,0.204545,1.750000
9944,0.250000,1.750000
9945,0.295455,1.750000
9946,0.340909,1.750000
9947,0.386364,1.750000
9948,0.431818,1.750000
9949,0.477273,1.750000
9950,0.522727,1.750000
9951,0.568182,1.750000
9952,0.613636,1.750000
9953,0.659091,1.750000
9954,0.704545,1.750000
9955,0.750000,1.750000
9956,0.795455,1.750000
9957,0.840909,1.750000
9958,0.886364,1.750000
9959,0.931818,1.750000
9960,0.977273,1.750000
9961,1.022727,1.750000
9962,1.068182,1.750000
9963,1.113636,1.750000
9964,1.159091,1.750000
9965,1.204545,1.750000
9966,1.250000,1.750000
9967,1.295455,1.750000
9968,1.340909,1.750000
9969,1.386364,1.750000
9970,1.431818,1.750000
9971,1.477273,1.750000
9972,1.522727,1.750000
9973,1.568182,1.750000
9974,1.613636,1.750000
9975,1.659091,1.750000
9976,1.704545,1.750000
9977,1.750000,1.750000
9978,1.795455,1.750000
9979,1.840909,1.750000
9980,1.886364,1.750000
9981,1.931818,1.750000
9982,1.977273,1.750000
9983,2.022727,1.750000
9984,2.068182,1.750000
9985,2.113636,1.750000
9986,2.159091,1.750000
9987,2.204545,1.750000
9988,2.250000,1.750000
9989,2.295455,1.750000
9990,2.340909,1.750000
9991,2.386364,1.750000
9992,2.431818,1.750000
9993,2.477273,1.750000
9994,2.522727,1.750000
9995,2.568182,1.750000
9996,2.613636,1.750000
9997,2.659091,1.750000
9998,2.704545,1.750000
9999,2.750000,1.750000
